GAME_ID,GAME_DATE,TEAM_ID_HOME,TEAM_ABBREVIATION_HOME,PTS_5G_AVG_HOME,FG_PCT_5G_AVG_HOME,FG3_PCT_5G_AVG_HOME,FT_PCT_5G_AVG_HOME,REB_5G_AVG_HOME,AST_5G_AVG_HOME,TOV_5G_AVG_HOME,PLUS_MINUS_5G_AVG_HOME,WIN_5G_AVG_HOME,GAME_DATE_AWAY,TEAM_ID_AWAY,TEAM_ABBREVIATION_AWAY,PTS_5G_AVG_AWAY,FG_PCT_5G_AVG_AWAY,FG3_PCT_5G_AVG_AWAY,FT_PCT_5G_AVG_AWAY,REB_5G_AVG_AWAY,AST_5G_AVG_AWAY,TOV_5G_AVG_AWAY,PLUS_MINUS_5G_AVG_AWAY,WIN_5G_AVG_AWAY,TARGET_WIN_HOME,TARGET_PLUS_MINUS_HOME
12300028,2023-10-12,1610612737,ATL,108.0,0.435,0.293,0.88,50.0,22.0,20.0,1.0,1.0,2023-10-12,1610612763,MEM,117.5,0.441,0.25,0.839,48.0,27.0,16.0,5.5,1.0,1,1.0
12300035,2023-10-14,1610612737,ATL,105.5,0.4375,0.33699999999999997,0.7315,45.5,25.5,20.0,1.0,1.0,2023-10-14,1610612740,NOP,96.0,0.39849999999999997,0.293,0.661,45.0,20.5,21.0,-25.0,0.0,1,5.0
22300079,2023-10-27,1610612737,ATL,108.2,0.4528,0.316,0.7342000000000001,43.6,26.2,19.0,-3.6,0.4,2023-10-27,1610612752,NYK,109.2,0.433,0.373,0.6768,42.8,22.8,13.2,-9.0,0.2,0,-6.0
22300104,2023-10-30,1610612737,ATL,115.0,0.46699999999999997,0.35300000000000004,0.7712000000000001,44.2,26.8,16.8,-2.6,0.2,2023-10-30,1610612750,MIN,114.6,0.4868,0.3764,0.7807999999999999,47.4,30.6,16.0,11.6,0.8,1,14.0
22300117,2023-11-01,1610612737,ATL,118.0,0.4822,0.354,0.8118000000000001,42.4,28.4,15.2,1.0,0.4,2023-11-01,1610612764,WAS,113.8,0.4434,0.346,0.7888,43.8,25.2,12.6,-9.2,0.4,1,9.0
22300175,2023-11-11,1610612737,ATL,123.4,0.47939999999999994,0.3614,0.8506,48.0,26.2,14.4,6.6,0.8,2023-11-11,1610612748,MIA,111.2,0.4854,0.38439999999999996,0.8608,42.2,27.2,17.0,0.4,0.6,0,-8.0
22300193,2023-11-15,1610612737,ATL,119.0,0.4586,0.3628,0.8318000000000001,47.2,25.6,15.6,1.6,0.6,2023-11-15,1610612752,NYK,113.8,0.45600000000000007,0.3882,0.7522,45.6,23.2,9.8,7.2,0.6,0,-2.0
22300029,2023-11-17,1610612737,ATL,117.2,0.47120000000000006,0.372,0.8272,42.8,25.6,16.4,-2.4,0.4,2023-11-17,1610612755,PHI,118.0,0.46559999999999996,0.32999999999999996,0.8720000000000001,47.0,22.2,11.2,1.2,0.6,0,-10.0
22300039,2023-11-21,1610612737,ATL,117.0,0.4864,0.3782,0.8184000000000001,38.8,25.0,16.0,-2.6,0.4,2023-11-21,1610612754,IND,126.8,0.4946,0.35059999999999997,0.8126,39.8,28.0,11.8,0.2,0.6,0,-5.0
22300227,2023-11-22,1610612737,ATL,123.4,0.51,0.39799999999999996,0.8291999999999999,39.4,26.2,15.6,-3.8,0.2,2023-11-22,1610612751,BKN,109.4,0.4612,0.38380000000000003,0.7734,48.2,24.6,14.4,-3.0,0.4,1,2.0
22301209,2023-12-06,1610612737,ATL,120.4,0.4444,0.39159999999999995,0.7746,42.6,22.4,11.0,-2.8,0.4,2023-12-06,1610612751,BKN,120.4,0.48860000000000003,0.4008,0.7716000000000001,49.8,26.8,11.0,12.6,0.8,0,-1.0
22300296,2023-12-11,1610612737,ATL,118.0,0.4288,0.358,0.8779999999999999,45.0,22.6,11.2,-8.8,0.2,2023-12-11,1610612743,DEN,115.6,0.4816,0.36019999999999996,0.7188,42.4,32.2,8.6,-1.0,0.4,0,-7.0
22300352,2023-12-18,1610612737,ATL,121.6,0.46579999999999994,0.39299999999999996,0.8598000000000001,44.2,26.4,10.6,-2.4,0.2,2023-12-18,1610612765,DET,106.2,0.4598,0.25039999999999996,0.7742,36.2,22.2,13.4,-24.4,0.0,1,6.0
22300393,2023-12-23,1610612737,ATL,124.2,0.4984,0.4056,0.8126,43.2,28.0,12.4,3.4,0.6,2023-12-23,1610612763,MEM,105.6,0.43879999999999997,0.33399999999999996,0.7512,43.0,23.0,17.0,-4.8,0.4,0,-6.0
22300431,2023-12-29,1610612737,ATL,121.8,0.485,0.3624,0.8013999999999999,41.6,27.4,12.8,-1.4,0.4,2023-12-29,1610612758,SAC,118.6,0.4904,0.3336,0.727,39.2,28.8,9.4,-5.4,0.4,0,-7.0
22300467,2024-01-03,1610612737,ATL,117.0,0.4514,0.3334,0.772,46.6,27.4,13.0,-4.6,0.2,2024-01-03,1610612760,OKC,125.6,0.5446,0.4476,0.8177999999999999,38.2,29.8,9.8,15.6,1.0,1,3.0
22300521,2024-01-10,1610612737,ATL,121.4,0.4572,0.3242,0.7762,49.4,25.6,12.8,-8.2,0.4,2024-01-10,1610612755,PHI,106.8,0.43999999999999995,0.2892,0.7738,36.2,25.2,10.8,-8.6,0.4,1,7.0
22300533,2024-01-12,1610612737,ATL,127.2,0.4726,0.325,0.7558,50.2,26.2,12.2,-5.4,0.6,2024-01-12,1610612754,IND,127.6,0.516,0.3744,0.8356,42.8,33.4,11.8,7.8,0.8,0,-18.0
22300543,2024-01-13,1610612737,ATL,122.8,0.46340000000000003,0.3234,0.7737999999999999,44.2,25.8,12.6,-9.8,0.4,2024-01-13,1610612764,WAS,105.6,0.446,0.3378,0.6699999999999999,39.2,26.0,14.2,-19.0,0.0,0,-28.0
22300559,2024-01-15,1610612737,ATL,114.4,0.4312,0.3066,0.7314,44.4,24.0,13.2,-16.0,0.2,2024-01-15,1610612759,SAS,123.4,0.48199999999999993,0.38520000000000004,0.8524,44.0,29.2,9.8,9.2,0.4,1,10.0
22300570,2024-01-17,1610612737,ATL,113.0,0.4311999999999999,0.3274,0.7103999999999999,48.0,24.6,13.6,-7.2,0.4,2024-01-17,1610612753,ORL,100.6,0.43019999999999997,0.30019999999999997,0.6277999999999999,47.4,23.6,11.2,-5.0,0.4,1,2.0
22300595,2024-01-20,1610612737,ATL,106.2,0.4391999999999999,0.3466,0.7922,42.8,22.8,16.0,-6.6,0.6,2024-01-20,1610612739,CLE,117.2,0.48260000000000003,0.38639999999999997,0.7769999999999999,49.2,27.6,14.2,18.6,1.0,0,-21.0
22300634,2024-01-26,1610612737,ATL,105.8,0.4346,0.3428,0.7894,43.8,23.6,13.8,-11.0,0.4,2024-01-26,1610612742,DAL,112.4,0.45519999999999994,0.36100000000000004,0.7764,40.0,24.4,12.4,-10.8,0.2,0,-5.0
22300653,2024-01-28,1610612737,ATL,113.2,0.4372,0.367,0.781,42.8,25.8,10.6,-12.4,0.2,2024-01-28,1610612761,TOR,107.6,0.4662,0.3298,0.7048,41.2,30.2,12.4,-7.2,0.2,1,1.0
22300669,2024-01-30,1610612737,ATL,116.6,0.4378,0.3256,0.7762,45.4,26.6,10.8,-12.4,0.2,2024-01-30,1610612747,LAL,131.0,0.5250000000000001,0.41740000000000005,0.7724,41.2,29.8,14.0,1.4,0.6,1,16.0
22300690,2024-02-02,1610612737,ATL,125.2,0.46319999999999995,0.352,0.8206,45.6,28.0,11.0,-5.0,0.4,2024-02-02,1610612756,PHX,123.0,0.5688000000000001,0.3962,0.7285999999999999,43.0,27.6,15.8,7.0,0.6,1,9.0
22300699,2024-02-03,1610612737,ATL,129.6,0.48900000000000005,0.3592,0.8206,44.2,30.0,10.4,-0.2,0.6,2024-02-03,1610612744,GSW,130.2,0.5382,0.4426,0.7822,44.0,31.4,14.0,10.4,0.6,1,7.0
22300716,2024-02-05,1610612737,ATL,135.4,0.5024,0.3592,0.8214,46.6,29.4,10.0,5.6,0.8,2024-02-05,1610612746,LAC,117.4,0.4848,0.37340000000000007,0.8306000000000001,46.2,27.0,10.2,8.8,0.8,0,-5.0
22300754,2024-02-10,1610612737,ATL,131.6,0.4952,0.39719999999999994,0.8168,45.6,29.2,10.0,1.8,0.6,2024-02-10,1610612745,HOU,111.4,0.4614000000000001,0.37160000000000004,0.7968,43.0,23.4,13.2,-1.8,0.2,1,9.0
22300763,2024-02-12,1610612737,ATL,130.2,0.483,0.3882,0.8126000000000001,45.2,28.4,10.4,1.8,0.6,2024-02-12,1610612741,CHI,117.4,0.4882000000000001,0.3778,0.8206,45.6,24.2,12.2,1.4,0.6,0,-10.0
22300804,2024-02-23,1610612737,ATL,118.2,0.45360000000000006,0.333,0.8406,44.8,27.2,12.0,-5.2,0.4,2024-02-23,1610612761,TOR,109.4,0.4438000000000001,0.3068,0.7936,45.8,25.0,13.2,-3.6,0.4,0,-2.0
22300821,2024-02-25,1610612737,ATL,119.0,0.45599999999999996,0.33120000000000005,0.8021999999999998,45.8,27.8,12.0,-4.0,0.4,2024-02-25,1610612753,ORL,114.6,0.5109999999999999,0.43220000000000003,0.7992,41.8,25.6,13.2,4.0,0.8,1,17.0
22300835,2024-02-27,1610612737,ATL,115.4,0.4434,0.32520000000000004,0.8150000000000001,46.6,27.8,11.2,-1.8,0.4,2024-02-27,1610612762,UTA,120.2,0.4668,0.36419999999999997,0.8606,45.6,29.4,16.4,-6.0,0.2,1,27.0
22300895,2024-03-06,1610612737,ATL,109.6,0.4624,0.3444,0.7976,46.2,25.0,12.4,4.2,0.6,2024-03-06,1610612739,CLE,111.4,0.4484,0.44159999999999994,0.6358,44.0,31.2,12.2,-1.0,0.6,1,11.0
22300925,2024-03-10,1610612737,ATL,105.2,0.4596,0.3458,0.7305999999999999,44.2,23.0,11.8,-1.0,0.6,2024-03-10,1610612740,NOP,120.0,0.4958,0.4444,0.8238,48.2,26.8,12.8,18.0,0.8,0,-13.0
22301021,2024-03-23,1610612737,ATL,110.8,0.44699999999999995,0.387,0.7836000000000001,40.4,28.4,10.8,-6.6,0.2,2024-03-23,1610612766,CHA,98.6,0.44539999999999996,0.2962,0.737,38.6,22.6,13.8,-9.4,0.2,1,41.0
22301034,2024-03-25,1610612737,ATL,116.8,0.4718,0.4104,0.8215999999999999,41.4,32.6,9.6,2.4,0.4,2024-03-25,1610612738,BOS,124.8,0.49160000000000004,0.4346,0.8186,41.8,28.8,10.2,18.4,1.0,1,2.0
22301051,2024-03-27,1610612737,ATL,116.4,0.48840000000000006,0.40780000000000005,0.791,42.0,32.2,10.4,3.2,0.6,2024-03-27,1610612757,POR,106.0,0.45920000000000005,0.33199999999999996,0.7552,42.2,22.4,14.2,-9.0,0.0,1,14.0
22301060,2024-03-28,1610612737,ATL,118.4,0.4944,0.38580000000000003,0.7676000000000001,41.2,30.4,10.8,2.6,0.6,2024-03-28,1610612738,BOS,122.4,0.4918,0.39640000000000003,0.7888,40.8,27.0,8.8,12.8,0.8,1,1.0
22301076,2024-03-30,1610612737,ATL,122.0,0.5066,0.41,0.7276,43.4,28.8,11.2,9.0,0.8,2024-03-30,1610612749,MIL,115.2,0.48339999999999994,0.3706,0.708,49.0,27.6,13.6,3.6,0.4,0,-9.0
22301104,2024-04-03,1610612737,ATL,117.8,0.49879999999999997,0.42119999999999996,0.6976,44.4,26.0,13.0,4.0,0.8,2024-04-03,1610612765,DET,99.0,0.4192,0.2972,0.8282,42.4,19.6,13.4,-9.2,0.2,1,8.0
22301147,2024-04-09,1610612737,ATL,110.4,0.4652,0.3766,0.7323999999999999,45.2,28.0,15.6,-7.0,0.4,2024-04-09,1610612748,MIA,113.4,0.4706,0.359,0.8904,43.8,23.6,12.2,6.2,0.6,0,-6.0
22301159,2024-04-10,1610612737,ATL,110.0,0.45339999999999997,0.34,0.7230000000000001,49.2,28.8,16.4,-6.4,0.4,2024-04-10,1610612766,CHA,107.2,0.48760000000000003,0.35,0.8277999999999999,37.4,26.4,12.4,-7.4,0.2,0,-1.0
12300051,2023-10-17,1610612738,BOS,111.0,0.4453333333333333,0.3273333333333333,0.8079999999999999,48.666666666666664,20.666666666666668,16.666666666666668,4.0,0.6666666666666666,2023-10-17,1610612752,NYK,113.0,0.4635,0.3355,0.7625,39.0,22.5,14.0,-1.5,0.5,1,13.0
22300080,2023-10-27,1610612738,BOS,115.4,0.466,0.335,0.7904,48.8,24.2,15.0,9.8,0.8,2023-10-27,1610612748,MIA,109.4,0.4556,0.3372,0.7958000000000001,47.4,24.8,16.0,-3.2,0.4,1,8.0
22300118,2023-11-01,1610612738,BOS,120.6,0.4806,0.3658,0.7382000000000001,50.6,25.8,14.6,14.4,1.0,2023-11-01,1610612754,IND,119.6,0.47000000000000003,0.374,0.829,47.4,32.4,14.0,7.4,0.8,1,51.0
22300010,2023-11-10,1610612738,BOS,123.4,0.4666,0.3726,0.8273999999999999,49.2,25.6,13.4,14.4,0.6,2023-11-10,1610612751,BKN,111.4,0.4452,0.3786,0.734,44.6,25.0,10.6,-0.2,0.6,1,14.0
22300174,2023-11-11,1610612738,BOS,122.4,0.45380000000000004,0.374,0.8273999999999999,49.4,25.2,11.4,13.4,0.6,2023-11-11,1610612761,TOR,114.0,0.4788,0.31839999999999996,0.7256,47.0,28.0,14.2,2.8,0.6,1,23.0
22300188,2023-11-13,1610612738,BOS,114.8,0.44960000000000006,0.328,0.7575999999999999,47.2,25.8,11.6,7.8,0.6,2023-11-13,1610612752,NYK,112.0,0.442,0.3358,0.744,48.2,23.4,10.8,9.2,0.6,1,16.0
22300228,2023-11-22,1610612738,BOS,111.8,0.46559999999999996,0.37139999999999995,0.8118000000000001,43.8,23.6,12.0,5.6,0.8,2023-11-22,1610612749,MIL,130.0,0.5294000000000001,0.41559999999999997,0.805,47.8,28.4,12.0,15.2,1.0,1,3.0
22300246,2023-11-26,1610612738,BOS,108.6,0.4554,0.3402,0.7772,42.2,22.4,13.8,-2.4,0.6,2023-11-26,1610612737,ATL,133.0,0.5092000000000001,0.4176,0.8042,43.0,26.6,13.2,2.6,0.4,1,10.0
22300053,2023-11-28,1610612738,BOS,109.6,0.4524,0.32599999999999996,0.7594,45.0,21.4,14.2,-1.0,0.6,2023-11-28,1610612741,CHI,104.2,0.45620000000000005,0.37160000000000004,0.8160000000000001,39.0,21.6,11.2,-9.8,0.2,1,27.0
22300275,2023-12-01,1610612738,BOS,114.0,0.46580000000000005,0.3344,0.7494,46.4,24.6,14.0,4.0,0.6,2023-12-01,1610612755,PHI,119.4,0.458,0.3528,0.8362,43.8,26.2,13.2,4.4,0.4,1,6.0
22301227,2023-12-08,1610612738,BOS,114.0,0.4704,0.345,0.7615999999999999,48.6,25.8,15.8,3.2,0.6,2023-12-08,1610612752,NYK,117.4,0.4758,0.3894,0.805,42.4,24.2,12.2,3.2,0.6,1,10.0
22300305,2023-12-12,1610612738,BOS,121.4,0.49420000000000003,0.3776,0.787,49.2,27.2,14.4,8.6,0.8,2023-12-12,1610612739,CLE,106.2,0.45380000000000004,0.3114,0.7658,44.4,23.0,14.0,2.6,0.6,1,7.0
22300319,2023-12-14,1610612738,BOS,122.8,0.4962,0.404,0.827,46.6,27.0,14.6,8.0,0.8,2023-12-14,1610612739,CLE,109.8,0.46399999999999997,0.352,0.6992,44.4,23.4,13.0,2.8,0.6,1,9.0
22300329,2023-12-15,1610612738,BOS,121.2,0.493,0.39039999999999997,0.8469999999999999,45.0,24.2,14.0,4.4,0.8,2023-12-15,1610612753,ORL,113.8,0.48360000000000003,0.2876,0.7764,41.0,25.8,11.4,1.8,0.6,1,17.0
22300344,2023-12-17,1610612738,BOS,121.8,0.4962,0.3792,0.8148,42.6,25.4,12.0,6.6,0.8,2023-12-17,1610612753,ORL,110.0,0.4768,0.2902,0.7632000000000001,41.2,23.8,12.8,-2.6,0.4,1,17.0
22300421,2023-12-28,1610612738,BOS,131.0,0.4932,0.41419999999999996,0.8252,51.0,29.0,9.6,16.8,0.8,2023-12-28,1610612765,DET,115.2,0.47940000000000005,0.3404,0.774,40.2,23.6,13.4,-12.6,0.0,1,6.0
22300432,2023-12-29,1610612738,BOS,133.8,0.49539999999999995,0.3762,0.8182,48.6,30.4,9.2,14.6,0.8,2023-12-29,1610612761,TOR,116.0,0.4976,0.3366,0.7786,46.0,32.8,13.6,3.8,0.4,1,2.0
22300479,2024-01-05,1610612738,BOS,126.2,0.4946,0.352,0.8082,48.6,29.4,12.0,9.6,0.8,2024-01-05,1610612762,UTA,126.6,0.4812,0.3442,0.8642,46.8,31.0,13.2,11.2,0.8,1,29.0
22300517,2024-01-10,1610612738,BOS,126.4,0.492,0.39099999999999996,0.7356,51.6,27.6,13.6,14.6,0.6,2024-01-10,1610612750,MIN,111.0,0.48439999999999994,0.3714,0.7632,42.6,26.4,13.8,4.8,0.4,1,7.0
22300542,2024-01-13,1610612738,BOS,120.8,0.4546,0.37679999999999997,0.7756,46.2,23.8,11.6,3.6,0.6,2024-01-13,1610612745,HOU,110.2,0.437,0.32180000000000003,0.79,43.4,22.0,12.0,-6.6,0.4,1,32.0
22300571,2024-01-17,1610612738,BOS,122.0,0.45359999999999995,0.4136,0.8342,44.4,23.0,10.4,2.6,0.6,2024-01-17,1610612759,SAS,119.0,0.4652,0.36760000000000004,0.8172,44.4,28.4,11.0,8.0,0.4,1,19.0
22300586,2024-01-19,1610612738,BOS,119.2,0.4426,0.4112,0.8539999999999999,46.8,22.2,9.8,6.8,0.8,2024-01-19,1610612743,DEN,121.0,0.5509999999999999,0.4204,0.7746000000000001,41.2,29.0,14.8,3.8,0.6,0,-2.0
22300646,2024-01-27,1610612738,BOS,119.0,0.48739999999999994,0.406,0.7816,47.6,27.2,9.4,13.6,0.8,2024-01-27,1610612746,LAC,122.4,0.5152,0.44020000000000004,0.8026,40.8,29.2,10.8,9.8,0.8,0,-19.0
22300659,2024-01-29,1610612738,BOS,114.8,0.466,0.3612,0.7988,47.2,27.0,9.2,6.0,0.6,2024-01-29,1610612740,NOP,118.8,0.4758,0.3822,0.7448,46.6,28.8,13.2,-2.6,0.4,1,6.0
22300670,2024-01-30,1610612738,BOS,118.4,0.48179999999999995,0.37160000000000004,0.806,47.6,28.2,11.0,7.6,0.8,2024-01-30,1610612754,IND,120.4,0.5042,0.35960000000000003,0.7532,45.0,30.4,12.8,1.6,0.6,1,5.0
22300684,2024-02-01,1610612738,BOS,121.0,0.502,0.3936,0.8251999999999999,44.6,27.0,9.8,6.8,0.8,2024-02-01,1610612747,LAL,128.6,0.5222,0.4114,0.6982,39.6,29.8,14.4,-6.6,0.4,0,-9.0
22300706,2024-02-04,1610612738,BOS,118.2,0.49339999999999995,0.395,0.8785999999999999,46.6,27.8,11.6,3.2,0.6,2024-02-04,1610612763,MEM,102.6,0.4236000000000001,0.3428,0.7394000000000001,41.0,25.4,13.0,-8.2,0.2,1,40.0
22300729,2024-02-07,1610612738,BOS,115.8,0.4628,0.35960000000000003,0.8664,48.6,26.6,11.4,4.6,0.6,2024-02-07,1610612737,ATL,135.6,0.5046,0.3736,0.8109999999999999,47.2,30.0,10.8,5.6,0.8,1,8.0
22300743,2024-02-09,1610612738,BOS,121.6,0.4962,0.379,0.8732,47.2,29.0,12.0,10.0,0.8,2024-02-09,1610612764,WAS,109.4,0.4694,0.31020000000000003,0.6998,43.0,27.6,14.4,-11.0,0.2,1,4.0
22300780,2024-02-14,1610612738,BOS,123.4,0.5115999999999999,0.3718,0.8344000000000001,46.4,29.2,11.8,12.8,1.0,2024-02-14,1610612751,BKN,106.6,0.45760000000000006,0.4058,0.7614,38.6,27.4,11.0,-6.8,0.2,1,50.0
22300836,2024-02-27,1610612738,BOS,121.8,0.5409999999999999,0.4444,0.758,40.8,28.8,10.0,18.6,1.0,2024-02-27,1610612755,PHI,105.0,0.4554,0.3632,0.8315999999999999,42.2,24.2,12.2,-6.2,0.4,1,18.0
22300859,2024-03-01,1610612738,BOS,123.2,0.5452,0.40780000000000005,0.8006,43.6,27.6,11.0,21.4,1.0,2024-03-01,1610612742,DAL,121.0,0.5102,0.4048,0.7362,43.6,24.4,11.8,4.0,0.6,1,28.0
22300872,2024-03-03,1610612738,BOS,127.2,0.5522,0.4244,0.8528,45.2,28.0,10.2,25.4,1.0,2024-03-03,1610612744,GSW,110.6,0.4514,0.36360000000000003,0.7128,49.6,29.2,16.2,6.8,0.8,1,52.0
22300955,2024-03-14,1610612738,BOS,114.8,0.46320000000000006,0.37039999999999995,0.7776000000000001,46.8,27.2,9.6,8.2,0.6,2024-03-14,1610612756,PHX,114.2,0.4888,0.37879999999999997,0.7732,46.8,26.2,14.4,1.0,0.6,1,15.0
22300984,2024-03-18,1610612738,BOS,123.6,0.4936,0.42960000000000004,0.7782,42.0,29.8,9.0,17.8,1.0,2024-03-18,1610612765,DET,109.4,0.4524000000000001,0.3216,0.8368,51.4,26.2,16.2,-1.6,0.4,1,25.0
22300998,2024-03-20,1610612738,BOS,124.0,0.4864,0.4424,0.7936,44.0,30.0,8.4,20.8,1.0,2024-03-20,1610612749,MIL,118.8,0.488,0.409,0.8412,40.0,28.6,10.0,-1.8,0.6,1,3.0
22301105,2024-04-03,1610612738,BOS,117.2,0.489,0.3758,0.8306000000000001,44.8,26.4,10.6,6.8,0.6,2024-04-03,1610612760,OKC,118.2,0.51,0.4114,0.7849999999999999,43.6,29.2,13.4,4.6,0.6,1,35.0
22301118,2024-04-05,1610612738,BOS,119.4,0.4952,0.37320000000000003,0.8436,45.8,27.4,10.2,11.6,0.6,2024-04-05,1610612758,SAC,108.8,0.4544,0.41019999999999995,0.7076,44.4,28.0,12.8,-3.2,0.4,1,1.0
22301134,2024-04-07,1610612738,BOS,116.0,0.4816,0.37,0.8512000000000001,48.4,28.2,10.2,12.2,0.8,2024-04-07,1610612757,POR,97.6,0.4372,0.3106,0.6822000000000001,46.0,26.2,15.4,-13.2,0.4,1,17.0
22301167,2024-04-11,1610612738,BOS,113.8,0.4828,0.36079999999999995,0.81275,45.2,29.4,10.2,10.8,0.8,2024-04-11,1610612752,NYK,113.8,0.4976000000000001,0.4164,0.8036,35.8,27.4,11.4,3.4,0.6,0,-9.0
22301173,2024-04-12,1610612738,BOS,112.0,0.47919999999999996,0.3654,0.81275,42.2,28.8,10.6,6.2,0.6,2024-04-12,1610612766,CHA,109.4,0.4986,0.35760000000000003,0.8552,36.0,25.8,13.8,-4.4,0.4,1,33.0
22301186,2024-04-14,1610612738,BOS,111.2,0.4744,0.34859999999999997,0.749,43.6,29.0,9.8,5.8,0.6,2024-04-14,1610612764,WAS,118.4,0.4832000000000001,0.37300000000000005,0.7552,41.4,27.4,13.4,-6.0,0.0,1,10.0
42300101,2024-04-21,1610612738,BOS,117.4,0.5035999999999999,0.394,0.73525,43.0,29.8,11.2,7.6,0.6,2024-04-21,1610612748,MIA,110.2,0.46880000000000005,0.3762,0.8664,44.6,27.4,13.2,7.6,0.6,1,20.0
42300102,2024-04-24,1610612738,BOS,115.4,0.4862,0.3996,0.7617499999999999,43.8,28.4,10.8,8.2,0.6,2024-04-24,1610612748,MIA,110.6,0.4812,0.3544,0.8664,42.2,27.6,12.0,7.4,0.6,0,-10.0
42300105,2024-05-01,1610612738,BOS,110.6,0.4814,0.3998,0.7718,44.0,24.0,10.2,10.8,0.8,2024-05-01,1610612748,MIA,97.8,0.44960000000000006,0.37540000000000007,0.8462,39.8,22.4,12.2,-4.6,0.4,1,34.0
42300201,2024-05-07,1610612738,BOS,107.8,0.4758,0.3798,0.7718,45.6,22.8,10.2,15.6,0.8,2024-05-07,1610612739,CLE,95.6,0.4448,0.2808,0.7556,37.2,21.0,13.2,-11.0,0.4,1,25.0
42300202,2024-05-09,1610612738,BOS,109.0,0.4784,0.3682,0.7682,47.8,21.8,9.4,16.6,0.8,2024-05-09,1610612739,CLE,98.0,0.449,0.2862,0.7402,38.4,20.0,11.4,-8.4,0.4,0,-24.0
42300205,2024-05-15,1610612738,BOS,109.4,0.4894,0.35540000000000005,0.8036,46.8,20.8,10.4,11.0,0.8,2024-05-15,1610612739,CLE,102.8,0.453,0.341,0.7807999999999999,39.4,21.0,8.8,-1.8,0.4,1,15.0
42300301,2024-05-21,1610612738,BOS,108.4,0.4854,0.3638,0.8368,44.2,22.6,10.0,7.2,0.8,2024-05-21,1610612754,IND,113.8,0.5359999999999999,0.43179999999999996,0.7722,40.6,29.0,12.4,8.2,0.8,1,5.0
42300302,2024-05-23,1610612738,BOS,111.0,0.48260000000000003,0.35219999999999996,0.8253999999999999,41.8,24.2,11.6,3.2,0.8,2024-05-23,1610612754,IND,117.2,0.5486,0.43100000000000005,0.7856,41.0,32.2,14.6,6.2,0.6,1,16.0
42300401,2024-06-06,1610612738,BOS,118.2,0.4906,0.36920000000000003,0.8076000000000001,41.2,27.2,10.8,8.4,1.0,2024-06-06,1610612742,DAL,111.4,0.5018,0.3836,0.8116,41.4,21.2,12.4,5.8,0.8,1,18.0
42300402,2024-06-09,1610612738,BOS,117.0,0.4808,0.357,0.7778,42.0,25.4,10.8,9.0,1.0,2024-06-09,1610612742,DAL,107.6,0.48640000000000005,0.3874,0.7497999999999999,40.4,18.8,12.0,1.6,0.6,1,7.0
42300405,2024-06-17,1610612738,BOS,101.4,0.4406,0.33320000000000005,0.8544,39.8,23.6,11.0,-0.6,0.8,2024-06-17,1610612742,DAL,106.4,0.4774,0.3392,0.7190000000000001,45.2,17.0,10.8,5.4,0.4,1,18.0
12300026,2023-10-12,1610612739,CLE,107.0,0.465,0.271,0.737,40.0,30.0,18.0,-1.0,0.0,2023-10-12,1610612753,ORL,122.0,0.436,0.333,0.731,53.0,29.0,11.0,17.0,1.0,0,-3.0
12300045,2023-10-16,1610612739,CLE,106.0,0.4525,0.3285,0.737,42.5,29.0,19.0,-2.0,0.0,2023-10-16,50009,MRA,103.0,0.427,0.26,1.0,37.0,23.0,12.0,-32.0,0.0,1,31.0
22300081,2023-10-27,1610612739,CLE,110.0,0.4606,0.35819999999999996,0.8074,43.2,27.4,17.6,4.6,0.4,2023-10-27,1610612760,OKC,120.8,0.4944,0.38839999999999997,0.7295999999999999,43.8,29.4,14.8,7.2,0.4,0,-3.0
22300091,2023-10-28,1610612739,CLE,109.6,0.4502,0.35740000000000005,0.8078,44.8,25.4,16.6,4.2,0.4,2023-10-28,1610612754,IND,118.6,0.45199999999999996,0.33940000000000003,0.8008000000000001,48.8,31.2,16.2,1.6,0.6,0,-12.0
22300112,2023-10-31,1610612739,CLE,111.2,0.449,0.35760000000000003,0.7853999999999999,46.0,25.6,13.8,2.4,0.4,2023-10-31,1610612752,NYK,106.6,0.41659999999999997,0.36760000000000004,0.6702,48.0,23.6,14.4,-9.0,0.2,0,-18.0
22300142,2023-11-05,1610612739,CLE,104.0,0.43879999999999997,0.3156,0.7727999999999999,45.2,23.4,13.0,-6.4,0.2,2023-11-05,1610612744,GSW,120.2,0.5035999999999999,0.4018,0.798,45.2,31.0,15.8,10.0,1.0,1,11.0
22300030,2023-11-17,1610612739,CLE,116.4,0.49700000000000005,0.3462,0.7738,45.2,24.4,14.8,2.6,0.6,2023-11-17,1610612765,DET,112.2,0.4768,0.3298,0.8423999999999999,46.2,28.2,16.0,-7.6,0.0,1,8.0
22300210,2023-11-19,1610612739,CLE,115.0,0.5006,0.3726,0.7594000000000001,42.2,23.4,13.6,2.0,0.6,2023-11-19,1610612743,DEN,113.4,0.49379999999999996,0.3156,0.6976,45.2,29.6,10.6,3.2,0.6,1,12.0
22300229,2023-11-22,1610612739,CLE,116.0,0.521,0.3906,0.7817999999999999,45.6,26.2,13.6,5.0,0.8,2023-11-22,1610612748,MIA,113.2,0.47359999999999997,0.3786,0.8775999999999999,38.4,26.4,8.6,6.2,0.8,0,-33.0
22300242,2023-11-25,1610612739,CLE,111.2,0.5156000000000001,0.3926,0.7598,44.6,26.4,15.2,0.8,0.8,2023-11-25,1610612747,LAL,110.8,0.5008,0.3516,0.7283999999999999,46.4,27.8,16.4,5.6,0.6,0,-6.0
22300251,2023-11-26,1610612739,CLE,112.4,0.4981999999999999,0.3968,0.7814,42.6,27.8,14.6,-3.2,0.6,2023-11-26,1610612761,TOR,121.4,0.5184,0.39859999999999995,0.7222000000000001,42.4,32.0,14.8,4.2,0.6,1,3.0
22300055,2023-11-28,1610612739,CLE,111.8,0.48860000000000003,0.37560000000000004,0.8051999999999999,44.6,29.4,15.0,-4.2,0.6,2023-11-28,1610612737,ATL,130.8,0.4816,0.41180000000000005,0.7767999999999999,45.6,24.0,13.2,1.0,0.4,1,23.0
22300265,2023-11-30,1610612739,CLE,113.2,0.48640000000000005,0.3664,0.8277999999999999,46.2,28.8,15.6,-2.0,0.6,2023-11-30,1610612757,POR,107.0,0.4452,0.41180000000000005,0.748,35.2,22.6,15.2,-8.4,0.4,0,-8.0
22301205,2023-12-06,1610612739,CLE,110.6,0.47919999999999996,0.3114,0.8503999999999999,43.8,27.2,14.4,4.2,0.6,2023-12-06,1610612753,ORL,122.6,0.5136000000000001,0.418,0.7901999999999999,43.4,29.8,15.0,5.2,0.8,1,10.0
22300336,2023-12-16,1610612739,CLE,109.2,0.46159999999999995,0.352,0.7539999999999999,43.6,22.6,14.0,-0.8,0.4,2023-12-16,1610612737,ATL,120.4,0.4588,0.3782,0.8725999999999999,47.2,27.2,10.8,-1.0,0.2,1,8.0
22300349,2023-12-18,1610612739,CLE,110.4,0.4516,0.3458,0.7773999999999999,44.4,23.2,13.0,-1.2,0.4,2023-12-18,1610612745,HOU,109.2,0.4234,0.3604,0.8099999999999999,49.4,21.6,12.8,6.0,0.8,1,5.0
22300364,2023-12-20,1610612739,CLE,115.2,0.4566,0.3514,0.776,41.8,24.8,12.6,-2.6,0.4,2023-12-20,1610612762,UTA,117.6,0.4774,0.3532,0.8464,45.4,29.6,13.4,-1.2,0.6,1,8.0
22300375,2023-12-21,1610612739,CLE,121.2,0.4798,0.3966,0.7619999999999999,41.0,28.6,12.0,1.0,0.6,2023-12-21,1610612740,NOP,126.8,0.5032,0.4276,0.8078,46.4,28.4,12.2,14.6,0.8,0,-19.0
22300433,2023-12-29,1610612739,CLE,117.0,0.4606,0.379,0.6773999999999999,44.4,31.6,12.2,2.2,0.8,2023-12-29,1610612749,MIL,129.2,0.4958,0.385,0.7956000000000001,47.2,30.4,10.8,10.2,0.8,0,-8.0
22300465,2024-01-03,1610612739,CLE,111.6,0.46159999999999995,0.3042,0.7430000000000001,44.0,29.6,11.2,-2.6,0.4,2024-01-03,1610612764,WAS,115.0,0.47780000000000006,0.3306,0.7016000000000001,41.0,28.0,12.0,-9.4,0.2,1,39.0
22300482,2024-01-05,1610612739,CLE,118.8,0.4744,0.32220000000000004,0.768,49.4,30.2,10.6,9.0,0.6,2024-01-05,1610612764,WAS,111.6,0.4702,0.3364,0.6342000000000001,40.4,27.4,11.8,-15.0,0.2,1,24.0
22300497,2024-01-07,1610612739,CLE,119.8,0.4922000000000001,0.3658,0.7609999999999999,50.2,30.8,12.8,11.0,0.6,2024-01-07,1610612759,SAS,113.2,0.4653999999999999,0.3284,0.7954,41.0,28.8,12.4,-7.6,0.2,1,2.0
22300527,2024-01-11,1610612739,CLE,120.6,0.503,0.3612,0.7646,47.6,29.6,12.8,10.8,0.6,2024-01-11,1610612751,BKN,109.0,0.41600000000000004,0.30979999999999996,0.6896,47.0,26.2,11.2,-10.4,0.2,1,9.0
22300561,2024-01-15,1610612739,CLE,120.6,0.48580000000000007,0.3922,0.7672000000000001,49.6,27.2,13.4,14.2,0.8,2024-01-15,1610612741,CHI,120.0,0.5128,0.3996,0.812,44.2,29.8,12.4,4.4,0.8,1,18.0
22300572,2024-01-17,1610612739,CLE,118.2,0.47140000000000004,0.3958,0.7901999999999999,50.6,27.8,13.8,18.4,1.0,2024-01-17,1610612749,MIL,126.2,0.5076,0.41,0.7919999999999999,44.6,29.8,10.8,5.0,0.6,1,40.0
22300658,2024-01-29,1610612739,CLE,121.0,0.5156,0.41159999999999997,0.7457999999999999,46.6,28.6,11.4,18.0,0.8,2024-01-29,1610612746,LAC,124.4,0.5166000000000001,0.403,0.7914,45.6,29.2,10.0,14.4,1.0,1,10.0
22300675,2024-01-31,1610612739,CLE,117.6,0.495,0.3908,0.7706000000000001,44.8,27.0,12.0,12.0,0.8,2024-01-31,1610612765,DET,117.0,0.4694,0.4,0.7545999999999999,44.8,26.0,11.0,-1.2,0.4,1,7.0
22300714,2024-02-05,1610612739,CLE,116.6,0.476,0.3504,0.8130000000000001,45.8,26.2,11.6,10.4,1.0,2024-02-05,1610612758,SAC,117.0,0.5115999999999999,0.34459999999999996,0.7010000000000001,42.4,27.2,14.6,4.8,0.8,1,26.0
22300762,2024-02-12,1610612739,CLE,120.8,0.5206000000000001,0.389,0.7978,47.4,30.8,11.2,19.4,1.0,2024-02-12,1610612755,PHI,113.4,0.44299999999999995,0.31379999999999997,0.7778,46.4,23.8,10.0,-10.8,0.2,0,-2.0
22300781,2024-02-14,1610612739,CLE,121.6,0.5214,0.40020000000000006,0.7731999999999999,45.8,31.2,11.4,15.8,0.8,2024-02-14,1610612741,CHI,121.2,0.49559999999999993,0.3948,0.82,45.4,24.4,11.6,2.0,0.6,1,3.0
22300792,2024-02-22,1610612739,CLE,116.0,0.5018,0.35280000000000006,0.7962,44.0,30.2,11.4,11.2,0.8,2024-02-22,1610612753,ORL,113.4,0.517,0.396,0.7608,41.6,27.2,15.4,0.0,0.6,0,-7.0
22300832,2024-02-27,1610612739,CLE,109.8,0.4896,0.3478,0.7575999999999999,40.4,30.8,11.0,-0.8,0.4,2024-02-27,1610612742,DAL,121.6,0.5024,0.3792,0.7365999999999999,48.4,24.8,13.6,10.8,0.8,1,2.0
22300876,2024-03-03,1610612739,CLE,113.0,0.45840000000000003,0.391,0.7172000000000001,45.8,31.2,12.6,1.0,0.6,2024-03-03,1610612752,NYK,103.2,0.42379999999999995,0.356,0.7615999999999999,44.4,25.2,13.0,-6.4,0.4,0,-9.0
22300886,2024-03-05,1610612739,CLE,113.2,0.46299999999999997,0.409,0.6567999999999999,45.0,32.6,12.6,0.6,0.6,2024-03-05,1610612738,BOS,128.0,0.5484,0.4286,0.8497999999999999,45.2,28.6,10.0,25.8,1.0,1,1.0
22300911,2024-03-08,1610612739,CLE,107.4,0.43,0.38699999999999996,0.6444,43.0,29.6,11.6,-3.6,0.4,2024-03-08,1610612750,MIN,110.0,0.4702,0.3466,0.8012,45.0,26.6,12.0,2.2,0.6,1,9.0
22300930,2024-03-10,1610612739,CLE,105.4,0.4298,0.3704,0.6729999999999999,44.4,27.6,11.6,0.0,0.6,2024-03-10,1610612751,BKN,107.8,0.457,0.39480000000000004,0.7154,38.2,25.2,12.8,-0.8,0.4,0,-19.0
22300934,2024-03-11,1610612739,CLE,103.6,0.4476,0.3702,0.6295999999999999,40.0,27.6,11.0,-5.8,0.4,2024-03-11,1610612756,PHX,112.6,0.471,0.3658,0.7882,47.8,26.2,15.4,-2.0,0.4,0,-6.0
22300996,2024-03-20,1610612739,CLE,107.8,0.48,0.3798,0.7445999999999999,39.6,28.4,12.4,-2.6,0.4,2024-03-20,1610612748,MIA,99.8,0.4386,0.29079999999999995,0.7214,46.6,21.6,10.6,-1.0,0.4,0,-3.0
22301033,2024-03-25,1610612739,CLE,98.0,0.446,0.3198,0.8039999999999999,38.4,25.0,13.8,-12.4,0.2,2024-03-25,1610612766,CHA,97.4,0.4516,0.2876,0.7405999999999999,38.4,22.2,14.0,-14.2,0.2,1,23.0
22301067,2024-03-29,1610612739,CLE,101.0,0.4666,0.351,0.7254,37.4,30.0,13.0,-7.4,0.2,2024-03-29,1610612755,PHI,104.0,0.44000000000000006,0.35419999999999996,0.7384000000000001,43.4,24.0,10.4,-3.8,0.2,1,3.0
22301158,2024-04-10,1610612739,CLE,109.2,0.4768,0.336,0.8091999999999999,36.4,28.6,14.4,-11.0,0.2,2024-04-10,1610612763,MEM,102.4,0.43439999999999995,0.3012,0.7878000000000001,48.0,23.8,13.0,-1.0,0.6,1,12.0
22301174,2024-04-12,1610612739,CLE,111.0,0.4744,0.35300000000000004,0.792,40.2,28.8,14.0,-2.8,0.4,2024-04-12,1610612754,IND,125.4,0.5084,0.3496,0.8389999999999999,42.4,30.4,10.0,10.2,0.8,1,9.0
22301187,2024-04-14,1610612739,CLE,111.0,0.47140000000000004,0.35219999999999996,0.7562,40.2,26.8,13.2,-4.2,0.4,2024-04-14,1610612766,CHA,111.8,0.5008,0.4112,0.8734,35.4,25.4,15.8,-10.4,0.4,0,-10.0
42300131,2024-04-20,1610612739,CLE,112.8,0.472,0.39540000000000003,0.7212,41.4,27.2,13.0,-2.0,0.4,2024-04-20,1610612753,ORL,108.8,0.46579999999999994,0.3186,0.8526,40.8,23.6,12.2,-0.4,0.4,1,14.0
42300132,2024-04-22,1610612739,CLE,112.8,0.4742,0.386,0.7497999999999999,44.2,26.6,12.8,4.6,0.6,2024-04-22,1610612753,ORL,102.8,0.43759999999999993,0.29700000000000004,0.7898,40.8,22.0,12.6,-6.2,0.2,1,10.0
42300135,2024-04-30,1610612739,CLE,95.0,0.43879999999999997,0.306,0.7496,41.2,23.4,15.0,-9.4,0.4,2024-04-30,1610612753,ORL,103.0,0.45039999999999997,0.31999999999999995,0.7846,43.6,21.8,12.8,12.4,0.6,1,1.0
42300137,2024-05-05,1610612739,CLE,93.6,0.4394,0.2758,0.712,37.2,20.8,13.4,-11.4,0.4,2024-05-05,1610612753,ORL,105.0,0.4574,0.3332,0.7896,45.2,20.4,13.6,11.4,0.6,1,12.0
42300203,2024-05-11,1610612739,CLE,103.8,0.4640000000000001,0.332,0.7158,41.4,20.0,10.4,1.0,0.6,2024-05-11,1610612738,BOS,107.6,0.46840000000000004,0.339,0.792,46.2,22.0,8.4,13.8,0.8,0,-13.0
42300204,2024-05-13,1610612739,CLE,101.6,0.46340000000000003,0.3284,0.7380000000000001,40.6,18.8,10.0,-1.8,0.4,2024-05-13,1610612738,BOS,108.0,0.4758,0.35600000000000004,0.8064,46.4,22.0,9.6,12.4,0.8,0,-7.0
12300031,2023-10-12,1610612740,NOP,105.0,0.411,0.235,0.655,54.0,20.0,17.0,-17.0,0.0,2023-10-12,1610612745,HOU,122.0,0.467,0.4,0.718,56.0,23.0,9.0,19.0,1.0,0,-33.0
22300090,2023-10-28,1610612740,NOP,102.4,0.4462,0.3318,0.6990000000000001,45.2,24.2,21.0,-7.2,0.4,2023-10-28,1610612752,NYK,111.6,0.4382,0.40199999999999997,0.6679999999999999,44.0,24.0,13.8,-9.2,0.2,1,9.0
22300108,2023-10-30,1610612740,NOP,100.6,0.45599999999999996,0.3394,0.6556,43.0,24.2,20.2,-2.0,0.6,2023-10-30,1610612744,GSW,113.0,0.4606,0.3782,0.7706000000000001,47.2,27.4,16.8,2.2,0.6,0,-28.0
22300129,2023-11-02,1610612740,NOP,104.6,0.4452,0.3054,0.629,47.8,22.8,14.8,0.8,0.8,2023-11-02,1610612765,DET,108.8,0.45940000000000003,0.4042,0.7882,48.2,28.0,17.6,1.2,0.4,1,9.0
22300135,2023-11-04,1610612740,NOP,108.8,0.44399999999999995,0.343,0.671,45.6,23.0,13.4,0.2,0.8,2023-11-04,1610612737,ATL,122.8,0.493,0.33999999999999997,0.8572,45.0,27.6,14.4,5.6,0.6,0,-18.0
22300183,2023-11-12,1610612740,NOP,109.6,0.4608,0.347,0.8620000000000001,39.6,22.0,13.8,-10.2,0.2,2023-11-12,1610612742,DAL,123.0,0.4892,0.396,0.7688,38.2,26.8,12.4,3.4,0.6,0,-12.0
22300022,2023-11-14,1610612740,NOP,109.4,0.4654,0.3538,0.7916000000000001,43.2,22.8,15.0,-14.4,0.0,2023-11-14,1610612742,DAL,127.4,0.4918,0.39039999999999997,0.7448,39.8,27.2,10.6,8.0,0.8,1,21.0
22300034,2023-11-17,1610612740,NOP,114.6,0.4744,0.3758,0.7758,44.6,24.6,15.6,-6.6,0.2,2023-11-17,1610612743,DEN,116.0,0.49960000000000004,0.3544,0.751,44.8,28.4,10.2,8.6,0.8,1,5.0
22300203,2023-11-18,1610612740,NOP,114.4,0.479,0.3936,0.7072,44.8,26.4,14.8,-2.0,0.4,2023-11-18,1610612750,MIN,114.8,0.4936,0.341,0.7944,45.6,24.4,14.6,3.8,0.8,0,-1.0
22300222,2023-11-20,1610612740,NOP,118.2,0.504,0.4192,0.6901999999999999,44.8,27.2,14.8,2.0,0.4,2023-11-20,1610612758,SAC,124.0,0.5164000000000001,0.3942,0.7434000000000001,44.8,31.2,13.4,11.8,1.0,1,36.0
22300233,2023-11-22,1610612740,NOP,123.8,0.522,0.441,0.7051999999999999,46.0,32.4,13.2,9.8,0.6,2023-11-22,1610612758,SAC,121.6,0.5086,0.3876,0.7243999999999999,41.6,31.0,12.6,3.2,0.8,1,5.0
22300262,2023-11-29,1610612740,NOP,114.8,0.48440000000000005,0.3406,0.7198,48.6,29.0,11.2,8.8,0.6,2023-11-29,1610612755,PHI,120.8,0.4478,0.3618,0.8472,46.6,27.0,9.8,10.8,0.6,1,10.0
22300278,2023-12-01,1610612740,NOP,113.8,0.48339999999999994,0.3214,0.7342,45.6,28.0,13.2,3.6,0.6,2023-12-01,1610612759,SAS,113.6,0.4518,0.32480000000000003,0.8582000000000001,44.2,29.0,16.8,-10.4,0.0,1,15.0
22300301,2023-12-11,1610612740,NOP,115.8,0.48600000000000004,0.33080000000000004,0.8278000000000001,41.0,26.0,13.4,-3.0,0.6,2023-12-11,1610612750,MIN,111.8,0.4574,0.36900000000000005,0.8458,48.6,24.6,13.6,10.4,1.0,1,14.0
22300360,2023-12-19,1610612740,NOP,122.0,0.4806,0.3848,0.7644,47.0,28.2,12.4,6.2,0.8,2023-12-19,1610612763,MEM,102.6,0.41459999999999997,0.34559999999999996,0.7692,39.6,23.8,15.2,-14.0,0.0,0,-2.0
22300392,2023-12-23,1610612740,NOP,127.2,0.515,0.4394,0.8278000000000001,45.0,29.4,11.4,15.6,0.8,2023-12-23,1610612745,HOU,120.2,0.46640000000000004,0.382,0.8894,45.8,24.8,11.4,2.4,0.4,0,-2.0
22300410,2023-12-26,1610612740,NOP,119.6,0.5034,0.3968,0.7924,45.0,27.6,12.8,11.2,0.6,2023-12-26,1610612763,MEM,109.8,0.45640000000000003,0.34800000000000003,0.7372,45.4,23.8,17.0,-1.0,0.6,0,-1.0
22300424,2023-12-28,1610612740,NOP,120.2,0.495,0.3948,0.7508,44.4,26.4,12.6,10.0,0.4,2023-12-28,1610612762,UTA,123.2,0.4974,0.4062,0.8902000000000001,45.4,29.8,13.4,7.2,0.8,1,7.0
22300446,2023-12-31,1610612740,NOP,113.4,0.49260000000000004,0.364,0.7836000000000001,41.2,24.2,12.8,4.2,0.4,2023-12-31,1610612747,LAL,118.8,0.49000000000000005,0.42299999999999993,0.8321999999999999,41.2,29.2,11.8,2.0,0.4,1,20.0
22300461,2024-01-02,1610612740,NOP,116.6,0.5018,0.376,0.7632000000000001,42.8,26.2,12.8,8.6,0.6,2024-01-02,1610612751,BKN,115.6,0.4556,0.3254,0.7156,45.6,26.6,8.8,-5.4,0.4,1,27.0
22300486,2024-01-05,1610612740,NOP,117.0,0.5042,0.413,0.7821999999999999,44.4,26.2,13.4,12.8,0.8,2024-01-05,1610612746,LAC,118.0,0.5134000000000001,0.40599999999999997,0.8790000000000001,41.2,25.4,13.4,2.0,0.8,0,-16.0
22300575,2024-01-17,1610612740,NOP,125.0,0.5311999999999999,0.4232,0.7704,42.8,30.4,10.8,12.4,0.6,2024-01-17,1610612766,CHA,97.4,0.3878,0.3316,0.8016,43.2,20.4,12.6,-19.6,0.0,1,20.0
22300588,2024-01-19,1610612740,NOP,124.8,0.5092000000000001,0.421,0.7605999999999999,42.6,29.8,10.0,9.8,0.6,2024-01-19,1610612756,PHX,119.8,0.5077999999999999,0.3802,0.8343999999999999,41.6,25.6,13.2,-0.16000000000000014,0.6,0,-14.0
22300616,2024-01-23,1610612740,NOP,118.4,0.4826,0.3736,0.7609999999999999,41.6,27.8,10.0,-0.2,0.4,2024-01-23,1610612762,UTA,132.8,0.5014000000000001,0.392,0.8368,50.2,30.4,13.6,12.0,0.6,1,29.0
22300640,2024-01-26,1610612740,NOP,126.4,0.5035999999999999,0.3948,0.749,46.0,30.0,10.2,8.0,0.6,2024-01-26,1610612760,OKC,120.8,0.501,0.3992,0.8164,40.0,29.2,12.4,5.4,0.8,0,-24.0
22300718,2024-02-05,1610612740,NOP,107.2,0.47000000000000003,0.304,0.7366,43.8,22.8,14.2,-8.4,0.4,2024-02-05,1610612761,TOR,116.6,0.4704,0.3776,0.7852,42.8,28.8,13.8,-9.4,0.2,1,38.0
22300784,2024-02-14,1610612740,NOP,113.2,0.48900000000000005,0.3834,0.7988,43.0,28.4,12.2,10.0,0.8,2024-02-14,1610612764,WAS,112.8,0.4628,0.327,0.7162,42.4,29.2,15.0,-10.8,0.0,1,7.0
22300798,2024-02-22,1610612740,NOP,112.2,0.49939999999999996,0.36160000000000003,0.7574,40.6,28.4,12.8,3.8,0.8,2024-02-22,1610612745,HOU,112.8,0.45280000000000004,0.3736,0.7048,49.8,22.4,14.6,-4.2,0.2,1,22.0
22300810,2024-02-23,1610612740,NOP,114.2,0.4968,0.3646,0.742,41.6,29.4,13.0,6.0,0.8,2024-02-23,1610612748,MIA,115.0,0.488,0.3532,0.841,45.0,28.4,11.4,13.0,0.8,0,-11.0
22300823,2024-02-25,1610612740,NOP,108.8,0.46840000000000004,0.3326,0.7306,44.2,27.8,12.6,7.2,0.8,2024-02-25,1610612741,CHI,115.8,0.49160000000000004,0.4062,0.8208,44.2,24.4,11.0,-1.6,0.4,0,-8.0
22300863,2024-03-01,1610612740,NOP,111.4,0.4648,0.3814,0.7491999999999999,46.0,25.8,13.4,3.4,0.4,2024-03-01,1610612754,IND,126.8,0.5052000000000001,0.383,0.8318,44.0,33.4,10.2,7.8,0.8,1,27.0
22300951,2024-03-13,1610612740,NOP,120.2,0.5092000000000001,0.44239999999999996,0.8039999999999999,48.0,28.6,12.4,16.0,0.8,2024-03-13,1610612739,CLE,106.2,0.4532,0.35819999999999996,0.723,39.6,27.4,11.4,-5.2,0.4,0,-21.0
22300964,2024-03-15,1610612740,NOP,116.4,0.5034,0.403,0.8004,48.6,27.8,12.6,13.6,0.8,2024-03-15,1610612746,LAC,115.4,0.5147999999999999,0.3844,0.8378,41.4,26.4,11.8,1.2,0.6,1,8.0
22300970,2024-03-16,1610612740,NOP,113.0,0.48839999999999995,0.3834,0.8119999999999999,47.2,28.4,10.8,9.8,0.8,2024-03-16,1610612757,POR,106.6,0.44160000000000005,0.376,0.8642,46.6,23.8,15.4,-7.2,0.4,1,19.0
22301046,2024-03-26,1610612740,NOP,112.2,0.5196000000000001,0.3624,0.7716000000000001,43.4,28.2,12.4,10.6,0.8,2024-03-26,1610612760,OKC,115.8,0.48100000000000004,0.331,0.7974,41.4,25.8,12.2,4.0,0.8,0,-7.0
22301061,2024-03-28,1610612740,NOP,109.4,0.503,0.35719999999999996,0.7656000000000001,43.0,26.2,12.4,5.4,0.6,2024-03-28,1610612749,MIL,123.2,0.49940000000000007,0.41579999999999995,0.8028000000000001,46.8,30.4,12.8,7.2,0.6,1,7.0
22301074,2024-03-30,1610612740,NOP,110.0,0.48100000000000004,0.3484,0.7706,43.0,24.8,11.0,4.2,0.6,2024-03-30,1610612738,BOS,123.0,0.49700000000000005,0.3844,0.7909999999999999,38.8,26.6,9.4,7.6,0.6,0,-12.0
22301092,2024-04-01,1610612740,NOP,107.2,0.4524,0.3626,0.7404,44.6,24.4,9.2,4.8,0.6,2024-04-01,1610612756,PHX,113.6,0.5148,0.43079999999999996,0.7938000000000001,42.8,29.8,13.8,3.6,0.6,0,-13.0
22301109,2024-04-03,1610612740,NOP,107.2,0.4444,0.344,0.7238,40.8,25.2,8.6,-2.4,0.4,2024-04-03,1610612753,ORL,103.8,0.4608,0.3576,0.7254,42.4,25.2,13.4,3.6,0.4,0,-9.0
22301123,2024-04-05,1610612740,NOP,106.0,0.438,0.362,0.7598,39.6,24.0,9.4,-6.8,0.2,2024-04-05,1610612759,SAS,114.0,0.4675999999999999,0.3666,0.7422,46.2,32.2,13.8,0.8,0.6,0,-2.0
22301195,2024-04-14,1610612740,NOP,116.2,0.48679999999999995,0.42040000000000005,0.8568,41.2,27.6,11.8,6.6,0.8,2024-04-14,1610612747,LAL,120.2,0.5018,0.3534,0.792,41.8,26.8,14.8,0.6,0.6,0,-16.0
52300121,2024-04-16,1610612740,NOP,116.0,0.4798,0.4394,0.8140000000000001,40.8,27.2,12.2,3.8,0.8,2024-04-16,1610612747,LAL,120.0,0.5112,0.372,0.8084,39.8,29.0,14.4,2.8,0.6,0,-4.0
52300211,2024-04-19,1610612740,NOP,114.6,0.4779999999999999,0.41740000000000005,0.7816,42.4,28.0,12.2,1.4,0.6,2024-04-19,1610612758,SAC,114.8,0.453,0.39559999999999995,0.8315999999999999,44.6,26.4,12.0,8.6,0.4,1,7.0
42300143,2024-04-27,1610612740,NOP,100.6,0.4588,0.32480000000000003,0.7942,44.2,24.6,15.4,-9.4,0.2,2024-04-27,1610612760,OKC,121.0,0.515,0.3942,0.8384,47.8,29.2,11.4,27.8,1.0,0,-21.0
42300144,2024-04-29,1610612740,NOP,96.0,0.4396,0.3,0.8084,45.4,23.0,15.6,-10.4,0.2,2024-04-29,1610612760,OKC,116.8,0.5184000000000001,0.40440000000000004,0.8148,44.8,28.0,12.2,24.4,1.0,0,-8.0
12300030,2023-10-12,1610612741,CHI,102.0,0.394,0.371,0.917,47.0,24.0,15.0,-3.0,0.0,2023-10-12,1610612743,DEN,115.0,0.473,0.372,0.867,37.0,32.0,13.0,8.0,1.0,1,9.0
12300052,2023-10-17,1610612741,CHI,112.33333333333333,0.4306666666666667,0.38433333333333336,0.8106666666666666,48.666666666666664,26.333333333333332,15.0,-2.6666666666666665,0.3333333333333333,2023-10-17,1610612761,TOR,123.0,0.5155000000000001,0.34299999999999997,0.775,52.5,32.0,23.0,27.0,1.0,0,-4.0
12300061,2023-10-19,1610612741,CHI,109.75,0.4335,0.37474999999999997,0.8125,47.25,26.25,16.75,-3.0,0.25,2023-10-19,1610612750,MIN,118.5,0.48775,0.4105,0.73725,47.0,32.25,16.0,14.0,1.0,0,-9.0
22300070,2023-10-25,1610612741,CHI,108.8,0.4332,0.361,0.8278000000000001,44.6,26.0,16.2,-4.2,0.2,2023-10-25,1610612760,OKC,120.4,0.46820000000000006,0.35940000000000005,0.7218,45.6,28.6,14.4,3.4,0.4,0,-20.0
22300082,2023-10-27,1610612741,CHI,109.2,0.43739999999999996,0.344,0.8,43.6,26.4,15.6,-7.6,0.2,2023-10-27,1610612761,TOR,116.6,0.47540000000000004,0.3552,0.7484,51.0,29.6,18.8,19.4,1.0,1,1.0
22300004,2023-11-03,1610612741,CHI,105.4,0.42800000000000005,0.314,0.825,42.8,19.6,12.4,-7.4,0.4,2023-11-03,1610612751,BKN,116.4,0.483,0.4048,0.793,46.6,27.2,15.2,2.6,0.6,0,-2.0
22300152,2023-11-06,1610612741,CHI,105.4,0.4574,0.3482,0.7942,39.8,20.6,11.0,-8.4,0.2,2023-11-06,1610612762,UTA,109.4,0.45099999999999996,0.3552,0.7056,46.6,27.6,17.8,-7.2,0.2,1,17.0
22300162,2023-11-08,1610612741,CHI,111.0,0.4768,0.3754,0.8,40.4,22.6,11.0,-1.8,0.4,2023-11-08,1610612756,PHX,116.2,0.4866,0.374,0.835,40.2,27.4,14.4,2.4,0.4,0,-1.0
22300181,2023-11-12,1610612741,CHI,111.6,0.47240000000000004,0.3896,0.78,39.4,24.8,11.2,-3.4,0.2,2023-11-12,1610612765,DET,111.0,0.4720000000000001,0.32999999999999996,0.8746,44.2,26.8,15.8,-8.8,0.0,1,11.0
22300196,2023-11-15,1610612741,CHI,114.8,0.4542,0.3844,0.7964,39.8,26.0,9.0,-0.8,0.4,2023-11-15,1610612753,ORL,111.4,0.45220000000000005,0.3526,0.7906,43.2,24.4,16.2,-0.4,0.4,0,-2.0
22300033,2023-11-17,1610612741,CHI,113.4,0.44320000000000004,0.38520000000000004,0.8300000000000001,43.0,23.6,10.6,3.2,0.4,2023-11-17,1610612753,ORL,106.6,0.43920000000000003,0.337,0.7822,42.2,22.6,15.8,-3.8,0.4,0,-6.0
22300204,2023-11-18,1610612741,CHI,106.8,0.4286,0.3484,0.8162,42.6,22.2,12.2,-1.4,0.2,2023-11-18,1610612748,MIA,115.2,0.47639999999999993,0.3566,0.8952,39.6,24.6,10.8,6.4,1.0,1,5.0
22300220,2023-11-20,1610612741,CHI,104.2,0.4298,0.3348,0.8158,43.6,21.0,11.8,-0.2,0.4,2023-11-20,1610612748,MIA,113.0,0.47119999999999995,0.3446,0.8916000000000001,37.6,24.8,10.0,4.2,0.8,0,-18.0
22300269,2023-11-30,1610612741,CHI,103.2,0.454,0.36460000000000004,0.7798,37.6,21.8,10.4,-16.2,0.0,2023-11-30,1610612749,MIL,125.6,0.496,0.351,0.7884,49.8,25.8,11.4,5.2,0.8,1,7.0
22300285,2023-12-02,1610612741,CHI,107.2,0.4544,0.3754,0.7468,40.6,24.0,12.4,-11.2,0.2,2023-12-02,1610612740,NOP,114.6,0.488,0.33940000000000003,0.769,44.4,28.6,13.4,5.6,0.6,1,6.0
22301211,2023-12-06,1610612741,CHI,111.6,0.4862,0.3832,0.6934,41.2,26.0,13.0,-7.2,0.4,2023-12-06,1610612766,CHA,114.2,0.4816000000000001,0.4694,0.764,40.6,26.8,12.8,-7.8,0.4,1,11.0
22300307,2023-12-12,1610612741,CHI,121.0,0.4598,0.43220000000000003,0.7363999999999999,51.2,27.8,12.6,5.8,0.8,2023-12-12,1610612743,DEN,114.6,0.48740000000000006,0.35459999999999997,0.7312000000000001,44.0,30.6,11.2,-1.6,0.4,0,-7.4
22300370,2023-12-20,1610612741,CHI,116.6,0.45359999999999995,0.398,0.8154,44.0,26.4,9.4,-0.2800000000000001,0.4,2023-12-20,1610612747,LAL,118.8,0.5034,0.33880000000000005,0.7184,45.0,30.2,13.0,-0.8,0.4,1,16.0
22300376,2023-12-21,1610612741,CHI,115.6,0.48019999999999996,0.41559999999999997,0.8371999999999999,43.4,26.4,11.2,3.72,0.6,2023-12-21,1610612759,SAS,111.8,0.44499999999999995,0.32799999999999996,0.774,46.6,27.8,14.2,-9.8,0.2,1,19.0
22300396,2023-12-23,1610612741,CHI,117.2,0.5052,0.4006,0.8182,42.4,26.0,11.0,9.0,0.8,2023-12-23,1610612739,CLE,119.4,0.4784,0.3894,0.7535999999999999,41.0,30.0,11.8,-1.4,0.6,0,-14.0
22300408,2023-12-26,1610612741,CHI,111.4,0.496,0.3686,0.8638,41.2,24.2,12.4,4.6,0.6,2023-12-26,1610612737,ATL,123.0,0.4892,0.388,0.806,40.4,26.8,12.0,-2.0,0.4,1,5.0
22300422,2023-12-28,1610612741,CHI,111.8,0.49119999999999997,0.3404,0.8586,42.8,23.8,11.2,6.0,0.8,2023-12-28,1610612754,IND,121.4,0.5198,0.4109999999999999,0.8220000000000001,37.8,31.6,15.0,-1.4,0.4,0,-16.0
22300442,2023-12-30,1610612741,CHI,111.0,0.47919999999999996,0.3094,0.8532,43.2,22.8,10.6,2.0,0.6,2023-12-30,1610612755,PHI,120.8,0.4968,0.383,0.8072000000000001,37.6,22.6,10.4,8.4,0.8,1,13.0
22300484,2024-01-05,1610612741,CHI,104.8,0.43520000000000003,0.2828,0.7506,47.6,20.8,12.0,-5.4,0.4,2024-01-05,1610612766,CHA,107.8,0.46840000000000004,0.38,0.7668,38.2,27.8,12.4,-11.0,0.2,1,13.0
22300523,2024-01-10,1610612741,CHI,105.0,0.46740000000000004,0.3156,0.7531999999999999,47.0,23.6,14.4,0.8000000000000004,0.6,2024-01-10,1610612745,HOU,113.6,0.46020000000000005,0.40280000000000005,0.7932,42.6,24.2,12.4,0.8,0.6,1,5.0
22300536,2024-01-12,1610612741,CHI,108.8,0.4546,0.3404,0.8011999999999999,45.6,25.6,14.0,-0.7999999999999996,0.6,2024-01-12,1610612744,GSW,116.8,0.48660000000000003,0.36419999999999997,0.826,40.0,27.2,12.6,-8.8,0.4,0,-9.0
22300597,2024-01-20,1610612741,CHI,116.8,0.49659999999999993,0.3652,0.7954,42.8,28.8,12.6,-1.9999999999999996,0.6,2024-01-20,1610612763,MEM,110.4,0.43220000000000003,0.3612,0.775,42.2,26.0,12.4,-2.0,0.4,1,29.0
22300672,2024-01-30,1610612741,CHI,118.0,0.5056,0.3252,0.776,44.0,28.2,10.2,6.4,0.6,2024-01-30,1610612761,TOR,108.4,0.45620000000000005,0.3214,0.7576,41.4,29.2,13.2,-12.2,0.0,0,-11.0
22300700,2024-02-03,1610612741,CHI,114.6,0.5018,0.335,0.7428,40.6,25.6,11.2,-1.4,0.4,2024-02-03,1610612758,SAC,119.2,0.517,0.35919999999999996,0.7038,41.2,27.2,13.4,3.4,0.8,0,-8.0
22300723,2024-02-06,1610612741,CHI,115.0,0.4974,0.3242,0.796,40.6,25.4,12.4,-2.6,0.4,2024-02-06,1610612750,MIN,111.4,0.5044000000000001,0.4274,0.7282,43.6,25.4,13.6,11.6,0.6,1,6.0
22300797,2024-02-22,1610612741,CHI,119.2,0.4948,0.41479999999999995,0.8145999999999999,44.8,23.2,11.2,3.0,0.6,2024-02-22,1610612738,BOS,124.4,0.5288,0.39499999999999996,0.8231999999999999,45.2,29.6,11.4,14.8,1.0,0,-17.0
22300839,2024-02-27,1610612741,CHI,115.0,0.4692,0.3788,0.8200000000000001,44.8,25.4,10.0,-1.6,0.4,2024-02-27,1610612765,DET,109.2,0.46320000000000006,0.375,0.6801999999999999,43.4,27.4,14.6,-9.8,0.0,0,-10.0
22300846,2024-02-28,1610612741,CHI,112.4,0.462,0.3278,0.8437999999999999,44.0,25.6,9.6,-2.4,0.4,2024-02-28,1610612739,CLE,109.8,0.5,0.3776,0.742,41.2,31.2,12.2,0.0,0.6,1,9.0
22300864,2024-03-01,1610612741,CHI,111.6,0.4312,0.3052,0.8622,50.2,25.6,11.6,-2.6,0.4,2024-03-01,1610612749,MIL,115.0,0.4904,0.3794,0.7892,46.6,26.0,11.4,14.6,0.8,0,-16.0
22300935,2024-03-11,1610612741,CHI,111.2,0.4756,0.4004,0.8042,38.6,27.6,10.8,-3.4,0.6,2024-03-11,1610612742,DAL,120.4,0.4862,0.3492,0.7996,41.8,23.8,11.2,-5.0,0.4,0,-35.0
22300956,2024-03-14,1610612741,CHI,114.0,0.47479999999999994,0.3628,0.7646,41.6,25.2,11.4,-7.4,0.6,2024-03-14,1610612746,LAC,111.4,0.4828,0.3644,0.8230000000000001,42.0,25.0,12.6,-3.2,0.4,0,-15.0
22300971,2024-03-16,1610612741,CHI,112.4,0.4702,0.36700000000000005,0.7672000000000001,41.0,25.0,12.6,-10.8,0.4,2024-03-16,1610612764,WAS,109.4,0.47519999999999996,0.30599999999999994,0.7971999999999999,37.8,28.2,12.2,-4.8,0.4,1,29.0
22300986,2024-03-18,1610612741,CHI,112.8,0.4795999999999999,0.3448,0.7642,43.2,25.8,12.8,-5.6,0.4,2024-03-18,1610612757,POR,106.6,0.45840000000000003,0.35740000000000005,0.9116,44.0,24.0,15.8,-7.8,0.4,1,3.0
22301023,2024-03-23,1610612741,CHI,119.4,0.4936,0.3734,0.8,43.6,26.4,11.8,2.0,0.6,2024-03-23,1610612738,BOS,125.4,0.4948,0.44700000000000006,0.7876,40.2,29.4,9.4,19.2,1.0,0,-11.0
22301037,2024-03-25,1610612741,CHI,115.6,0.5038,0.377,0.8192,39.8,29.2,11.0,-0.8,0.4,2024-03-25,1610612764,WAS,107.4,0.4606,0.3598,0.7242000000000001,43.2,24.6,15.4,-13.6,0.4,0,-2.0
22301054,2024-03-27,1610612741,CHI,114.4,0.49119999999999997,0.3428,0.8208,41.8,29.0,10.6,1.8,0.4,2024-03-27,1610612754,IND,125.2,0.5294,0.42799999999999994,0.6552,41.8,33.0,10.6,7.6,0.6,1,26.0
22301091,2024-04-01,1610612741,CHI,112.0,0.5038,0.3982,0.8046,43.2,29.0,10.6,0.8,0.4,2024-04-01,1610612737,ATL,121.6,0.51,0.42140000000000005,0.7356,44.0,28.2,11.8,9.8,0.8,0,-12.0
22301119,2024-04-05,1610612741,CHI,109.6,0.46799999999999997,0.37320000000000003,0.7894,47.6,25.2,10.8,0.6,0.4,2024-04-05,1610612752,NYK,120.4,0.4946,0.39239999999999997,0.7644,41.4,28.8,11.4,8.0,0.4,1,8.0
22301149,2024-04-09,1610612741,CHI,104.8,0.4812,0.348,0.7666,46.4,23.6,14.6,-5.6,0.4,2024-04-09,1610612752,NYK,110.6,0.4694,0.38239999999999996,0.7488,38.8,26.0,11.4,1.0,0.4,0,-11.0
52300111,2024-04-17,1610612741,CHI,118.0,0.5094000000000001,0.34080000000000005,0.7272000000000001,43.6,24.2,12.6,-0.6,0.4,2024-04-17,1610612737,ATL,111.2,0.44580000000000003,0.32480000000000003,0.7689999999999999,41.4,28.2,15.2,-16.8,0.0,1,15.0
12300002,2023-10-07,1610612742,DAL,99.0,0.37,0.304,0.567,42.0,18.0,13.0,-12.0,0.0,2023-10-07,1610612750,MIN,111.0,0.442,0.314,0.727,56.0,28.0,16.0,12.0,1.0,0,-8.0
12300070,2023-10-20,1610612742,DAL,106.0,0.4036666666666666,0.31866666666666665,0.6416666666666666,44.666666666666664,20.333333333333332,14.333333333333334,-8.0,0.0,2023-10-20,1610612765,DET,124.0,0.4956666666666667,0.37766666666666665,0.7523333333333332,49.0,28.0,18.666666666666668,0.3333333333333333,0.6666666666666666,1,10.0
22300084,2023-10-27,1610612742,DAL,111.6,0.42299999999999993,0.33999999999999997,0.698,46.4,23.0,13.4,-1.4,0.4,2023-10-27,1610612751,BKN,120.0,0.47639999999999993,0.421,0.787,48.0,27.0,17.4,4.6,0.4,1,5.0
22300124,2023-11-01,1610612742,DAL,122.6,0.47140000000000004,0.39959999999999996,0.7506,45.4,24.4,11.6,6.6,0.8,2023-11-01,1610612741,CHI,105.4,0.42000000000000004,0.30860000000000004,0.821,41.0,20.8,12.6,-7.4,0.4,1,9.0
22300143,2023-11-05,1610612742,DAL,120.8,0.4786,0.40939999999999993,0.7742,43.0,23.6,12.8,5.0,0.8,2023-11-05,1610612766,CHA,116.0,0.4798,0.32239999999999996,0.8332,43.2,26.2,15.0,-5.2,0.4,1,6.0
22300168,2023-11-08,1610612742,DAL,118.8,0.4814,0.40380000000000005,0.762,41.0,25.2,13.4,6.8,0.8,2023-11-08,1610612761,TOR,110.0,0.46719999999999995,0.36340000000000006,0.7396,45.2,28.2,14.6,-0.8,0.4,0,-11.0
22300014,2023-11-10,1610612742,DAL,117.0,0.4766,0.389,0.7346,39.0,25.4,13.4,1.6,0.6,2023-11-10,1610612746,LAC,111.2,0.4748,0.3622,0.764,44.0,23.4,16.4,6.0,0.4,1,18.0
22300212,2023-11-19,1610612742,DAL,129.0,0.48980000000000007,0.3814,0.7404,44.6,28.6,11.2,3.0,0.6,2023-11-19,1610612758,SAC,122.4,0.502,0.3685999999999999,0.7384000000000001,45.2,30.8,15.2,9.2,1.0,0,-16.0
22300059,2023-11-28,1610612742,DAL,112.0,0.4506,0.33100000000000007,0.7106,44.0,24.0,9.0,-5.2,0.4,2023-11-28,1610612745,HOU,107.2,0.4612000000000001,0.3516,0.8012,45.4,26.8,12.4,5.4,0.4,1,6.0
22300277,2023-12-01,1610612742,DAL,110.2,0.4406,0.32059999999999994,0.7657999999999999,42.4,22.6,8.4,-6.6,0.4,2023-12-01,1610612763,MEM,96.4,0.4122,0.2962,0.7622,41.8,23.4,11.8,-10.2,0.2,0,-14.0
22300287,2023-12-02,1610612742,DAL,104.0,0.41559999999999997,0.3142,0.7592000000000001,41.0,22.6,8.2,-8.0,0.4,2023-12-02,1610612760,OKC,121.8,0.496,0.41240000000000004,0.8542,42.0,26.4,9.6,14.6,0.6,0,-6.0
22301213,2023-12-06,1610612742,DAL,105.4,0.41200000000000003,0.3166,0.7444000000000001,42.4,23.2,9.2,-6.0,0.4,2023-12-06,1610612762,UTA,103.6,0.42060000000000003,0.3286,0.7898,48.2,25.8,17.2,-2.6,0.6,1,50.0
22300306,2023-12-12,1610612742,DAL,121.2,0.47759999999999997,0.371,0.7534000000000001,44.2,28.6,13.0,10.0,0.6,2023-12-12,1610612747,LAL,115.8,0.4694000000000001,0.31379999999999997,0.7836000000000001,49.6,25.6,12.6,9.6,0.8,1,2.0
22300321,2023-12-14,1610612742,DAL,127.8,0.5024,0.40700000000000003,0.7914000000000001,43.0,28.8,12.8,13.2,0.8,2023-12-14,1610612750,MIN,112.0,0.4608,0.3564,0.8306000000000001,47.8,26.2,12.0,7.0,0.8,0,-18.0
22300372,2023-12-20,1610612742,DAL,116.6,0.48100000000000004,0.3628,0.804,40.6,24.4,13.0,-4.8,0.6,2023-12-20,1610612746,LAC,133.4,0.5439999999999999,0.4304,0.8936,42.4,28.6,11.2,15.8,1.0,0,-9.0
22300398,2023-12-23,1610612742,DAL,108.6,0.43739999999999996,0.28040000000000004,0.7405999999999999,41.4,21.6,11.0,-13.6,0.2,2023-12-23,1610612759,SAS,114.4,0.46519999999999995,0.3702,0.7751999999999999,44.6,28.6,14.6,-11.4,0.2,1,25.0
22300420,2023-12-27,1610612742,DAL,116.6,0.4556,0.3436,0.6904,43.2,22.8,10.2,-4.4,0.4,2023-12-27,1610612739,CLE,119.8,0.47059999999999996,0.3762,0.7116,42.8,31.4,11.0,3.2,0.8,0,-3.0
22300472,2024-01-03,1610612742,DAL,114.0,0.4756,0.3466,0.7478,39.6,26.2,12.4,-4.8,0.4,2024-01-03,1610612757,POR,112.6,0.4434,0.3874,0.7564,42.4,23.8,12.6,-6.2,0.4,1,29.0
22300487,2024-01-05,1610612742,DAL,113.6,0.46840000000000004,0.3604,0.7426,40.6,25.6,12.4,-1.8,0.4,2024-01-05,1610612757,POR,110.8,0.4312,0.3782,0.7658,45.6,23.2,14.8,-8.0,0.4,1,36.0
22300501,2024-01-07,1610612742,DAL,119.4,0.49640000000000006,0.39580000000000004,0.7068,43.6,28.4,13.8,6.0,0.6,2024-01-07,1610612750,MIN,112.0,0.49239999999999995,0.4016,0.7952,39.4,24.6,15.8,4.0,0.6,1,7.0
22300515,2024-01-09,1610612742,DAL,120.4,0.49820000000000003,0.386,0.6784000000000001,44.6,26.6,12.8,9.0,0.8,2024-01-09,1610612763,MEM,111.4,0.44699999999999995,0.36619999999999997,0.7812,44.2,26.2,13.4,-1.6,0.6,0,-17.0
22300530,2024-01-11,1610612742,DAL,114.6,0.4746,0.3726,0.6778000000000001,42.6,25.6,13.4,3.6,0.6,2024-01-11,1610612752,NYK,117.8,0.46959999999999996,0.3902,0.8618,50.0,26.4,13.4,20.4,1.0,1,4.0
22300547,2024-01-13,1610612742,DAL,122.2,0.495,0.4006,0.7312000000000001,42.0,25.4,12.2,11.8,0.8,2024-01-13,1610612740,NOP,119.8,0.5142,0.45760000000000006,0.792,43.4,30.8,11.2,10.4,0.6,0,-10.0
22300556,2024-01-15,1610612742,DAL,118.6,0.4852,0.38720000000000004,0.7797999999999999,40.2,25.0,12.4,4.0,0.6,2024-01-15,1610612740,NOP,120.0,0.5018,0.4452,0.767,44.0,30.6,10.8,10.2,0.6,1,5.0
22300611,2024-01-22,1610612742,DAL,114.8,0.4622,0.36160000000000003,0.8388,38.0,24.0,12.0,-7.0,0.4,2024-01-22,1610612738,BOS,116.6,0.45439999999999997,0.41500000000000004,0.781,50.0,24.0,10.6,13.4,0.8,0,-9.0
22300625,2024-01-24,1610612742,DAL,116.2,0.46299999999999997,0.36500000000000005,0.8186,41.0,24.8,11.6,-5.4,0.4,2024-01-24,1610612756,PHX,120.2,0.5369999999999999,0.4042,0.8150000000000001,43.6,29.6,11.8,7.2,1.0,0,-23.0
22300651,2024-01-27,1610612742,DAL,120.4,0.485,0.3964,0.7552,40.6,25.4,12.6,-7.8,0.4,2024-01-27,1610612758,SAC,127.2,0.5062,0.4088,0.7253999999999999,40.2,30.0,10.4,1.6,0.4,0,-5.0
22300666,2024-01-29,1610612742,DAL,118.4,0.481,0.3822,0.7337999999999999,40.8,27.6,12.4,-9.8,0.2,2024-01-29,1610612753,ORL,106.4,0.4643999999999999,0.3466,0.7668,38.8,24.2,12.6,-2.0,0.4,1,2.0
22300702,2024-02-03,1610612742,DAL,118.0,0.5062,0.3948,0.7194,35.8,26.6,13.6,-11.0,0.4,2024-02-03,1610612749,MIL,118.0,0.476,0.3788,0.7686,44.2,25.2,12.6,2.6,0.4,0,-12.0
22300748,2024-02-10,1610612742,DAL,112.6,0.48279999999999995,0.3766,0.7562,40.4,24.6,12.8,-0.8,0.6,2024-02-10,1610612760,OKC,116.8,0.48119999999999996,0.4348000000000001,0.8036000000000001,42.4,28.4,12.0,4.0,0.6,1,35.0
22300768,2024-02-12,1610612742,DAL,124.4,0.5176000000000001,0.41419999999999996,0.7616,45.0,27.0,12.0,13.0,0.8,2024-02-12,1610612764,WAS,112.4,0.462,0.3356,0.7582,40.6,29.4,13.6,-10.8,0.0,1,8.0
22300785,2024-02-14,1610612742,DAL,123.4,0.5084,0.3822,0.7098,47.8,28.0,11.0,17.0,1.0,2024-02-14,1610612759,SAS,108.2,0.45339999999999997,0.3258,0.8234,42.8,27.8,14.0,-8.2,0.2,1,23.0
22300796,2024-02-22,1610612742,DAL,123.0,0.5184,0.3766,0.702,50.0,28.0,12.2,18.4,1.0,2024-02-22,1610612756,PHX,120.2,0.5054000000000001,0.367,0.7834,44.2,27.8,14.8,8.4,0.8,1,10.0
22300871,2024-03-03,1610612742,DAL,119.8,0.49720000000000003,0.38439999999999996,0.7405999999999999,41.0,22.8,10.2,-6.2,0.4,2024-03-03,1610612755,PHI,103.6,0.42560000000000003,0.37439999999999996,0.8784000000000001,41.2,25.0,10.6,-7.8,0.4,0,-4.0
22300892,2024-03-05,1610612742,DAL,118.4,0.4946,0.376,0.7432000000000001,42.2,22.0,11.6,-9.0,0.2,2024-03-05,1610612754,IND,117.0,0.4742,0.316,0.8196,45.0,28.8,11.2,-3.2,0.4,0,-17.0
22300904,2024-03-07,1610612742,DAL,120.2,0.49720000000000003,0.35219999999999996,0.7624000000000001,42.8,23.6,10.4,-8.0,0.2,2024-03-07,1610612748,MIA,113.6,0.49700000000000005,0.4016,0.807,38.8,27.4,11.6,5.8,0.8,1,6.0
22300952,2024-03-13,1610612742,DAL,123.8,0.5022,0.35960000000000003,0.8151999999999999,43.2,26.4,11.0,7.6,0.6,2024-03-13,1610612744,GSW,112.0,0.4732,0.33940000000000003,0.695,45.6,29.2,13.4,-4.6,0.4,1,10.0
22300978,2024-03-17,1610612742,DAL,122.2,0.5222,0.34219999999999995,0.7986000000000001,42.4,28.8,12.8,12.4,0.8,2024-03-17,1610612743,DEN,119.8,0.5498000000000001,0.37239999999999995,0.7642,40.0,32.8,10.0,11.2,1.0,1,2.0
22301008,2024-03-21,1610612742,DAL,115.0,0.5002,0.3086,0.7892,46.2,28.2,12.2,9.2,0.8,2024-03-21,1610612762,UTA,108.4,0.4708,0.36100000000000004,0.8934000000000001,46.4,23.0,13.6,-11.0,0.2,1,16.0
22301124,2024-04-04,1610612742,DAL,115.8,0.4917999999999999,0.433,0.6614,45.4,28.0,10.6,12.8,0.8,2024-04-04,1610612737,ATL,118.0,0.5018,0.3896,0.7134,45.2,27.2,13.6,5.2,0.8,1,14.0
22301097,2024-04-05,1610612742,DAL,114.6,0.47700000000000004,0.4492,0.6712,46.6,25.8,12.2,13.6,0.8,2024-04-05,1610612744,GSW,114.0,0.5032,0.4006,0.8922000000000001,47.6,30.6,14.8,11.4,1.0,1,2.0
22301131,2024-04-07,1610612742,DAL,109.8,0.4614,0.40700000000000003,0.7006,45.0,25.0,13.8,6.8,0.8,2024-04-07,1610612745,HOU,105.6,0.4104000000000001,0.31239999999999996,0.7891999999999999,39.8,22.4,11.0,-12.4,0.2,1,11.0
22301181,2024-04-12,1610612742,DAL,121.0,0.49060000000000004,0.3572,0.7904,47.0,26.6,13.8,14.4,1.0,2024-04-12,1610612765,DET,102.6,0.4436000000000001,0.3806,0.709,37.0,23.6,14.0,-15.2,0.0,0,-18.0
42300173,2024-04-26,1610612742,DAL,95.8,0.41340000000000005,0.30979999999999996,0.7535999999999999,44.0,19.4,12.4,-11.4,0.4,2024-04-26,1610612746,LAC,104.8,0.4266,0.3144,0.804,46.2,21.6,11.4,-3.8,0.2,1,11.0
42300174,2024-04-28,1610612742,DAL,93.8,0.40519999999999995,0.29300000000000004,0.7472000000000001,43.4,18.2,12.6,-13.0,0.4,2024-04-28,1610612746,LAC,101.2,0.42540000000000006,0.3168,0.804,45.6,20.8,12.8,-2.8,0.2,0,-5.0
42300176,2024-05-03,1610612742,DAL,105.6,0.45920000000000005,0.3352,0.7424,41.8,20.2,10.6,5.4,0.6,2024-05-03,1610612746,LAC,100.2,0.4404,0.398,0.7956000000000001,41.4,19.6,12.8,-5.4,0.4,1,13.0
42300223,2024-05-11,1610612742,DAL,112.4,0.47519999999999996,0.3708,0.721,42.0,24.8,11.6,5.0,0.6,2024-05-11,1610612760,OKC,110.8,0.484,0.409,0.7816,44.2,24.8,11.4,14.8,0.8,1,4.0
42300224,2024-05-13,1610612742,DAL,111.2,0.4622,0.3708,0.6890000000000001,43.2,24.6,11.0,6.8,0.8,2024-05-13,1610612760,OKC,106.2,0.4598,0.379,0.7594000000000001,45.0,24.4,12.4,7.6,0.6,0,-4.0
42300226,2024-05-18,1610612742,DAL,103.8,0.44480000000000003,0.38100000000000006,0.6638,44.8,24.6,13.0,-0.2,0.6,2024-05-18,1610612760,OKC,104.0,0.43899999999999995,0.3264,0.8475999999999999,42.4,23.0,9.0,0.2,0.4,1,1.0
42300313,2024-05-26,1610612742,DAL,106.8,0.48580000000000007,0.36819999999999997,0.7243999999999999,46.4,24.6,13.4,2.6,0.8,2024-05-26,1610612750,MIN,104.6,0.4366,0.34619999999999995,0.7616,44.4,24.6,9.2,6.8,0.4,1,9.0
42300314,2024-05-28,1610612742,DAL,110.8,0.5157999999999999,0.3996,0.7878000000000001,43.4,23.2,13.6,5.2,1.0,2024-05-28,1610612750,MIN,106.6,0.4404,0.3446,0.766,44.4,23.8,8.4,8.0,0.4,0,-5.0
42300403,2024-06-12,1610612742,DAL,105.4,0.4838,0.35619999999999996,0.7468,40.2,18.2,13.0,0.0,0.4,2024-06-12,1610612738,BOS,111.4,0.47619999999999996,0.3416,0.8078,41.6,25.2,10.0,9.4,1.0,0,-7.0
42300404,2024-06-14,1610612742,DAL,102.0,0.46040000000000003,0.3282,0.754,42.4,17.4,11.8,-3.2,0.2,2024-06-14,1610612738,BOS,107.4,0.462,0.3346,0.8236000000000001,40.8,24.8,9.8,7.6,1.0,1,38.0
12300042,2023-10-15,1610612743,DEN,119.5,0.4865,0.386,0.8180000000000001,38.0,33.5,20.0,-0.5,0.5,2023-10-15,1610612741,CHI,117.5,0.4245,0.3695,0.9305,51.5,29.0,18.0,3.0,0.5,1,14.0
22300061,2023-10-24,1610612743,DEN,112.2,0.4744,0.34500000000000003,0.7756000000000001,40.4,28.4,15.4,2.6,0.6,2023-10-24,1610612747,LAL,112.0,0.465,0.35700000000000004,0.7257999999999999,43.8,24.4,17.8,-5.4,0.4,1,12.0
22300110,2023-10-30,1610612743,DEN,112.2,0.4934,0.36,0.7676000000000001,43.4,28.0,13.6,9.8,0.8,2023-10-30,1610612762,UTA,113.0,0.45999999999999996,0.3396,0.7602,48.6,25.8,15.8,-3.8,0.4,1,8.0
22300006,2023-11-03,1610612743,DEN,110.8,0.5102,0.33999999999999997,0.675,43.2,29.0,13.6,7.2,0.8,2023-11-03,1610612742,DAL,120.8,0.46900000000000003,0.41340000000000005,0.763,46.2,24.2,12.2,9.2,1.0,1,11.0
22300139,2023-11-04,1610612743,DEN,112.0,0.5102,0.34419999999999995,0.6724,45.0,29.8,14.8,7.0,0.8,2023-11-04,1610612741,CHI,106.0,0.44160000000000005,0.33540000000000003,0.8122,42.8,18.6,12.0,-3.8,0.4,1,22.0
22300156,2023-11-06,1610612743,DEN,115.0,0.5208,0.3574,0.6924,46.8,30.6,13.6,10.6,0.8,2023-11-06,1610612740,NOP,107.6,0.445,0.307,0.6784,42.2,23.4,11.0,-4.8,0.6,1,18.0
22300169,2023-11-08,1610612743,DEN,116.2,0.5078,0.35300000000000004,0.671,46.2,31.2,12.8,7.6,0.8,2023-11-08,1610612744,GSW,119.4,0.47400000000000003,0.3708,0.7558,45.2,29.6,14.0,6.2,0.8,1,3.0
22300024,2023-11-14,1610612743,DEN,118.8,0.49820000000000003,0.37140000000000006,0.7422000000000001,47.8,29.8,10.8,10.2,0.8,2023-11-14,1610612746,LAC,108.4,0.45759999999999995,0.32539999999999997,0.8092,43.2,22.4,15.6,-9.6,0.0,1,3.0
22300252,2023-11-26,1610612743,DEN,106.2,0.4478,0.35760000000000003,0.6954,43.0,27.2,12.6,-7.4,0.2,2023-11-26,1610612759,SAS,108.2,0.4337999999999999,0.3198,0.8332,44.2,27.2,15.6,-11.8,0.0,1,12.0
22300263,2023-11-29,1610612743,DEN,111.4,0.46259999999999996,0.38780000000000003,0.7148000000000001,45.6,28.4,13.8,0.2,0.6,2023-11-29,1610612745,HOU,110.2,0.4736000000000001,0.3422,0.8198000000000001,44.0,28.6,11.6,5.4,0.4,1,10.0
22301224,2023-12-08,1610612743,DEN,117.0,0.4928,0.3798,0.6778000000000001,43.4,33.4,8.8,2.4,0.6,2023-12-08,1610612745,HOU,110.2,0.4830000000000001,0.378,0.7714000000000001,46.2,27.4,13.8,0.4,0.4,0,-8.0
22300322,2023-12-14,1610612743,DEN,113.6,0.4678,0.373,0.7522,46.8,28.6,11.4,-1.6,0.4,2023-12-14,1610612751,BKN,120.2,0.47620000000000007,0.3942,0.7944,46.8,26.0,10.6,9.4,0.8,1,23.0
22300340,2023-12-16,1610612743,DEN,115.0,0.4638,0.3916,0.7936,47.2,27.8,11.0,4.2,0.6,2023-12-16,1610612760,OKC,124.4,0.46740000000000004,0.3366,0.8602000000000001,40.4,24.4,10.8,1.6,0.6,0,-1.0
22300356,2023-12-18,1610612743,DEN,118.0,0.47059999999999996,0.3892,0.7908,47.2,28.0,10.6,5.8,0.6,2023-12-18,1610612742,DAL,120.8,0.495,0.356,0.882,40.4,25.8,13.8,3.0,0.8,1,26.0
22300402,2023-12-25,1610612743,DEN,116.8,0.493,0.42000000000000004,0.7638,45.4,28.4,9.0,9.2,0.8,2023-12-25,1610612744,GSW,125.8,0.507,0.39520000000000005,0.8347999999999999,50.0,32.0,13.2,9.0,1.0,1,6.0
22300425,2023-12-28,1610612743,DEN,117.4,0.5002,0.4274,0.7514,44.8,27.4,10.0,10.6,1.0,2023-12-28,1610612763,MEM,113.8,0.4626,0.3408,0.7594000000000001,45.8,24.8,17.0,0.6,0.8,1,37.0
22300435,2023-12-29,1610612743,DEN,119.8,0.5022,0.41739999999999994,0.7592,46.2,30.2,10.6,12.8,1.0,2023-12-29,1610612760,OKC,125.6,0.5352,0.3988,0.8353999999999999,37.8,29.0,9.4,12.2,0.8,0,-26.0
22300455,2024-01-01,1610612743,DEN,115.8,0.487,0.3986,0.82,44.2,30.4,12.2,5.8,0.8,2024-01-01,1610612766,CHA,108.6,0.4542,0.3412,0.7944,39.0,27.6,12.6,-16.4,0.0,1,18.0
22300488,2024-01-05,1610612743,DEN,119.2,0.5087999999999999,0.3822,0.8086,42.4,30.6,11.6,7.6,0.8,2024-01-05,1610612753,ORL,113.2,0.4486,0.3532,0.8366,43.4,23.0,16.6,-5.0,0.2,0,-2.0
22300502,2024-01-07,1610612743,DEN,119.2,0.5122,0.3544,0.8038000000000001,41.4,31.2,11.4,6.0,0.6,2024-01-07,1610612765,DET,124.2,0.4878,0.3922,0.7642,44.6,28.2,14.8,-7.4,0.2,1,17.0
22300539,2024-01-12,1610612743,DEN,120.6,0.5218,0.3556,0.8314,38.0,28.8,11.6,4.6,0.6,2024-01-12,1610612740,NOP,119.6,0.5130000000000001,0.4608,0.8022,47.0,29.4,12.8,18.2,0.8,1,12.0
22300550,2024-01-14,1610612743,DEN,123.4,0.5342,0.3614,0.8224,38.8,29.4,12.6,3.4,0.6,2024-01-14,1610612754,IND,124.4,0.5389999999999999,0.4166,0.8208,43.0,34.8,14.8,9.0,0.8,1,8.0
22300644,2024-01-27,1610612743,DEN,106.8,0.4838,0.3122,0.7872,45.0,22.8,12.2,-5.4,0.6,2024-01-27,1610612755,PHI,120.4,0.4901999999999999,0.3216,0.804,39.8,24.6,8.2,5.2,0.8,1,6.0
22300667,2024-01-29,1610612743,DEN,104.8,0.47280000000000005,0.2996,0.7615999999999999,44.6,23.2,11.6,-3.2,0.8,2024-01-29,1610612749,MIL,126.0,0.49240000000000006,0.3672,0.7798,48.0,26.2,11.4,7.4,0.8,1,6.0
22300697,2024-02-02,1610612743,DEN,104.4,0.4476,0.30060000000000003,0.7846,44.0,23.4,10.4,-5.2,0.6,2024-02-02,1610612757,POR,116.4,0.48360000000000003,0.3478,0.8896000000000001,42.2,26.2,12.4,2.2,0.6,1,12.0
22300712,2024-02-04,1610612743,DEN,105.6,0.44860000000000005,0.30060000000000003,0.7964,45.2,25.8,10.6,-3.8,0.6,2024-02-04,1610612757,POR,110.6,0.4742,0.33340000000000003,0.8662000000000001,40.0,22.8,11.6,-1.4,0.4,1,9.0
22300786,2024-02-14,1610612743,DEN,109.4,0.4648,0.364,0.8119999999999999,44.6,28.6,12.8,-3.4,0.6,2024-02-14,1610612758,SAC,120.6,0.5054000000000001,0.37959999999999994,0.7192000000000001,41.0,30.0,12.6,-5.8,0.2,0,-4.0
22300800,2024-02-22,1610612743,DEN,105.0,0.4424,0.3666,0.7966,44.0,27.2,13.0,-6.6,0.4,2024-02-22,1610612764,WAS,115.6,0.46040000000000003,0.3766,0.7567999999999999,43.8,29.8,15.2,-6.6,0.0,1,20.0
22300847,2024-02-28,1610612743,DEN,113.8,0.4814,0.317,0.757,48.6,31.8,12.6,6.0,0.6,2024-02-28,1610612758,SAC,117.4,0.5074,0.35359999999999997,0.7308,44.4,27.2,12.4,1.8,0.6,1,21.0
22300855,2024-02-29,1610612743,DEN,118.2,0.5118,0.3478,0.7976,47.6,34.0,13.0,13.6,0.8,2024-02-29,1610612748,MIA,113.0,0.5006,0.4284,0.7766,41.8,27.4,14.0,12.6,1.0,1,6.0
22300893,2024-03-05,1610612743,DEN,118.0,0.5256000000000001,0.3886,0.8019999999999999,44.2,31.6,12.4,13.6,1.0,2024-03-05,1610612756,PHX,112.4,0.43520000000000003,0.3342,0.8084,51.4,24.8,15.2,-1.2,0.4,0,-10.0
22300906,2024-03-07,1610612743,DEN,114.0,0.49339999999999995,0.3848,0.8176,45.4,29.0,12.8,8.6,0.8,2024-03-07,1610612738,BOS,123.0,0.5238,0.4098,0.8808,48.6,28.0,10.0,22.2,0.8,1,6.0
22300922,2024-03-09,1610612743,DEN,113.2,0.49559999999999993,0.354,0.8394,45.4,28.6,12.2,6.6,0.8,2024-03-09,1610612762,UTA,113.6,0.4446,0.368,0.8501999999999998,43.6,26.0,12.2,-6.2,0.2,1,21.0
22300937,2024-03-11,1610612743,DEN,118.2,0.5212,0.38699999999999996,0.8202,43.2,29.6,11.8,6.6,0.8,2024-03-11,1610612761,TOR,109.0,0.44220000000000004,0.32799999999999996,0.7182000000000001,43.2,27.6,13.6,-13.6,0.2,1,6.0
22301009,2024-03-21,1610612743,DEN,112.4,0.509,0.40519999999999995,0.738,41.8,29.8,10.8,6.0,0.8,2024-03-21,1610612752,NYK,100.2,0.4364,0.28840000000000005,0.8196,49.4,23.0,13.4,9.4,0.8,1,13.0
22301040,2024-03-25,1610612743,DEN,112.8,0.49939999999999996,0.3962,0.7928,43.4,29.0,11.6,5.6,0.8,2024-03-25,1610612763,MEM,107.2,0.41979999999999995,0.3742,0.7866,45.4,25.4,14.8,-9.4,0.2,1,25.0
22301059,2024-03-27,1610612743,DEN,115.0,0.4958,0.41,0.8315999999999999,45.4,29.2,12.2,8.4,0.8,2024-03-27,1610612756,PHX,121.0,0.5484,0.4526,0.7754,43.6,32.8,14.8,7.6,0.6,0,-7.0
22301071,2024-03-29,1610612743,DEN,113.4,0.49420000000000003,0.3742,0.8422000000000001,45.6,28.8,12.4,7.4,0.8,2024-03-29,1610612750,MIN,110.0,0.4862,0.4166,0.6878,40.4,27.4,10.8,7.8,0.8,0,-13.0
22301077,2024-03-31,1610612743,DEN,110.0,0.47000000000000003,0.3276,0.8358000000000001,45.0,29.4,11.4,4.2,0.6,2024-03-31,1610612739,CLE,103.6,0.483,0.366,0.7218,37.4,30.8,13.4,-6.2,0.4,1,29.0
22301099,2024-04-02,1610612743,DEN,113.4,0.47780000000000006,0.3948,0.8042,46.8,30.4,12.8,7.4,0.6,2024-04-02,1610612759,SAS,114.2,0.48179999999999995,0.36219999999999997,0.8042,41.2,31.0,15.4,-3.2,0.6,1,5.0
22301130,2024-04-06,1610612743,DEN,107.0,0.4556,0.362,0.7686,47.6,28.8,11.4,2.4,0.4,2024-04-06,1610612737,ATL,113.0,0.4782,0.38,0.6868000000000001,48.2,26.8,14.6,-0.4,0.6,1,32.0
22301164,2024-04-10,1610612743,DEN,118.6,0.5077999999999999,0.4426,0.6906,48.8,31.8,12.2,16.0,0.8,2024-04-10,1610612750,MIN,118.0,0.48460000000000003,0.4114,0.8093999999999999,44.6,29.6,13.2,12.8,0.8,1,9.0
42300151,2024-04-20,1610612743,DEN,123.0,0.5334000000000001,0.41459999999999997,0.7158,44.2,32.4,12.2,14.2,0.8,2024-04-20,1610612747,LAL,118.8,0.48200000000000004,0.3656,0.8628,40.0,27.8,12.6,-0.2,0.6,1,11.0
42300152,2024-04-22,1610612743,DEN,117.4,0.5052,0.3738,0.7198,44.6,30.2,10.0,10.0,0.8,2024-04-22,1610612747,LAL,116.0,0.4880000000000001,0.3498,0.8667999999999999,39.8,26.8,12.0,-0.4,0.6,1,2.0
42300155,2024-04-29,1610612743,DEN,112.2,0.4716,0.2808,0.853,47.8,28.4,11.4,4.8,0.8,2024-04-29,1610612747,LAL,107.2,0.48180000000000006,0.3204,0.82,40.6,23.2,10.4,-1.0,0.4,1,2.0
42300231,2024-05-04,1610612743,DEN,108.6,0.4626,0.2984,0.8615999999999999,46.0,27.6,10.6,2.2,0.8,2024-05-04,1610612750,MIN,115.8,0.48360000000000003,0.36019999999999996,0.8518000000000001,44.2,24.0,14.6,8.2,0.8,0,-7.0
42300232,2024-05-06,1610612743,DEN,105.6,0.4638,0.31079999999999997,0.8550000000000001,43.0,27.0,12.2,-1.4,0.6,2024-05-06,1610612750,MIN,115.8,0.4856,0.3724,0.8405999999999999,45.4,24.4,12.6,13.4,1.0,0,-26.0
42300235,2024-05-14,1610612743,DEN,103.8,0.47919999999999996,0.41419999999999996,0.8122,40.0,24.6,12.6,0.8,0.6,2024-05-14,1610612750,MIN,106.2,0.4796,0.38280000000000003,0.7172000000000001,40.4,23.8,12.0,0.8,0.6,1,15.0
42300237,2024-05-19,1610612743,DEN,98.8,0.46180000000000004,0.37979999999999997,0.7982,40.4,23.8,12.2,-4.2,0.6,2024-05-19,1610612750,MIN,103.0,0.47300000000000003,0.35459999999999997,0.7094,42.2,25.6,11.4,4.2,0.4,0,-8.0
12300059,2023-10-18,1610612744,GSW,125.0,0.4703333333333333,0.3813333333333333,0.7473333333333333,52.333333333333336,27.0,17.666666666666668,8.066666666666666,1.0,2023-10-18,1610612758,SAC,105.0,0.4166666666666667,0.285,0.7239999999999999,40.0,30.333333333333332,16.0,-9.0,0.0,1,1.0
12300073,2023-10-20,1610612744,GSW,122.75,0.4805,0.415,0.72725,51.0,28.0,18.75,6.3,1.0,2023-10-20,1610612759,SAS,111.75,0.45825,0.3825,0.68575,46.5,28.0,16.75,4.75,0.5,0,-5.0
22300062,2023-10-24,1610612744,GSW,121.6,0.4748,0.3928,0.7338,51.2,28.0,18.6,4.04,0.8,2023-10-24,1610612756,PHX,119.8,0.471,0.381,0.7929999999999999,45.8,27.0,18.2,8.2,0.8,0,-4.0
22300126,2023-11-01,1610612744,GSW,115.8,0.46240000000000003,0.3482,0.7672,50.6,26.8,15.2,7.6,0.6,2023-11-01,1610612758,SAC,121.4,0.4544,0.3436,0.756,44.6,26.8,12.4,3.0,0.6,1,1.0
22300176,2023-11-11,1610612744,GSW,114.4,0.45599999999999996,0.36039999999999994,0.7796000000000001,42.2,28.2,13.0,0.0,0.6,2023-11-11,1610612739,CLE,107.4,0.4694,0.30619999999999997,0.8032,44.4,24.0,16.4,-2.8,0.4,0,-8.0
22300186,2023-11-12,1610612744,GSW,116.0,0.442,0.3578,0.7596,46.0,27.0,13.6,-1.8,0.4,2023-11-12,1610612750,MIN,117.2,0.515,0.3764,0.7485999999999999,46.8,24.8,16.0,16.4,1.0,0,-6.0
22300025,2023-11-14,1610612744,GSW,109.8,0.4124,0.3236,0.7644,48.6,24.6,13.4,-3.4,0.2,2023-11-14,1610612750,MIN,118.4,0.5282000000000001,0.3668,0.696,46.8,26.2,16.2,13.4,1.0,0,-3.0
22300201,2023-11-16,1610612744,GSW,109.2,0.42399999999999993,0.31220000000000003,0.806,49.0,25.0,14.6,-1.8,0.2,2023-11-16,1610612760,OKC,117.2,0.4888,0.36340000000000006,0.8686,40.2,25.8,13.0,11.6,0.8,0,-19.0
22300207,2023-11-18,1610612744,GSW,107.0,0.41080000000000005,0.32180000000000003,0.8114000000000001,50.0,25.2,15.6,-7.8,0.0,2023-11-18,1610612760,OKC,117.6,0.49420000000000003,0.4022,0.8598000000000001,38.8,26.6,12.8,13.6,0.8,0,-7.0
22300224,2023-11-20,1610612744,GSW,110.6,0.41559999999999997,0.33720000000000006,0.8196,50.0,27.6,17.0,-8.6,0.0,2023-11-20,1610612745,HOU,108.6,0.46040000000000003,0.34480000000000005,0.7422000000000001,45.0,25.0,12.6,6.6,0.6,1,5.0
22300051,2023-11-24,1610612744,GSW,113.8,0.44560000000000005,0.3732,0.7954,46.0,28.6,14.8,-6.4,0.2,2023-11-24,1610612759,SAS,103.2,0.42119999999999996,0.3288,0.8,43.6,26.4,16.6,-17.8,0.0,1,6.0
22300273,2023-11-30,1610612744,GSW,120.0,0.47519999999999996,0.41180000000000005,0.7944000000000001,45.6,29.6,16.2,-1.0,0.4,2023-11-30,1610612746,LAC,111.4,0.4596,0.3388,0.749,46.4,25.4,11.2,4.2,0.6,1,6.0
22301214,2023-12-06,1610612744,GSW,117.6,0.47919999999999996,0.392,0.7696000000000001,45.0,30.0,15.4,0.4,0.4,2023-12-06,1610612757,POR,110.6,0.45899999999999996,0.41340000000000005,0.8224,39.0,23.6,15.4,3.4,0.6,1,4.0
22300339,2023-12-16,1610612744,GSW,117.4,0.4426,0.3578,0.8056000000000001,49.2,25.6,16.8,-2.0,0.2,2023-12-16,1610612751,BKN,114.6,0.4574,0.3652,0.796,46.0,25.4,11.6,-0.8,0.6,1,4.0
22300362,2023-12-19,1610612744,GSW,121.4,0.473,0.3946,0.8044,47.8,27.4,16.4,-1.0,0.4,2023-12-19,1610612738,BOS,122.2,0.4962,0.41500000000000004,0.8564,42.4,23.6,11.4,12.0,1.0,1,6.0
22300386,2023-12-22,1610612744,GSW,120.6,0.4706,0.3954,0.8106,47.6,27.4,12.8,0.6,0.6,2023-12-22,1610612764,WAS,123.2,0.5012000000000001,0.4182,0.7764,40.0,28.0,12.8,-4.2,0.4,1,11.0
22300399,2023-12-23,1610612744,GSW,123.2,0.4784,0.4058,0.8472000000000002,48.8,28.8,12.2,3.4,0.8,2023-12-23,1610612757,POR,114.8,0.45780000000000004,0.38259999999999994,0.8156000000000001,44.6,23.4,13.0,-3.8,0.2,1,20.0
22300426,2023-12-28,1610612744,GSW,123.8,0.5022,0.359,0.8188000000000001,49.4,30.8,13.0,7.0,0.8,2023-12-28,1610612748,MIA,116.4,0.4824,0.41320000000000007,0.806,42.8,25.2,13.4,4.4,0.8,0,-12.0
22300444,2023-12-30,1610612744,GSW,120.6,0.48040000000000005,0.33899999999999997,0.842,49.4,30.0,12.8,3.8,0.6,2023-12-30,1610612742,DAL,117.6,0.458,0.3488,0.7924,42.6,24.4,12.0,0.4,0.4,0,-10.0
22300463,2024-01-02,1610612744,GSW,118.6,0.4798,0.3382,0.8089999999999999,47.0,30.6,12.8,0.6,0.4,2024-01-02,1610612753,ORL,112.0,0.47379999999999994,0.32080000000000003,0.8054,43.2,23.0,15.0,-0.2,0.6,1,6.0
22300478,2024-01-04,1610612744,GSW,117.0,0.4904,0.3324,0.7687999999999999,42.8,28.6,12.8,-0.4,0.4,2024-01-04,1610612743,DEN,113.6,0.4824,0.393,0.8076000000000001,44.8,30.0,13.0,8.4,0.8,0,-3.0
22300490,2024-01-05,1610612744,GSW,117.2,0.48360000000000003,0.3552,0.7772,39.6,28.0,11.2,-5.0,0.2,2024-01-05,1610612765,DET,124.8,0.4868,0.40520000000000006,0.748,47.0,27.2,15.2,-7.8,0.2,1,4.0
22300504,2024-01-07,1610612744,GSW,117.0,0.4842000000000001,0.3694,0.7712,40.8,28.2,11.8,-3.0,0.4,2024-01-07,1610612761,TOR,123.0,0.4946,0.41319999999999996,0.7726,40.2,27.2,9.6,-0.2,0.4,0,-15.0
22300525,2024-01-10,1610612744,GSW,120.2,0.4902000000000001,0.38180000000000003,0.7978,40.8,28.8,11.2,-3.6,0.4,2024-01-10,1610612740,NOP,117.2,0.5016,0.46579999999999994,0.8177999999999999,47.0,28.6,12.8,15.0,0.8,0,-36.0
22300626,2024-01-24,1610612744,GSW,117.6,0.4756,0.3556,0.8084,43.2,28.8,11.2,-12.4,0.2,2024-01-24,1610612737,ATL,105.2,0.43760000000000004,0.346,0.788,46.2,22.4,15.0,-4.6,0.6,1,22.0
22300632,2024-01-25,1610612744,GSW,120.8,0.4976,0.39180000000000004,0.7672,44.4,28.0,11.2,-5.0,0.4,2024-01-25,1610612758,SAC,119.0,0.46820000000000006,0.35939999999999994,0.7186,44.2,27.4,11.6,-2.4,0.2,0,-1.0
22300650,2024-01-27,1610612744,GSW,126.4,0.5216000000000001,0.433,0.7572000000000001,42.4,29.2,10.4,2.0,0.4,2024-01-27,1610612747,LAL,126.0,0.5254000000000001,0.43520000000000003,0.7807999999999999,41.0,30.8,12.6,4.2,0.6,0,-1.0
22300673,2024-01-30,1610612744,GSW,127.2,0.5098,0.4272,0.7482,43.6,28.8,13.2,0.0,0.2,2024-01-30,1610612755,PHI,112.2,0.4758,0.2272,0.8119999999999999,39.6,23.0,10.2,-5.2,0.4,1,12.0
22300757,2024-02-10,1610612744,GSW,124.4,0.5042,0.3668,0.7971999999999999,52.8,29.0,14.0,13.8,0.8,2024-02-10,1610612756,PHX,127.8,0.573,0.41739999999999994,0.754,41.6,30.6,14.6,11.4,0.8,1,1.0
22300789,2024-02-14,1610612744,GSW,121.8,0.4894,0.4008,0.7356,52.8,30.2,13.6,15.8,1.0,2024-02-14,1610612746,LAC,114.0,0.46880000000000005,0.40780000000000005,0.8661999999999999,38.4,23.6,13.0,-2.6,0.6,0,-5.0
22300802,2024-02-22,1610612744,GSW,127.6,0.4948,0.45200000000000007,0.7173999999999999,48.0,34.6,13.0,8.6,0.8,2024-02-22,1610612747,LAL,126.4,0.5326000000000001,0.3718,0.8158,40.6,32.2,10.8,9.0,0.8,1,18.0
22300811,2024-02-23,1610612744,GSW,127.0,0.47640000000000005,0.42379999999999995,0.735,47.8,34.4,11.4,7.8,0.8,2024-02-23,1610612766,CHA,109.4,0.47619999999999996,0.3864,0.7904,45.0,25.8,13.8,2.6,0.8,1,13.0
22300824,2024-02-25,1610612744,GSW,123.8,0.4726,0.40279999999999994,0.7859999999999999,48.0,33.4,13.0,10.2,0.8,2024-02-25,1610612743,DEN,111.2,0.47620000000000007,0.3172,0.7306,46.6,31.2,14.6,-3.0,0.4,0,-16.0
22300899,2024-03-06,1610612744,GSW,108.8,0.44420000000000004,0.3358,0.6912,48.2,28.4,15.4,-6.2,0.6,2024-03-06,1610612749,MIL,115.8,0.48360000000000003,0.4034,0.8246,47.4,24.8,10.4,18.8,1.0,1,35.0
22300907,2024-03-07,1610612744,GSW,113.2,0.46980000000000005,0.36839999999999995,0.6536,49.8,30.4,14.8,4.0,0.8,2024-03-07,1610612741,CHI,111.2,0.4434,0.32139999999999996,0.8284,45.6,26.6,10.0,-2.2,0.6,0,-3.0
22300921,2024-03-09,1610612744,GSW,113.0,0.4606,0.3294,0.6724,50.6,28.8,13.4,1.2,0.6,2024-03-09,1610612759,SAS,116.8,0.4972,0.41900000000000004,0.837,43.6,32.6,15.4,0.4,0.4,0,-13.0
22300988,2024-03-18,1610612744,GSW,114.8,0.4686,0.3544,0.7708,43.8,28.4,11.6,-1.8,0.4,2024-03-18,1610612752,NYK,96.0,0.4358000000000001,0.30979999999999996,0.7996000000000001,49.2,21.2,14.4,12.8,0.8,0,-7.0
22301001,2024-03-20,1610612744,GSW,112.8,0.4732,0.3798,0.7622000000000001,42.0,28.0,12.0,-2.6,0.4,2024-03-20,1610612763,MEM,104.6,0.4232,0.3452,0.791,44.6,25.6,16.0,-9.4,0.2,1,21.0
22301016,2024-03-22,1610612744,GSW,117.6,0.496,0.41059999999999997,0.6839999999999999,43.8,31.4,10.8,4.2,0.6,2024-03-22,1610612754,IND,119.2,0.502,0.28959999999999997,0.7674,45.0,30.2,10.0,8.4,0.6,0,-12.0
22300589,2024-04-02,1610612744,GSW,111.2,0.49440000000000006,0.3558,0.79,45.4,29.8,12.2,9.4,0.8,2024-04-02,1610612742,DAL,118.4,0.5042000000000001,0.4206,0.6556,45.6,29.2,10.2,16.8,1.0,1,4.0
22301142,2024-04-07,1610612744,GSW,115.0,0.5026,0.4104,0.8564,46.0,30.8,15.4,9.4,0.8,2024-04-07,1610612762,UTA,106.4,0.442,0.35019999999999996,0.8535999999999999,39.2,23.2,17.4,-14.8,0.0,1,8.0
22301182,2024-04-12,1610612744,GSW,118.2,0.5236000000000001,0.4412,0.8027999999999998,44.4,29.8,15.4,10.2,0.8,2024-04-12,1610612740,NOP,115.0,0.48819999999999997,0.398,0.9032,40.6,27.0,13.0,3.8,0.6,0,-5.0
22301198,2024-04-14,1610612744,GSW,113.4,0.499,0.4204,0.7792,46.4,29.4,15.0,4.6,0.6,2024-04-14,1610612762,UTA,108.2,0.4446,0.31639999999999996,0.8596,42.2,22.6,14.0,-9.8,0.4,1,7.0
12300071,2023-10-20,1610612745,HOU,111.0,0.43600000000000005,0.31125,0.7424999999999999,51.25,25.25,14.75,12.25,0.75,2023-10-20,1610612748,MIA,113.25,0.45525,0.3405,0.8345,50.25,25.75,17.5,-1.75,0.5,1,6.0
22300096,2023-10-29,1610612745,HOU,104.0,0.4234,0.2768,0.6944,44.6,23.0,16.6,-6.4,0.4,2023-10-29,1610612744,GSW,116.0,0.45920000000000005,0.37320000000000003,0.7806000000000001,48.0,25.6,16.6,1.2,0.6,0,-11.0
22300122,2023-11-01,1610612745,HOU,103.2,0.41900000000000004,0.2666,0.7458,42.8,22.8,15.2,-10.6,0.2,2023-11-01,1610612766,CHA,110.4,0.46159999999999995,0.2528,0.769,44.6,27.8,16.4,-8.8,0.4,1,9.0
22300137,2023-11-04,1610612745,HOU,108.2,0.453,0.346,0.751,40.4,25.6,15.4,-6.0,0.4,2023-11-04,1610612758,SAC,118.6,0.4438,0.3464,0.771,46.2,27.0,12.2,3.0,0.6,1,18.0
22300153,2023-11-06,1610612745,HOU,107.6,0.4574000000000001,0.36099999999999993,0.7196,41.4,26.8,14.2,-3.6,0.4,2023-11-06,1610612758,SAC,113.2,0.4316,0.3218,0.7535999999999999,44.8,25.4,11.6,-1.2,0.4,1,25.0
22300163,2023-11-08,1610612745,HOU,114.8,0.491,0.3872,0.7502,43.0,28.6,12.6,7.4,0.6,2023-11-08,1610612747,LAL,114.2,0.493,0.3096,0.7968,44.4,25.6,15.2,-3.4,0.4,1,34.0
22300011,2023-11-10,1610612745,HOU,116.0,0.4966000000000001,0.422,0.7766,45.8,27.8,11.2,15.0,0.8,2023-11-10,1610612740,NOP,111.4,0.4486,0.34500000000000003,0.8321999999999999,41.4,24.2,12.2,-8.8,0.4,1,3.0
22300182,2023-11-12,1610612745,HOU,117.8,0.5028,0.4246,0.7444,45.8,27.4,11.6,17.8,1.0,2023-11-12,1610612743,DEN,115.8,0.48500000000000004,0.3516,0.725,46.6,29.6,11.6,6.6,0.8,1,3.0
22300231,2023-11-22,1610612745,HOU,106.2,0.4434,0.3234,0.7736,43.2,25.4,12.0,-1.2,0.4,2023-11-22,1610612763,MEM,110.6,0.4194,0.3618,0.7950000000000002,39.6,25.4,11.4,-3.8,0.4,1,20.0
22300048,2023-11-24,1610612745,HOU,107.6,0.44860000000000005,0.33140000000000003,0.7864,44.6,25.8,11.4,2.2,0.4,2023-11-24,1610612743,DEN,111.2,0.4866,0.3806,0.7088000000000001,41.0,29.0,12.4,-3.0,0.4,1,19.0
22301212,2023-12-06,1610612745,HOU,110.4,0.4736000000000001,0.35219999999999996,0.805,45.4,26.2,11.2,2.6,0.4,2023-12-06,1610612760,OKC,120.2,0.46299999999999997,0.3812,0.8177999999999999,43.4,25.6,8.6,7.2,0.6,1,9.0
22300298,2023-12-11,1610612745,HOU,112.0,0.4708000000000001,0.3618,0.7456,45.8,26.6,12.8,-1.8,0.4,2023-12-11,1610612759,SAS,113.4,0.45899999999999996,0.37079999999999996,0.82,42.8,30.8,15.6,-9.2,0.0,1,11.0
22300314,2023-12-13,1610612745,HOU,107.6,0.4408,0.36819999999999997,0.757,49.8,24.0,13.6,1.6,0.6,2023-12-13,1610612763,MEM,109.8,0.46980000000000005,0.375,0.8141999999999999,40.8,23.4,13.8,-2.0,0.4,1,13.0
22300371,2023-12-20,1610612745,HOU,112.4,0.4302,0.3666,0.8402,49.4,24.2,13.6,3.4,0.6,2023-12-20,1610612737,ATL,124.8,0.4952,0.4152,0.8417999999999999,41.2,27.4,11.4,1.0,0.4,0,-7.0
22300385,2023-12-22,1610612745,HOU,119.2,0.46020000000000005,0.3992,0.8702,44.8,25.2,12.0,-0.2,0.4,2023-12-22,1610612742,DAL,114.8,0.4668,0.3430000000000001,0.7657999999999999,39.2,23.6,10.8,-8.0,0.4,1,26.0
22300409,2023-12-26,1610612745,HOU,120.8,0.4790000000000001,0.36819999999999997,0.8686,44.4,25.4,11.4,1.4,0.4,2023-12-26,1610612754,IND,118.6,0.515,0.3798,0.8131999999999999,36.8,31.0,13.6,-6.2,0.2,0,-6.0
22300418,2023-12-27,1610612745,HOU,120.4,0.47020000000000006,0.32839999999999997,0.8608,47.0,24.0,11.6,2.0,0.4,2023-12-27,1610612756,PHX,111.4,0.46240000000000003,0.2754,0.7754,45.2,25.8,14.2,-9.4,0.2,0,-16.0
22300434,2023-12-29,1610612745,HOU,117.0,0.4614000000000001,0.3386,0.8283999999999999,44.2,21.2,10.8,-0.2,0.4,2023-12-29,1610612755,PHI,115.4,0.47859999999999997,0.379,0.8104000000000001,40.4,22.8,10.8,6.8,0.6,0,-4.0
22300453,2024-01-01,1610612745,HOU,117.0,0.4702,0.3378,0.7712,45.2,22.2,12.4,0.4,0.4,2024-01-01,1610612765,DET,117.8,0.48260000000000003,0.3668,0.7654,45.4,25.2,15.0,-5.8,0.2,1,23.0
22300469,2024-01-03,1610612745,HOU,119.8,0.4854000000000001,0.3658,0.7644,40.4,24.8,11.0,-0.2,0.4,2024-01-03,1610612751,BKN,107.4,0.4224,0.2932,0.653,46.6,25.4,9.2,-13.0,0.2,1,11.0
22300485,2024-01-05,1610612745,HOU,121.0,0.4974,0.40119999999999995,0.751,41.2,26.0,12.0,1.6,0.4,2024-01-05,1610612750,MIN,108.8,0.48100000000000004,0.4056,0.7978,35.8,22.8,17.2,-6.0,0.4,0,-27.0
22300496,2024-01-06,1610612745,HOU,116.6,0.48040000000000005,0.4346,0.734,40.0,25.8,13.0,-2.6,0.4,2024-01-06,1610612749,MIL,126.2,0.5142,0.36920000000000003,0.7958000000000001,42.8,30.2,13.0,2.6,0.6,1,4.0
22300598,2024-01-20,1610612745,HOU,110.6,0.4504,0.26139999999999997,0.7565999999999999,45.0,22.8,11.6,-11.8,0.2,2024-01-20,1610612762,UTA,132.4,0.5208000000000002,0.4104,0.8474,46.4,31.6,13.4,14.8,0.8,1,1.0
22300603,2024-01-21,1610612745,HOU,112.2,0.4408,0.2792,0.7638,46.2,22.4,10.2,-10.6,0.4,2024-01-21,1610612738,BOS,113.8,0.44139999999999996,0.394,0.8032,45.2,22.2,8.6,5.0,0.6,0,-9.0
22300623,2024-01-24,1610612745,HOU,111.2,0.4368,0.28300000000000003,0.7242,47.8,23.4,11.4,-12.8,0.2,2024-01-24,1610612757,POR,111.6,0.4668,0.38280000000000003,0.8202,41.0,22.6,12.4,-6.4,0.4,0,-6.0
22300662,2024-01-29,1610612745,HOU,121.4,0.47020000000000006,0.32320000000000004,0.7716000000000001,50.0,27.2,11.8,3.6,0.4,2024-01-29,1610612747,LAL,129.6,0.5148,0.41600000000000004,0.8160000000000001,43.0,30.8,14.4,1.0,0.6,1,16.0
22300679,2024-01-31,1610612745,HOU,123.0,0.4910000000000001,0.32320000000000004,0.7964,50.0,29.0,13.4,6.6,0.4,2024-01-31,1610612740,NOP,114.8,0.4768,0.333,0.7333999999999999,44.6,26.6,13.2,-7.8,0.2,0,-11.0
22300692,2024-02-02,1610612745,HOU,121.4,0.48420000000000013,0.325,0.8482,46.0,27.6,11.4,6.2,0.4,2024-02-02,1610612761,TOR,110.0,0.4586,0.3654,0.7776,41.4,29.8,14.2,-8.8,0.2,1,29.0
22300765,2024-02-12,1610612745,HOU,114.2,0.46900000000000003,0.373,0.735,48.8,24.0,15.6,-1.4,0.2,2024-02-12,1610612752,NYK,111.2,0.45780000000000004,0.31899999999999995,0.8498000000000001,45.2,21.4,10.0,-4.4,0.4,1,2.0
22300806,2024-02-23,1610612745,HOU,108.0,0.43760000000000004,0.3508,0.6856,49.0,22.6,16.0,-8.0,0.2,2024-02-23,1610612756,PHX,120.0,0.5005999999999999,0.3932,0.8,42.6,28.4,15.4,4.8,0.6,1,4.0
22300822,2024-02-25,1610612745,HOU,110.0,0.42780000000000007,0.3384,0.67,50.2,23.2,14.6,-6.6,0.4,2024-02-25,1610612760,OKC,128.2,0.5262,0.44699999999999995,0.8210000000000001,41.4,27.0,11.4,11.2,0.8,0,-13.0
22300891,2024-03-05,1610612745,HOU,108.4,0.3934000000000001,0.3158,0.756,51.4,21.2,14.2,-4.4,0.4,2024-03-05,1610612759,SAS,116.2,0.4888,0.4182,0.766,44.8,33.4,16.2,-1.4,0.4,1,13.0
22300897,2024-03-06,1610612745,HOU,108.4,0.4072000000000001,0.3022,0.7362,50.8,20.8,12.4,-2.6,0.4,2024-03-06,1610612746,LAC,110.8,0.4768,0.33320000000000005,0.7964,40.4,25.2,11.4,-0.2,0.4,0,-6.0
22300957,2024-03-14,1610612745,HOU,113.6,0.47040000000000004,0.36039999999999994,0.735,42.8,26.6,8.8,6.6,0.8,2024-03-14,1610612764,WAS,108.6,0.4614,0.327,0.8046,40.0,27.6,12.6,-4.0,0.4,1,16.0
22300967,2024-03-16,1610612745,HOU,117.8,0.49420000000000003,0.3932,0.7827999999999999,42.0,26.8,11.2,7.2,0.8,2024-03-16,1610612739,CLE,108.4,0.46880000000000005,0.3518,0.7292000000000001,40.4,29.4,11.6,-1.2,0.4,1,14.0
22301006,2024-03-21,1610612745,HOU,120.8,0.5018,0.3692,0.819,44.0,24.2,11.4,12.6,1.0,2024-03-21,1610612741,CHI,114.4,0.48179999999999995,0.3372,0.7684,43.6,25.6,12.2,-3.0,0.6,1,10.0
22301024,2024-03-23,1610612745,HOU,123.8,0.51,0.362,0.8160000000000001,45.4,25.0,11.8,13.0,1.0,2024-03-23,1610612762,UTA,106.4,0.46699999999999997,0.29380000000000006,0.8905999999999998,46.4,24.2,15.2,-11.0,0.2,1,28.0
22301038,2024-03-25,1610612745,HOU,132.6,0.5288,0.4096,0.8064,47.0,27.0,11.2,18.2,1.0,2024-03-25,1610612757,POR,109.0,0.47640000000000005,0.3624,0.7651999999999999,40.6,24.2,14.8,-9.2,0.0,1,18.0
22301083,2024-03-31,1610612745,HOU,123.4,0.4652000000000001,0.3792,0.7998,46.6,24.2,11.4,12.6,1.0,2024-03-31,1610612742,DAL,116.0,0.4978000000000001,0.385,0.7208,44.2,30.6,9.4,14.4,1.0,0,-18.0
22301113,2024-04-04,1610612745,HOU,111.2,0.42680000000000007,0.3202,0.7796,44.0,21.6,11.6,0.0,0.6,2024-04-04,1610612744,GSW,110.0,0.4962000000000001,0.3718,0.8362,47.6,31.0,13.2,11.0,1.0,0,-23.0
22301120,2024-04-05,1610612745,HOU,111.2,0.43100000000000005,0.3186,0.7609999999999999,40.8,22.4,12.4,-8.2,0.4,2024-04-05,1610612748,MIA,113.4,0.47680000000000006,0.38360000000000005,0.836,43.0,27.0,12.2,11.4,0.6,0,-15.0
22301150,2024-04-09,1610612745,HOU,112.6,0.43240000000000006,0.3334,0.8148,37.2,24.8,11.0,-14.8,0.0,2024-04-09,1610612753,ORL,113.4,0.47759999999999997,0.36219999999999997,0.8347999999999999,40.4,25.8,12.6,9.2,0.8,1,12.0
12300020,2023-10-10,1610612746,LAC,96.0,0.391,0.269,0.895,42.0,18.0,12.0,-5.0,0.0,2023-10-10,1610612762,UTA,101.0,0.447,0.297,0.667,51.0,22.0,20.0,5.0,1.0,1,5.0
12300055,2023-10-17,1610612746,LAC,99.5,0.389,0.2735,0.885,46.5,20.0,13.0,0.0,0.5,2023-10-17,1610612743,DEN,118.33333333333333,0.5,0.37399999999999994,0.7676666666666666,38.333333333333336,30.666666666666668,16.666666666666668,4.333333333333333,0.6666666666666666,1,13.0
12300064,2023-10-19,1610612746,LAC,105.0,0.4463333333333333,0.30133333333333334,0.8233333333333333,47.333333333333336,22.666666666666668,14.0,4.333333333333333,0.6666666666666666,2023-10-19,1610612743,DEN,114.5,0.48,0.35875,0.77375,38.75,28.75,15.5,0.0,0.5,0,-13.0
22300074,2023-10-25,1610612746,LAC,101.25,0.4365,0.26775,0.77125,47.0,21.5,14.75,0.0,0.5,2023-10-25,1610612757,POR,114.0,0.4805,0.35125,0.72975,43.0,25.25,19.25,3.25,0.25,1,12.0
22300099,2023-10-29,1610612746,LAC,110.0,0.48179999999999995,0.3346,0.7577999999999999,45.4,24.2,15.6,3.0,0.6,2023-10-29,1610612759,SAS,114.6,0.46179999999999993,0.327,0.6856,46.8,31.0,17.6,1.2,0.6,1,40.0
22300114,2023-10-31,1610612746,LAC,114.0,0.5076,0.35520000000000007,0.7066,44.8,24.4,16.0,10.0,0.6,2023-10-31,1610612753,ORL,104.4,0.44980000000000003,0.33140000000000003,0.7326,44.8,24.0,14.6,10.6,0.6,1,16.0
22300179,2023-11-12,1610612746,LAC,111.8,0.4694,0.3452,0.818,43.8,23.0,16.0,-5.6,0.2,2023-11-12,1610612763,MEM,111.4,0.441,0.3288,0.7367999999999999,42.8,24.8,14.4,-5.2,0.2,0,-4.0
22300037,2023-11-17,1610612746,LAC,105.0,0.4486,0.3326,0.8582000000000001,42.4,22.2,15.0,-9.2,0.0,2023-11-17,1610612745,HOU,113.6,0.483,0.3736,0.7378,47.2,24.4,10.0,16.6,1.0,1,6.0
22300052,2023-11-24,1610612746,LAC,109.6,0.4464,0.36740000000000006,0.7732,46.2,25.6,11.8,6.2,0.6,2023-11-24,1610612740,NOP,122.4,0.514,0.39320000000000005,0.7384,44.8,30.8,11.6,13.2,0.8,0,-10.0
22300244,2023-11-25,1610612746,LAC,110.6,0.4508,0.35619999999999996,0.7722,45.8,25.8,11.2,5.0,0.6,2023-11-25,1610612742,DAL,116.4,0.46020000000000005,0.3502,0.7071999999999999,45.6,25.6,11.2,-5.6,0.4,1,19.0
22300257,2023-11-27,1610612746,LAC,110.4,0.45120000000000005,0.3218,0.7455999999999999,48.8,26.6,11.6,9.4,0.8,2023-11-27,1610612743,DEN,110.6,0.4622,0.3934,0.7554000000000001,41.8,27.4,13.8,-4.0,0.4,0,-9.0
22300280,2023-12-02,1610612746,LAC,112.4,0.45620000000000005,0.3496,0.7472,45.0,24.8,9.2,1.6,0.4,2023-12-02,1610612744,GSW,119.4,0.48440000000000005,0.41059999999999997,0.7807999999999999,45.2,29.0,14.4,1.6,0.6,1,1.0
22301215,2023-12-06,1610612746,LAC,113.8,0.46259999999999996,0.3568,0.7891999999999999,45.2,25.6,9.2,3.8,0.6,2023-12-06,1610612743,DEN,123.0,0.5216000000000001,0.3882,0.66,43.2,35.2,10.4,6.6,0.8,1,9.0
22300304,2023-12-11,1610612746,LAC,117.2,0.48360000000000003,0.41859999999999997,0.7804,42.2,25.8,8.8,6.4,0.8,2023-12-11,1610612757,POR,109.6,0.43179999999999996,0.3826,0.8668000000000001,41.2,21.6,14.4,-2.0,0.4,1,5.0
22300309,2023-12-12,1610612746,LAC,117.4,0.4862,0.395,0.8168000000000001,41.8,26.8,9.8,4.6,0.8,2023-12-12,1610612758,SAC,120.4,0.47300000000000003,0.4088,0.7844,45.0,29.4,12.6,0.6,0.6,1,20.0
22300325,2023-12-14,1610612746,LAC,118.4,0.5025999999999999,0.39580000000000004,0.8572000000000001,43.0,25.8,11.6,9.8,1.0,2023-12-14,1610612744,GSW,118.8,0.4556,0.36360000000000003,0.775,50.0,27.2,16.0,0.8,0.4,1,8.0
22300343,2023-12-16,1610612746,LAC,120.0,0.506,0.4104,0.8592000000000001,43.0,25.0,12.0,11.2,1.0,2023-12-16,1610612752,NYK,126.6,0.5266,0.4224,0.7634000000000001,41.2,28.0,12.6,-3.0,0.4,1,22.0
22300389,2023-12-23,1610612746,LAC,130.2,0.5352,0.4282,0.8628,42.4,27.8,11.8,8.8,0.8,2023-12-23,1610612738,BOS,125.6,0.4936,0.41579999999999995,0.828,47.6,26.8,10.8,12.4,0.8,0,-37.0
22300414,2023-12-26,1610612746,LAC,127.6,0.5262,0.41180000000000005,0.8894,41.2,27.4,11.2,-0.2,0.6,2023-12-26,1610612766,CHA,99.2,0.42140000000000005,0.2568,0.8390000000000001,39.0,19.4,11.6,-22.2,0.0,1,9.0
22300438,2023-12-29,1610612746,LAC,121.4,0.5067999999999999,0.39720000000000005,0.8766,41.8,25.0,12.2,-2.8,0.6,2023-12-29,1610612763,MEM,115.4,0.47519999999999996,0.34459999999999996,0.732,44.0,24.4,14.8,-3.0,0.8,1,11.0
22300458,2024-01-01,1610612746,LAC,114.6,0.49140000000000006,0.3536,0.8626000000000001,43.4,25.4,13.4,-5.4,0.6,2024-01-01,1610612748,MIA,115.8,0.4686,0.3882,0.7928,46.6,23.8,13.0,5.6,0.8,1,17.0
22300511,2024-01-08,1610612746,LAC,116.6,0.5038,0.4178,0.866,43.4,25.4,14.4,10.2,0.8,2024-01-08,1610612756,PHX,114.2,0.4928,0.358,0.7446,41.6,25.4,11.8,5.5600000000000005,0.6,1,27.0
22300526,2024-01-10,1610612746,LAC,120.8,0.5298,0.4648,0.8538,41.4,26.2,13.4,13.4,0.8,2024-01-10,1610612761,TOR,126.8,0.5307999999999999,0.4242,0.7156,42.4,30.6,11.2,3.4,0.6,1,6.0
22300568,2024-01-16,1610612746,LAC,120.0,0.5064,0.45120000000000005,0.8545999999999999,39.4,27.4,11.2,7.0,0.6,2024-01-16,1610612760,OKC,124.0,0.5256000000000001,0.37039999999999995,0.826,45.4,32.0,11.4,16.6,0.8,1,11.0
22300600,2024-01-21,1610612746,LAC,125.0,0.5352,0.4686,0.7974,39.2,29.2,10.2,9.8,0.8,2024-01-21,1610612751,BKN,111.4,0.4608,0.3382,0.7889999999999999,41.8,26.4,11.4,-0.2,0.2,1,11.0
22300618,2024-01-23,1610612746,LAC,122.4,0.5115999999999999,0.4652,0.8192,39.4,28.0,9.8,6.6,0.8,2024-01-23,1610612747,LAL,122.0,0.5105999999999999,0.3936,0.8388,43.6,30.4,13.0,4.6,0.6,1,11.0
22300731,2024-02-07,1610612746,LAC,124.2,0.5134000000000001,0.4434,0.8187999999999999,41.8,27.8,10.2,6.0,0.8,2024-02-07,1610612740,NOP,118.2,0.49399999999999994,0.3384,0.7938000000000001,45.8,25.2,11.6,4.0,0.6,0,-11.0
22300749,2024-02-10,1610612746,LAC,123.8,0.5107999999999999,0.45360000000000006,0.8379999999999999,41.8,26.8,11.6,5.8,0.8,2024-02-10,1610612765,DET,121.2,0.5112,0.46799999999999997,0.8226000000000001,40.4,27.0,15.0,-2.2,0.4,1,6.0
22300770,2024-02-12,1610612746,LAC,121.2,0.507,0.44020000000000004,0.8576,38.4,25.8,12.2,3.8,0.8,2024-02-12,1610612750,MIN,118.0,0.4958,0.4144,0.7444,45.2,27.6,12.6,14.2,0.6,0,-21.0
22300827,2024-02-25,1610612746,LAC,110.0,0.44960000000000006,0.34920000000000007,0.8718,42.4,23.0,14.0,-5.2,0.6,2024-02-25,1610612758,SAC,120.4,0.5176000000000001,0.3676,0.7668,44.4,28.2,14.2,3.8,0.6,0,-16.0
22300848,2024-02-28,1610612746,LAC,109.0,0.457,0.3418,0.8694000000000001,43.2,23.6,14.8,-9.6,0.4,2024-02-28,1610612747,LAL,121.8,0.522,0.39479999999999993,0.7222,41.0,30.0,11.4,1.4,0.6,0,-4.0
22300865,2024-03-01,1610612746,LAC,111.4,0.4772,0.3316,0.8423999999999999,43.2,25.4,14.6,-6.2,0.4,2024-03-01,1610612764,WAS,112.8,0.44560000000000005,0.3484,0.7268000000000001,41.8,29.6,14.4,-16.8,0.0,1,25.0
22300917,2024-03-09,1610612746,LAC,113.8,0.4892,0.35680000000000006,0.7756000000000001,40.8,24.4,10.2,4.2,0.6,2024-03-09,1610612741,CHI,117.2,0.46959999999999996,0.3964,0.8096,45.8,28.0,11.6,0.4,0.8,1,10.0
22300924,2024-03-10,1610612746,LAC,113.8,0.488,0.37140000000000006,0.8034000000000001,42.6,24.4,10.4,7.0,0.8,2024-03-10,1610612749,MIL,109.8,0.4468,0.3606,0.8028000000000001,43.6,22.0,9.2,-0.2,0.6,0,-7.0
22300944,2024-03-12,1610612746,LAC,109.2,0.4636,0.3498,0.8314,43.2,24.0,10.8,0.6,0.6,2024-03-12,1610612750,MIN,106.6,0.4401999999999999,0.31220000000000003,0.8203999999999999,45.0,25.4,11.6,-2.8,0.4,0,-18.0
22300982,2024-03-17,1610612746,LAC,111.8,0.5010000000000001,0.3744,0.858,40.6,26.2,12.4,-1.6,0.4,2024-03-17,1610612737,ATL,107.6,0.44659999999999994,0.40759999999999996,0.7188000000000001,41.8,25.4,11.4,-0.2,0.4,0,-17.0
22301028,2024-03-24,1610612746,LAC,112.8,0.5105999999999999,0.40259999999999996,0.8554,38.8,24.4,12.8,2.2,0.6,2024-03-24,1610612755,PHI,101.6,0.4298,0.3462,0.7626000000000001,39.8,24.2,11.0,-2.2,0.4,0,-14.0
22301043,2024-03-25,1610612746,LAC,109.0,0.487,0.374,0.9014,39.2,23.4,13.6,-3.6,0.4,2024-03-25,1610612754,IND,122.8,0.5084,0.34659999999999996,0.6974,45.0,31.6,11.0,8.4,0.6,0,-17.0
22301114,2024-04-04,1610612746,LAC,109.8,0.4896,0.3824,0.8096,39.8,23.8,10.6,-3.0,0.6,2024-04-04,1610612743,DEN,112.6,0.47539999999999993,0.393,0.8214,47.4,31.0,11.8,7.8,0.6,1,2.0
22301126,2024-04-05,1610612746,LAC,107.0,0.45699999999999996,0.3648,0.8148,42.2,23.0,10.2,0.8,0.8,2024-04-05,1610612762,UTA,107.0,0.45,0.3568,0.8586,39.8,24.8,16.8,-11.0,0.0,1,29.0
22301132,2024-04-07,1610612746,LAC,111.6,0.48019999999999996,0.3612,0.8526,43.8,23.8,11.8,6.4,0.8,2024-04-07,1610612739,CLE,109.0,0.49119999999999997,0.34900000000000003,0.808,36.6,30.0,14.8,-10.0,0.4,1,2.0
22301165,2024-04-10,1610612746,LAC,110.6,0.461,0.3704,0.9096,49.6,25.2,13.6,6.4,0.8,2024-04-10,1610612756,PHX,108.0,0.4438,0.37239999999999995,0.8572000000000001,43.4,27.4,13.6,4.6,0.6,0,-16.0
22301184,2024-04-12,1610612746,LAC,113.2,0.4720000000000001,0.3556,0.9066000000000001,50.8,26.2,13.0,6.0,0.8,2024-04-12,1610612762,UTA,108.8,0.4478,0.3686,0.8502000000000001,39.6,22.6,14.6,-13.2,0.2,0,-1.0
22301199,2024-04-14,1610612746,LAC,114.6,0.48600000000000004,0.3644,0.8746,50.0,26.4,14.4,5.4,0.6,2024-04-14,1610612745,HOU,119.0,0.4590000000000001,0.3782,0.8263999999999999,40.2,26.4,9.8,-1.6,0.4,0,-11.0
42300171,2024-04-21,1610612746,LAC,109.4,0.45280000000000004,0.33340000000000003,0.8732,50.0,24.6,14.0,-2.6,0.4,2024-04-21,1610612742,DAL,112.6,0.46740000000000004,0.3094,0.7764,46.2,24.4,14.4,-2.2,0.6,1,12.0
42300172,2024-04-23,1610612746,LAC,107.2,0.44720000000000004,0.35340000000000005,0.8423999999999999,49.4,23.6,13.4,-0.6,0.4,2024-04-23,1610612742,DAL,102.6,0.4368,0.29300000000000004,0.7502000000000001,45.0,23.0,12.6,-6.8,0.4,0,-3.0
42300175,2024-05-01,1610612746,LAC,102.6,0.4434,0.38980000000000004,0.8006,42.6,20.6,12.6,-1.6,0.4,2024-05-01,1610612742,DAL,98.2,0.41720000000000007,0.3044,0.7572,42.0,18.6,11.8,-10.4,0.4,0,-30.0
12300024,2023-10-11,1610612747,LAL,118.5,0.44499999999999995,0.3795,0.6695,47.0,23.0,16.0,-5.0,0.5,2023-10-11,1610612758,SAC,99.0,0.393,0.222,0.76,34.0,29.0,18.0,-13.0,0.0,1,8.0
12300034,2023-10-13,1610612747,LAL,115.33333333333333,0.4633333333333333,0.36400000000000005,0.7040000000000001,47.0,23.666666666666668,17.333333333333332,-0.6666666666666666,0.6666666666666666,2023-10-13,1610612744,GSW,125.0,0.469,0.354,0.64,61.0,27.0,19.0,14.2,1.0,0,-4.0
12300041,2023-10-15,1610612747,LAL,117.75,0.474,0.384,0.6835,45.5,25.25,17.25,-1.5,0.5,2023-10-15,1610612749,MIL,103.5,0.4245,0.27049999999999996,0.8065,51.0,25.0,17.5,-1.5,0.5,0,-11.0
12300063,2023-10-19,1610612747,LAL,113.6,0.4548,0.3602,0.6950000000000001,45.8,24.8,16.8,-3.4,0.4,2023-10-19,1610612756,PHX,119.0,0.47050000000000003,0.37775000000000003,0.808,44.75,27.0,18.25,4.5,0.75,0,-23.0
22300076,2023-10-26,1610612747,LAL,107.6,0.46020000000000005,0.3532,0.718,43.0,24.0,17.0,-8.4,0.2,2023-10-26,1610612756,PHX,115.4,0.471,0.372,0.7776,47.8,26.2,18.2,8.2,0.8,1,5.0
22300111,2023-10-30,1610612747,LAL,106.2,0.43260000000000004,0.2988,0.7506,44.4,23.2,15.2,-9.2,0.2,2023-10-30,1610612753,ORL,105.4,0.45780000000000004,0.32,0.7512000000000001,43.8,23.8,15.2,11.8,0.8,1,3.0
22300127,2023-11-01,1610612747,LAL,108.0,0.46340000000000003,0.30500000000000005,0.758,43.0,24.2,15.4,-6.4,0.4,2023-11-01,1610612746,LAC,114.4,0.49420000000000003,0.3742,0.7058,43.8,24.6,16.0,10.6,0.6,1,5.0
22300187,2023-11-12,1610612747,LAL,110.8,0.48360000000000003,0.3286,0.7662,41.2,24.0,13.6,-9.2,0.4,2023-11-12,1610612757,POR,108.4,0.4434,0.32399999999999995,0.791,45.6,22.2,15.4,0.8,0.6,1,6.0
22300026,2023-11-14,1610612747,LAL,108.0,0.479,0.302,0.7784000000000001,39.2,23.8,12.6,-9.0,0.4,2023-11-14,1610612763,MEM,110.6,0.45199999999999996,0.3404,0.7305999999999999,42.6,24.8,14.6,0.4,0.4,1,27.0
22300198,2023-11-15,1610612747,LAL,114.6,0.507,0.37439999999999996,0.7474000000000001,42.0,26.4,12.8,0.2,0.6,2023-11-15,1610612758,SAC,108.8,0.4588,0.3336,0.6843999999999999,43.2,26.8,14.4,-4.2,0.6,0,-15.0
22300216,2023-11-19,1610612747,LAL,117.8,0.5136000000000001,0.4154,0.7594000000000001,45.0,27.2,15.8,6.8,0.8,2023-11-19,1610612745,HOU,112.2,0.4774,0.366,0.7378,46.0,23.6,11.0,11.8,0.8,1,1.0
22300042,2023-11-21,1610612747,LAL,114.4,0.5076,0.368,0.7512000000000001,44.8,27.0,17.0,6.4,0.8,2023-11-21,1610612762,UTA,125.0,0.4788,0.393,0.892,47.0,26.8,15.6,0.0,0.4,1,32.0
22300238,2023-11-22,1610612747,LAL,117.4,0.524,0.4016,0.752,47.0,28.6,17.8,11.6,0.8,2023-11-22,1610612742,DAL,122.8,0.479,0.36160000000000003,0.7096,44.4,27.2,11.6,-3.8,0.4,0,-3.0
22300291,2023-12-02,1610612747,LAL,111.8,0.4822,0.3296,0.7682,43.4,27.0,14.2,-7.6,0.4,2023-12-02,1610612745,HOU,114.2,0.4854000000000001,0.3446,0.8072000000000001,44.2,27.0,9.6,3.6,0.4,1,10.0
22301203,2023-12-05,1610612747,LAL,113.0,0.47920000000000007,0.31300000000000006,0.7826,42.8,26.6,13.8,-5.0,0.6,2023-12-05,1610612756,PHX,111.6,0.4554,0.3448,0.8412000000000001,44.4,24.0,12.0,3.2,0.6,1,3.0
22301230,2023-12-07,1610612747,LAL,110.0,0.4494000000000001,0.3064,0.7792,43.0,24.6,12.0,-5.6,0.6,2023-12-07,1610612740,NOP,120.4,0.5144,0.3492,0.8238000000000001,42.2,27.0,12.6,5.4,0.6,1,44.0
62300001,2023-12-09,1610612747,LAL,117.8,0.46480000000000005,0.35359999999999997,0.7926,48.4,26.2,11.4,12.0,0.8,2023-12-09,1610612754,IND,127.2,0.5186,0.33699999999999997,0.7712,40.0,29.8,10.6,4.0,0.6,1,14.0
22300359,2023-12-18,1610612747,LAL,123.6,0.528,0.3726,0.6856,48.6,30.6,13.8,9.0,0.6,2023-12-18,1610612752,NYK,126.6,0.5214000000000001,0.4244,0.7646,41.8,26.6,11.4,-2.6,0.4,0,-5.0
22300403,2023-12-25,1610612747,LAL,114.4,0.47400000000000003,0.37279999999999996,0.7968,41.2,29.2,11.0,-6.6,0.2,2023-12-25,1610612738,BOS,131.4,0.49660000000000004,0.438,0.8151999999999999,49.0,29.0,10.0,18.0,0.8,0,-11.0
22300428,2023-12-28,1610612747,LAL,114.4,0.47300000000000003,0.3928,0.8206,41.2,27.6,12.2,-6.0,0.2,2023-12-28,1610612766,CHA,98.6,0.42460000000000003,0.24020000000000002,0.8366,39.6,22.0,12.2,-23.0,0.0,1,21.0
22300475,2024-01-03,1610612747,LAL,118.4,0.48640000000000005,0.4022,0.8417999999999999,40.6,30.2,11.0,-0.6,0.4,2024-01-03,1610612748,MIA,113.6,0.4566,0.3496,0.7848,45.8,23.6,13.4,0.4,0.6,0,-14.0
22300491,2024-01-05,1610612747,LAL,111.8,0.4664,0.32880000000000004,0.86,41.8,28.6,13.4,-5.2,0.2,2024-01-05,1610612763,MEM,104.0,0.42160000000000003,0.3338,0.7852,38.4,24.2,11.2,-15.2,0.2,0,-14.0
22300505,2024-01-07,1610612747,LAL,111.4,0.4696000000000001,0.319,0.8484,40.2,29.0,13.6,-5.8,0.2,2024-01-07,1610612746,LAC,118.6,0.5188,0.4246,0.8390000000000001,44.4,26.0,14.2,12.6,1.0,1,3.0
22300516,2024-01-09,1610612747,LAL,106.0,0.46480000000000005,0.2948,0.7859999999999999,39.8,25.4,15.2,-9.4,0.2,2024-01-09,1610612761,TOR,126.0,0.5189999999999999,0.42699999999999994,0.7567999999999999,41.6,29.0,10.2,3.2,0.6,1,1.0
22300531,2024-01-11,1610612747,LAL,111.2,0.4894,0.3252,0.7853999999999999,39.8,27.6,16.2,-8.8,0.4,2024-01-11,1610612756,PHX,114.0,0.49160000000000004,0.3654,0.7486,39.6,24.6,13.4,-0.9600000000000002,0.4,0,-18.0
22300565,2024-01-15,1610612747,LAL,117.0,0.5098,0.40199999999999997,0.7285999999999999,38.2,29.2,15.4,-7.0,0.4,2024-01-15,1610612760,OKC,126.0,0.5494,0.3672,0.7776,44.6,33.2,11.8,16.2,0.8,1,7.0
22300577,2024-01-17,1610612747,LAL,116.8,0.5158,0.3972,0.7656,40.0,30.0,16.2,-2.8,0.6,2024-01-17,1610612742,DAL,115.8,0.46040000000000003,0.3816,0.8122,38.2,22.8,11.2,-2.2,0.6,1,17.0
22300591,2024-01-19,1610612747,LAL,121.0,0.5210000000000001,0.4072,0.7696,41.0,32.0,14.4,0.0,0.6,2024-01-19,1610612751,BKN,110.2,0.44580000000000003,0.3292,0.8013999999999999,43.8,25.2,12.8,-2.0,0.2,0,-18.0
22300605,2024-01-21,1610612747,LAL,117.0,0.5012000000000001,0.3912,0.7806,42.0,31.4,14.2,-3.8,0.4,2024-01-21,1610612757,POR,101.8,0.4208,0.3446,0.7484,40.8,19.2,11.8,-18.2,0.4,1,24.0
22300633,2024-01-25,1610612747,LAL,120.2,0.5084000000000001,0.37279999999999996,0.8086,43.8,29.8,13.6,3.8,0.6,2024-01-25,1610612741,CHI,113.4,0.492,0.3548,0.7554000000000001,46.2,27.8,11.6,4.2,0.6,1,9.0
22300740,2024-02-08,1610612747,LAL,118.4,0.49640000000000006,0.37699999999999995,0.72,42.0,29.6,10.8,-1.8,0.6,2024-02-08,1610612743,DEN,111.2,0.46519999999999995,0.34800000000000003,0.7956000000000001,45.6,27.0,8.4,5.6,0.8,0,-8.0
22300747,2024-02-09,1610612747,LAL,115.8,0.4896000000000001,0.36679999999999996,0.7424000000000001,42.8,29.8,9.8,-0.2,0.6,2024-02-09,1610612740,NOP,118.2,0.5065999999999999,0.3352,0.7757999999999999,44.8,27.2,11.2,11.0,0.8,1,17.0
22300776,2024-02-13,1610612747,LAL,119.2,0.49440000000000006,0.3844,0.7992,41.8,30.6,8.4,6.4,0.8,2024-02-13,1610612765,DET,118.2,0.48819999999999997,0.42479999999999996,0.8648,44.8,27.0,14.4,-2.0,0.4,1,14.0
22300813,2024-02-23,1610612747,LAL,123.6,0.518,0.382,0.7807999999999999,39.2,30.6,9.8,4.2,0.6,2024-02-23,1610612759,SAS,110.2,0.4628,0.33899999999999997,0.828,40.0,30.4,12.8,-8.2,0.2,1,5.0
22300856,2024-02-29,1610612747,LAL,120.0,0.529,0.3926,0.7156,39.4,29.2,11.4,-0.6,0.6,2024-02-29,1610612764,WAS,111.8,0.4391999999999999,0.3588,0.7302,41.2,29.6,15.2,-17.6,0.0,1,3.0
22300869,2024-03-02,1610612747,LAL,119.2,0.5198,0.3718,0.7156,41.0,28.4,11.8,-3.2,0.6,2024-03-02,1610612743,DEN,119.2,0.5189999999999999,0.3492,0.8058,46.8,33.0,13.6,15.6,1.0,0,-10.0
22300884,2024-03-04,1610612747,LAL,120.0,0.5276000000000001,0.3974,0.7276,39.0,29.4,11.0,-1.6,0.6,2024-03-04,1610612760,OKC,123.6,0.5038,0.3872,0.8418000000000001,47.4,24.0,10.4,13.0,0.8,1,12.0
22300901,2024-03-06,1610612747,LAL,118.6,0.5270000000000001,0.41019999999999995,0.716,40.8,29.6,12.6,-0.2,0.6,2024-03-06,1610612758,SAC,112.4,0.47400000000000003,0.366,0.6894,44.2,29.0,12.6,-3.2,0.4,0,-10.0
22300915,2024-03-08,1610612747,LAL,120.0,0.5264,0.4182,0.784,40.8,29.0,13.4,-0.2,0.6,2024-03-08,1610612749,MIL,110.0,0.45119999999999993,0.36260000000000003,0.8046,45.2,22.2,9.8,7.6,0.8,1,1.0
22300932,2024-03-10,1610612747,LAL,121.4,0.5214000000000001,0.43459999999999993,0.7607999999999999,40.6,28.8,11.4,-0.8,0.6,2024-03-10,1610612750,MIN,108.8,0.45439999999999997,0.32,0.8012,46.2,25.8,11.8,-1.4,0.4,1,11.0
22300973,2024-03-16,1610612747,LAL,117.2,0.5142,0.4532,0.7552,44.2,27.0,14.4,0.2,0.6,2024-03-16,1610612744,GSW,114.2,0.47540000000000004,0.3694,0.7249999999999999,44.8,28.2,13.0,3.8,0.4,0,-7.0
22300990,2024-03-18,1610612747,LAL,118.2,0.5138,0.4295999999999999,0.7778,41.0,27.6,12.2,-3.6,0.4,2024-03-18,1610612737,ATL,107.2,0.4417999999999999,0.4342,0.7522,42.4,26.4,12.4,1.0,0.4,1,31.0
22301018,2024-03-22,1610612747,LAL,121.4,0.5256000000000001,0.4192,0.7798,43.8,30.4,11.0,4.6,0.6,2024-03-22,1610612755,PHI,98.6,0.43600000000000005,0.35140000000000005,0.7336,37.6,23.6,11.0,-6.2,0.4,1,7.0
22301032,2024-03-24,1610612747,LAL,117.0,0.5088000000000001,0.4024,0.7946,47.0,29.4,14.2,5.8,0.6,2024-03-24,1610612754,IND,119.6,0.49119999999999997,0.30879999999999996,0.7489999999999999,46.4,29.8,10.4,8.8,0.6,1,5.0
22301127,2024-04-06,1610612747,LAL,119.0,0.5056,0.36240000000000006,0.7536,47.4,27.6,16.0,5.4,0.8,2024-04-06,1610612739,CLE,111.8,0.5034000000000001,0.3726,0.7888,35.0,31.8,13.8,-7.6,0.4,1,19.0
22301143,2024-04-07,1610612747,LAL,115.0,0.507,0.3398,0.7186,46.8,27.4,16.4,6.8,0.8,2024-04-07,1610612750,MIN,109.0,0.4826,0.3702,0.7494,41.8,29.0,12.8,10.0,0.6,0,-10.0
22301155,2024-04-09,1610612747,LAL,120.4,0.5184,0.3774,0.7270000000000001,45.4,28.0,16.2,8.6,0.8,2024-04-09,1610612744,GSW,115.6,0.5014000000000001,0.42160000000000003,0.8785999999999999,45.4,30.2,15.6,7.4,0.8,0,-14.0
42300153,2024-04-25,1610612747,LAL,111.8,0.49380000000000007,0.3678,0.8540000000000001,39.4,25.4,13.4,2.0,0.6,2024-04-25,1610612743,DEN,115.4,0.496,0.3452,0.8051999999999999,45.0,29.4,10.0,7.2,0.8,0,-7.0
42300154,2024-04-27,1610612747,LAL,108.2,0.4878,0.3346,0.8422000000000001,39.2,25.0,11.0,0.0,0.4,2024-04-27,1610612743,DEN,114.6,0.483,0.293,0.8649999999999999,46.4,28.6,10.0,6.8,0.8,1,11.0
12300039,2023-10-15,1610612748,MIA,108.5,0.416,0.3175,0.8295,50.5,23.0,20.5,-6.0,0.5,2023-10-15,1610612763,MEM,112.33333333333333,0.4326666666666667,0.2693333333333333,0.77,49.0,27.333333333333332,18.0,3.3333333333333335,0.6666666666666666,1,8.0
12300056,2023-10-18,1610612748,MIA,116.33333333333333,0.4676666666666667,0.34299999999999997,0.8306666666666667,49.333333333333336,25.333333333333332,18.0,-1.3333333333333333,0.6666666666666666,2023-10-18,1610612751,BKN,126.66666666666667,0.49,0.459,0.7733333333333334,49.0,27.0,19.0,7.0,0.3333333333333333,0,-3.0
22300068,2023-10-25,1610612748,MIA,111.4,0.45779999999999993,0.3276,0.8193999999999999,48.0,25.0,18.2,-2.6,0.4,2023-10-25,1610612765,DET,119.0,0.47475,0.36175,0.705,51.25,28.25,17.5,-2.25,0.5,1,1.0
22300119,2023-11-01,1610612748,MIA,104.4,0.43520000000000003,0.3646,0.7827999999999999,42.8,23.8,13.6,-7.4,0.2,2023-11-01,1610612751,BKN,118.4,0.489,0.42560000000000003,0.8068,46.6,28.4,17.0,0.2,0.4,0,-4.0
22300003,2023-11-03,1610612748,MIA,104.6,0.4274,0.3778,0.7866,44.2,23.8,12.6,-7.0,0.2,2023-11-03,1610612764,WAS,111.8,0.44320000000000004,0.30720000000000003,0.7348,41.4,26.4,12.2,-16.0,0.2,1,7.0
22300150,2023-11-06,1610612748,MIA,108.2,0.46699999999999997,0.40120000000000006,0.7964,42.0,26.4,15.0,-5.8,0.2,2023-11-06,1610612747,LAL,112.8,0.4702,0.28240000000000004,0.7982000000000001,45.2,24.8,15.0,-2.2,0.6,1,1.0
22300200,2023-11-16,1610612748,MIA,112.4,0.46580000000000005,0.3356,0.8785999999999999,42.0,25.4,12.4,5.2,1.0,2023-11-16,1610612751,BKN,111.6,0.4506,0.3718,0.8061999999999999,50.2,22.8,13.0,3.4,0.6,1,7.0
22300056,2023-11-28,1610612748,MIA,107.8,0.45599999999999996,0.39680000000000004,0.8413999999999999,40.6,25.6,12.2,5.8,0.4,2023-11-28,1610612749,MIL,125.8,0.4934,0.3524,0.7806,49.0,26.4,10.8,5.2,0.8,0,-7.0
22300267,2023-11-30,1610612748,MIA,113.2,0.47240000000000004,0.4236,0.8096,40.8,27.4,10.4,5.4,0.4,2023-11-30,1610612754,IND,130.0,0.5108,0.3744,0.8008,36.4,28.4,14.2,2.2,0.4,1,10.0
22300284,2023-12-02,1610612748,MIA,118.0,0.484,0.40259999999999996,0.8084,41.8,26.2,11.6,3.8,0.4,2023-12-02,1610612754,IND,133.2,0.5244,0.374,0.7771999999999999,35.2,29.6,12.8,2.6,0.4,0,-15.0
22301220,2023-12-08,1610612748,MIA,120.8,0.5012000000000001,0.404,0.7994,39.8,28.2,10.8,-3.6,0.4,2023-12-08,1610612739,CLE,111.8,0.49160000000000004,0.3296,0.8263999999999999,45.4,27.0,14.6,7.4,0.8,0,-12.0
22300312,2023-12-13,1610612748,MIA,119.6,0.49380000000000007,0.4029999999999999,0.8044,40.0,27.8,11.8,-1.2,0.6,2023-12-13,1610612766,CHA,115.8,0.491,0.45359999999999995,0.9136,36.2,29.0,11.6,-3.0,0.4,1,11.0
22300320,2023-12-14,1610612748,MIA,114.2,0.47759999999999997,0.42680000000000007,0.825,39.8,28.6,13.4,-1.0,0.6,2023-12-14,1610612741,CHI,118.2,0.4518,0.42699999999999994,0.7644,49.2,26.6,10.8,2.92,0.6,0,-8.0
22300337,2023-12-16,1610612748,MIA,111.6,0.4624,0.41900000000000004,0.8042,42.6,28.4,13.4,0.4,0.6,2023-12-16,1610612741,CHI,118.2,0.4396,0.41980000000000006,0.7512000000000001,49.6,26.6,9.2,3.3200000000000003,0.6,1,2.0
22300353,2023-12-18,1610612748,MIA,112.8,0.47379999999999994,0.4196,0.7878000000000001,40.0,27.0,14.0,-1.0,0.6,2023-12-18,1610612750,MIN,116.4,0.4824,0.4215999999999999,0.8019999999999999,47.4,27.8,13.6,10.8,0.8,0,-4.0
22300384,2023-12-22,1610612748,MIA,114.4,0.4822,0.4391999999999999,0.8288,39.8,26.6,13.6,2.0,0.6,2023-12-22,1610612737,ATL,127.2,0.5068,0.42299999999999993,0.8171999999999999,43.0,28.6,11.2,3.8,0.6,1,9.0
22300404,2023-12-25,1610612748,MIA,115.8,0.4798,0.4264,0.8059999999999998,40.0,25.0,12.6,1.6,0.6,2023-12-25,1610612755,PHI,122.2,0.5035999999999999,0.398,0.8982000000000001,43.4,26.2,11.6,21.0,0.8,1,6.0
22300509,2024-01-08,1610612748,MIA,106.8,0.4386,0.3176,0.778,41.6,25.2,11.8,-3.0,0.4,2024-01-08,1610612745,HOU,116.4,0.4838000000000001,0.42799999999999994,0.7574,42.6,26.2,13.2,1.4,0.6,1,7.0
22300522,2024-01-10,1610612748,MIA,108.0,0.4418,0.33640000000000003,0.7764,41.8,26.0,12.6,-4.0,0.4,2024-01-10,1610612760,OKC,128.0,0.549,0.457,0.7502000000000001,39.4,32.2,12.6,3.2,0.6,0,-8.0
22300535,2024-01-12,1610612748,MIA,110.2,0.4468,0.3618,0.7806,40.2,27.0,11.4,-4.0,0.4,2024-01-12,1610612753,ORL,116.2,0.44719999999999993,0.43079999999999996,0.7128,44.6,24.4,14.8,-4.2,0.4,1,3.0
22300551,2024-01-14,1610612748,MIA,109.2,0.4516,0.3586,0.792,41.4,26.8,12.0,0.0,0.6,2024-01-14,1610612766,CHA,102.2,0.4208,0.3534,0.8128,40.2,21.6,12.8,-14.8,0.2,1,17.0
22300587,2024-01-19,1610612748,MIA,103.2,0.44719999999999993,0.3274,0.8228,42.8,24.2,13.2,-2.2,0.6,2024-01-19,1610612737,ATL,112.2,0.44139999999999996,0.33140000000000003,0.775,46.2,24.6,15.8,-5.4,0.6,0,-1.0
22300621,2024-01-24,1610612748,MIA,98.4,0.43339999999999995,0.3246,0.8370000000000001,43.0,23.2,14.0,-5.0,0.4,2024-01-24,1610612763,MEM,103.4,0.42699999999999994,0.34219999999999995,0.7445999999999999,38.0,26.2,13.4,-7.8,0.4,0,-9.0
22300630,2024-01-25,1610612748,MIA,96.8,0.41500000000000004,0.3014,0.8263999999999999,43.0,22.0,14.6,-10.2,0.2,2024-01-25,1610612738,BOS,111.4,0.44020000000000004,0.378,0.7756000000000001,48.8,24.0,9.6,8.8,0.8,0,-33.0
22300661,2024-01-29,1610612748,MIA,102.0,0.4306,0.3588,0.8168,38.6,23.0,11.8,-15.4,0.0,2024-01-29,1610612756,PHX,118.6,0.5651999999999999,0.37259999999999993,0.757,41.8,26.0,16.0,3.0,0.6,0,-13.0
22300678,2024-01-31,1610612748,MIA,101.4,0.4166,0.35919999999999996,0.835,38.6,22.8,10.8,-17.8,0.0,2024-01-31,1610612758,SAC,120.0,0.5114000000000001,0.367,0.7322,42.6,26.6,12.2,5.0,0.8,1,9.0
22300708,2024-02-04,1610612748,MIA,109.8,0.4476,0.36760000000000004,0.8272,44.2,26.6,8.6,-9.0,0.4,2024-02-04,1610612746,LAC,122.2,0.4974,0.3476,0.8412,46.6,28.2,9.2,11.2,0.8,0,-8.0
22300721,2024-02-06,1610612748,MIA,106.8,0.4418,0.34480000000000005,0.8568,47.0,26.4,9.8,-4.0,0.4,2024-02-06,1610612753,ORL,113.8,0.48579999999999995,0.3868,0.7696,39.8,26.4,11.2,7.4,0.8,1,26.0
22300730,2024-02-07,1610612748,MIA,109.2,0.45660000000000006,0.3414,0.8498000000000001,48.4,27.4,10.8,4.4,0.6,2024-02-07,1610612759,SAS,107.6,0.4622,0.3358,0.7088,45.0,29.6,15.0,-6.2,0.2,1,12.0
22300759,2024-02-11,1610612748,MIA,111.4,0.47680000000000006,0.32680000000000003,0.8064,48.6,29.2,10.6,9.4,0.8,2024-02-11,1610612738,BOS,124.6,0.49939999999999996,0.36979999999999996,0.909,49.0,28.6,12.4,9.6,0.8,0,-4.0
22300867,2024-03-02,1610612748,MIA,107.8,0.4816000000000001,0.3872,0.7876,41.4,24.8,14.0,6.2,0.8,2024-03-02,1610612762,UTA,115.2,0.44000000000000006,0.3774,0.8644000000000001,44.0,28.8,16.4,-5.4,0.2,1,6.0
22300888,2024-03-05,1610612748,MIA,111.2,0.4908000000000001,0.4008,0.769,39.6,26.0,12.6,6.4,0.8,2024-03-05,1610612765,DET,103.2,0.44700000000000006,0.35940000000000005,0.7891999999999999,39.0,25.0,13.4,-5.4,0.2,1,8.0
22300926,2024-03-10,1610612748,MIA,109.8,0.47800000000000004,0.3858,0.7824,40.2,27.0,9.8,-1.0,0.4,2024-03-10,1610612764,WAS,116.4,0.4708,0.33740000000000003,0.8224,43.2,28.2,11.8,-7.6,0.2,0,-2.0
22300949,2024-03-13,1610612748,MIA,112.0,0.4842000000000001,0.3926,0.7491999999999999,41.4,26.8,9.6,-0.2,0.4,2024-03-13,1610612743,DEN,122.6,0.5448000000000001,0.38539999999999996,0.7613999999999999,43.4,32.4,10.6,6.6,0.8,0,-12.0
22301013,2024-03-22,1610612748,MIA,99.6,0.4396000000000001,0.3024,0.7774,43.8,21.4,9.4,0.0,0.6,2024-03-22,1610612740,NOP,108.6,0.5002000000000001,0.3082,0.7978000000000001,40.6,27.8,11.8,0.8,0.6,0,-23.0
22301029,2024-03-24,1610612748,MIA,99.6,0.4266000000000001,0.3102,0.7842,42.2,22.2,8.6,-2.2,0.6,2024-03-24,1610612739,CLE,104.4,0.46480000000000005,0.3466,0.7874000000000001,41.6,27.8,12.2,-0.8,0.4,1,37.0
22301044,2024-03-26,1610612748,MIA,102.2,0.4356,0.348,0.8154,42.2,23.4,8.8,2.6,0.6,2024-03-26,1610612744,GSW,119.6,0.48719999999999997,0.3938,0.6736000000000001,47.4,31.4,10.4,1.0,0.4,0,-21.0
22301068,2024-03-29,1610612748,MIA,99.8,0.4262,0.3278,0.8192,40.6,23.4,8.6,-2.2,0.4,2024-03-29,1610612757,POR,105.8,0.4694,0.3652,0.7232000000000001,40.2,25.2,15.2,-11.2,0.0,1,60.0
22301096,2024-04-02,1610612748,MIA,112.4,0.47220000000000006,0.36819999999999997,0.818,40.6,27.6,8.4,13.0,0.6,2024-04-02,1610612752,NYK,122.4,0.48019999999999996,0.39359999999999995,0.7008,47.4,28.0,10.8,15.2,0.6,1,10.0
22301111,2024-04-04,1610612748,MIA,116.6,0.4974,0.4022,0.835,41.6,28.0,11.0,19.6,0.8,2024-04-04,1610612755,PHI,112.2,0.47800000000000004,0.42860000000000004,0.8497999999999999,44.2,23.6,13.4,0.6,0.4,0,-4.0
22301161,2024-04-10,1610612748,MIA,113.0,0.46720000000000006,0.3612,0.8607999999999999,44.6,25.0,13.2,5.0,0.6,2024-04-10,1610612742,DAL,118.8,0.47940000000000005,0.364,0.7638,47.6,26.6,15.4,9.8,0.8,0,-19.0
22301176,2024-04-12,1610612748,MIA,109.6,0.4514,0.35839999999999994,0.8704000000000001,46.0,24.6,12.8,-0.8,0.4,2024-04-12,1610612761,TOR,111.4,0.441,0.323,0.8168,45.8,23.2,14.6,-11.0,0.4,1,22.0
22301189,2024-04-14,1610612748,MIA,113.6,0.47300000000000003,0.38099999999999995,0.852,43.2,27.2,10.6,4.4,0.6,2024-04-14,1610612761,TOR,115.0,0.4638,0.341,0.8182,44.4,24.0,14.0,-5.8,0.4,1,15.0
52300201,2024-04-19,1610612748,MIA,111.2,0.4716,0.3714,0.8257999999999999,44.4,28.0,13.8,4.6,0.6,2024-04-19,1610612741,CHI,124.6,0.5216,0.3654,0.7418,45.6,25.6,9.8,5.4,0.6,1,21.0
42300103,2024-04-27,1610612748,MIA,107.8,0.47520000000000007,0.3784,0.8654,42.8,25.2,13.6,5.0,0.6,2024-04-27,1610612738,BOS,117.4,0.4992,0.40920000000000006,0.7522,44.0,27.2,10.8,8.8,0.6,0,-20.0
42300104,2024-04-29,1610612748,MIA,101.0,0.45260000000000006,0.3926,0.8436,40.8,23.6,12.2,-2.0,0.4,2024-04-29,1610612738,BOS,116.4,0.5014000000000001,0.3924,0.7323999999999999,45.4,26.6,9.4,14.6,0.8,0,-14.0
12300072,2023-10-20,1610612749,MIL,104.0,0.4145,0.31675,0.7495,49.0,24.75,16.75,-3.75,0.5,2023-10-20,1610612763,MEM,115.25,0.43975,0.303,0.7827500000000001,45.75,26.75,15.5,0.5,0.5,1,8.0
22300075,2023-10-26,1610612749,MIL,108.0,0.42539999999999994,0.32,0.7196,49.2,26.0,16.2,-1.4,0.6,2023-10-26,1610612755,PHI,113.5,0.448,0.385,0.749,42.75,26.25,14.25,0.75,0.5,1,1.0
22300097,2023-10-29,1610612749,MIL,110.6,0.43019999999999997,0.33280000000000004,0.6958,48.6,24.4,15.6,-1.8,0.6,2023-10-29,1610612737,ATL,111.6,0.4614,0.3148,0.7776,44.2,26.0,17.8,-5.0,0.2,0,-17.0
22300107,2023-10-30,1610612749,MIL,112.2,0.4474,0.358,0.6958,45.2,24.4,16.6,-4.0,0.6,2023-10-30,1610612748,MIA,102.4,0.4234,0.3548,0.762,45.4,23.8,14.0,-6.4,0.2,1,8.0
22300002,2023-11-03,1610612749,MIL,117.0,0.479,0.354,0.7128,40.8,23.2,15.4,-3.8,0.6,2023-11-03,1610612752,NYK,103.0,0.40119999999999995,0.3264,0.6994,49.8,21.8,14.0,1.0,0.4,1,5.0
22300165,2023-11-08,1610612749,MIL,116.4,0.4652,0.38320000000000004,0.7718,40.0,23.0,14.6,-3.8,0.6,2023-11-08,1610612765,DET,108.8,0.4556,0.4076000000000001,0.8636000000000001,39.8,26.6,16.0,-11.0,0.0,1,2.0
22300190,2023-11-13,1610612749,MIL,116.0,0.477,0.3572,0.7596,40.4,23.4,13.4,-1.2,0.6,2023-11-13,1610612741,CHI,114.4,0.4748,0.3964,0.7582,38.8,25.4,9.8,0.6,0.4,1,9.0
22300205,2023-11-18,1610612749,MIL,119.4,0.5128,0.3928,0.7579999999999999,44.0,25.6,14.8,7.8,0.6,2023-11-18,1610612742,DAL,127.2,0.48600000000000004,0.39640000000000003,0.7230000000000001,42.4,28.2,11.8,2.2,0.6,1,7.0
22300049,2023-11-24,1610612749,MIL,129.6,0.5242,0.4282,0.8172,46.6,28.4,10.8,12.8,0.8,2023-11-24,1610612764,WAS,113.2,0.4912000000000001,0.3594,0.833,37.8,27.0,12.4,-10.8,0.0,1,3.0
22300245,2023-11-26,1610612749,MIL,130.2,0.525,0.3836,0.7844,48.4,29.0,10.0,10.2,0.8,2023-11-26,1610612757,POR,101.8,0.4252000000000001,0.35300000000000004,0.7562,35.2,22.6,14.6,-13.4,0.2,1,6.0
22300286,2023-12-02,1610612749,MIL,119.8,0.4688,0.3418,0.7767999999999999,47.4,24.8,12.8,1.2,0.6,2023-12-02,1610612737,ATL,125.6,0.44320000000000004,0.38599999999999995,0.8084,46.2,22.6,11.6,-0.2,0.6,1,11.0
22301201,2023-12-05,1610612749,MIL,123.0,0.49879999999999997,0.35019999999999996,0.7838,46.8,26.8,14.0,4.0,0.8,2023-12-05,1610612752,NYK,113.0,0.4732,0.3976,0.7626,44.4,23.0,12.6,8.4,0.8,1,24.0
22301229,2023-12-07,1610612749,MIL,126.0,0.5152,0.41319999999999996,0.7630000000000001,44.2,27.6,14.6,8.2,0.8,2023-12-07,1610612754,IND,128.8,0.5166000000000001,0.37879999999999997,0.7866000000000001,37.8,28.6,10.4,6.8,0.6,0,-9.0
22300300,2023-12-11,1610612749,MIL,128.2,0.5262,0.4194,0.7630000000000001,43.0,27.6,13.6,5.2,0.6,2023-12-11,1610612741,CHI,114.6,0.4640000000000001,0.4082,0.6876,48.4,27.8,13.0,1.2,0.8,1,4.0
22300315,2023-12-13,1610612749,MIL,128.6,0.5218,0.42619999999999997,0.7474000000000001,43.6,29.2,14.0,4.6,0.6,2023-12-13,1610612754,IND,126.8,0.5077999999999999,0.37,0.8131999999999999,39.8,30.6,10.2,5.6,0.8,1,14.0
22300334,2023-12-16,1610612749,MIL,134.0,0.5398000000000001,0.4114,0.7632000000000001,43.6,29.0,13.0,8.8,0.8,2023-12-16,1610612765,DET,103.8,0.46040000000000003,0.2704,0.805,37.4,23.2,15.0,-20.8,0.0,1,32.0
22300346,2023-12-17,1610612749,MIL,136.8,0.5342,0.417,0.772,44.6,27.2,12.8,13.0,0.8,2023-12-17,1610612745,HOU,107.4,0.41400000000000003,0.37,0.775,53.8,22.0,14.8,9.6,1.0,1,9.0
22300361,2023-12-19,1610612749,MIL,133.2,0.5134000000000001,0.36819999999999997,0.7914000000000001,46.4,25.8,13.4,10.0,0.8,2023-12-19,1610612759,SAS,110.4,0.4431999999999999,0.34900000000000003,0.7726000000000001,45.0,29.4,13.4,-9.0,0.2,1,13.0
22300378,2023-12-21,1610612749,MIL,135.8,0.5182,0.36879999999999996,0.7969999999999999,46.6,28.8,12.2,14.4,1.0,2023-12-21,1610612753,ORL,108.2,0.46819999999999995,0.322,0.7619999999999999,45.0,24.0,12.2,-0.2,0.4,1,4.0
22300454,2024-01-01,1610612749,MIL,126.6,0.504,0.3944,0.8186,46.4,28.8,13.0,9.2,0.8,2024-01-01,1610612754,IND,119.2,0.5128,0.44320000000000004,0.7718,39.6,30.6,16.0,3.2,0.6,0,-9.0
22300510,2024-01-08,1610612749,MIL,119.0,0.4896,0.33199999999999996,0.7859999999999999,42.8,26.0,13.2,-2.6,0.4,2024-01-08,1610612762,UTA,123.0,0.4848,0.2968,0.8161999999999999,48.8,29.4,15.0,6.6,0.8,0,-16.0
22300528,2024-01-11,1610612749,MIL,118.4,0.47640000000000005,0.3436,0.7652,41.8,27.0,11.6,-7.4,0.2,2024-01-11,1610612738,BOS,125.0,0.47120000000000006,0.4004,0.7746000000000001,49.4,26.0,13.2,9.4,0.6,1,33.0
22300545,2024-01-13,1610612749,MIL,122.8,0.5012000000000001,0.3794,0.7662,43.4,28.4,11.2,1.0,0.4,2024-01-13,1610612744,GSW,120.6,0.4832000000000001,0.3752,0.8428000000000001,41.6,30.4,10.8,-8.2,0.4,1,11.0
22300552,2024-01-14,1610612749,MIL,122.6,0.5098,0.3876,0.7809999999999999,45.0,29.0,11.0,5.6,0.6,2024-01-14,1610612758,SAC,116.4,0.47319999999999995,0.37239999999999995,0.7444,43.6,29.2,13.0,-0.2,0.6,1,1.0
22300624,2024-01-24,1610612749,MIL,126.0,0.49300000000000005,0.36019999999999996,0.7811999999999999,44.8,27.8,10.8,-2.6,0.8,2024-01-24,1610612739,CLE,119.4,0.4922000000000001,0.39459999999999995,0.8154,47.6,28.2,10.8,23.0,1.0,1,10.0
22300639,2024-01-26,1610612749,MIL,125.4,0.48440000000000005,0.35219999999999996,0.7949999999999999,44.0,26.0,10.6,-2.8,0.8,2024-01-26,1610612739,CLE,120.4,0.5152,0.404,0.8038000000000001,46.0,30.2,11.0,19.2,0.8,0,-12.0
22300648,2024-01-27,1610612749,MIL,116.8,0.46040000000000003,0.3356,0.7678,46.2,24.0,11.6,-5.4,0.6,2024-01-27,1610612740,NOP,119.4,0.4828,0.36479999999999996,0.7404,45.4,29.0,12.2,1.2,0.4,1,24.0
22300738,2024-02-08,1610612749,MIL,113.2,0.4766,0.356,0.6724,38.2,27.0,11.8,-4.0,0.2,2024-02-08,1610612750,MIN,113.6,0.48179999999999995,0.4086,0.7678,45.6,25.0,13.6,10.6,0.6,0,-24.0
22300745,2024-02-09,1610612749,MIL,112.8,0.4896,0.36079999999999995,0.658,37.2,29.2,12.0,-7.6,0.2,2024-02-09,1610612766,CHA,110.0,0.45339999999999997,0.37839999999999996,0.7628,38.0,23.6,10.4,-11.0,0.0,1,36.0
22300767,2024-02-12,1610612749,MIL,113.6,0.479,0.3722,0.6801999999999999,40.0,29.0,10.4,0.2,0.4,2024-02-12,1610612743,DEN,110.4,0.4678,0.39,0.8084,44.4,28.0,11.8,-1.0,0.6,1,17.0
22300773,2024-02-13,1610612749,MIL,110.2,0.4654,0.38639999999999997,0.6776,43.0,28.2,10.6,1.2,0.4,2024-02-13,1610612748,MIA,109.6,0.45920000000000005,0.294,0.8364,47.8,25.8,10.4,6.8,0.6,0,-26.0
22300840,2024-02-27,1610612749,MIL,110.0,0.4856,0.3782,0.7678,45.4,26.8,14.2,2.8,0.6,2024-02-27,1610612766,CHA,105.0,0.4646,0.3498,0.7938,43.6,25.4,13.8,8.0,0.8,1,38.0
22300880,2024-03-04,1610612749,MIL,115.6,0.483,0.39459999999999995,0.7892,47.6,25.6,10.2,18.4,1.0,2024-03-04,1610612746,LAC,109.8,0.4768,0.32820000000000005,0.8448,43.0,24.2,12.8,2.4,0.6,1,7.0
22300958,2024-03-14,1610612749,MIL,108.6,0.4422,0.3386,0.7926,42.0,23.6,10.4,-11.4,0.4,2024-03-14,1610612755,PHI,93.8,0.4062,0.317,0.741,41.0,21.6,10.8,-8.0,0.2,1,9.0
22300976,2024-03-17,1610612749,MIL,108.8,0.4558,0.3484,0.7878000000000001,40.2,25.4,11.0,-11.0,0.4,2024-03-17,1610612756,PHX,112.6,0.5002,0.34759999999999996,0.7318,48.0,26.2,13.0,-0.2,0.6,1,11.0
22301007,2024-03-21,1610612749,MIL,118.2,0.4962,0.4282,0.8478,39.6,27.0,11.6,-2.2,0.6,2024-03-21,1610612751,BKN,106.4,0.45199999999999996,0.34819999999999995,0.7966,41.4,24.0,14.0,-6.0,0.2,1,7.0
22301030,2024-03-24,1610612749,MIL,116.4,0.492,0.4168,0.8656,39.4,26.8,12.2,-2.2,0.6,2024-03-24,1610612760,OKC,119.4,0.4936,0.36,0.7894,44.0,26.6,12.2,7.0,0.8,1,25.0
22301045,2024-03-26,1610612749,MIL,121.2,0.5254,0.44580000000000003,0.8400000000000001,42.0,28.8,12.8,9.8,0.8,2024-03-26,1610612747,LAL,123.0,0.5152,0.41500000000000004,0.8196,44.0,29.2,12.4,4.6,0.6,0,-4.0
22301107,2024-04-03,1610612749,MIL,115.4,0.47920000000000007,0.29839999999999994,0.6566,52.2,29.8,13.2,3.8,0.4,2024-04-03,1610612763,MEM,104.8,0.41400000000000003,0.33280000000000004,0.7565999999999999,43.8,25.2,15.2,-12.6,0.4,0,-10.0
22301122,2024-04-05,1610612749,MIL,112.0,0.4526,0.3154,0.6446,49.6,28.4,12.2,-3.2,0.2,2024-04-05,1610612761,TOR,101.0,0.4542,0.29059999999999997,0.7988,35.2,25.8,15.4,-26.4,0.0,0,-6.0
22301139,2024-04-07,1610612749,MIL,109.4,0.4574,0.31379999999999997,0.6772,46.4,25.2,12.0,-3.6,0.2,2024-04-07,1610612752,NYK,111.4,0.46440000000000003,0.3614,0.7518,40.6,25.8,12.6,-2.4,0.2,0,-13.0
22301148,2024-04-09,1610612749,MIL,111.2,0.4582,0.3126,0.7408,44.8,26.4,12.0,-4.8,0.2,2024-04-09,1610612738,BOS,116.4,0.4984,0.37639999999999996,0.8336,47.8,29.4,10.2,15.8,1.0,1,13.0
22301162,2024-04-10,1610612749,MIL,107.6,0.4542,0.3498,0.6808,46.6,26.8,13.2,-4.0,0.2,2024-04-10,1610612753,ORL,111.0,0.47079999999999994,0.3206,0.8433999999999999,40.2,24.8,12.4,0.8,0.6,1,18.0
42300121,2024-04-21,1610612749,MIL,105.0,0.4808,0.36519999999999997,0.796,41.2,25.2,15.2,-5.0,0.4,2024-04-21,1610612754,IND,132.0,0.5494000000000001,0.375,0.8433999999999999,41.4,33.6,11.8,13.2,0.8,1,15.0
42300122,2024-04-23,1610612749,MIL,105.0,0.4816,0.3702,0.8272,43.0,24.0,14.4,0.6,0.6,2024-04-23,1610612754,IND,125.6,0.524,0.33140000000000003,0.7958000000000001,43.6,31.6,11.6,7.4,0.6,0,-17.0
42300125,2024-04-30,1610612749,MIL,107.2,0.458,0.346,0.8848,41.2,21.4,10.8,-8.6,0.2,2024-04-30,1610612754,IND,124.6,0.5096,0.392,0.7054,46.2,32.8,9.2,12.0,0.8,1,23.0
12300054,2023-10-17,1610612750,MIN,112.0,0.462,0.39433333333333337,0.7366666666666667,47.666666666666664,30.333333333333332,17.0,9.666666666666666,1.0,2023-10-17,50009,MRA,96.0,0.403,0.2595,0.857,36.0,20.5,12.5,-31.5,0.0,1,27.0
22300093,2023-10-28,1610612750,MIN,114.2,0.471,0.3962,0.7807999999999999,47.2,29.6,16.8,10.0,0.8,2023-10-28,1610612748,MIA,110.8,0.4572,0.3704,0.8144,46.4,25.0,13.8,-1.6,0.4,1,16.0
22300123,2023-11-01,1610612750,MIN,113.0,0.4824,0.39,0.7542,46.8,27.8,14.6,7.0,0.6,2023-11-01,1610612743,DEN,113.6,0.5214000000000001,0.3616,0.6916,44.0,29.8,13.6,14.0,1.0,1,21.0
22300138,2023-11-04,1610612750,MIN,107.4,0.46099999999999997,0.3744,0.799,47.2,24.2,14.6,5.8,0.6,2023-11-04,1610612762,UTA,114.4,0.46159999999999995,0.3774,0.7343999999999999,47.8,29.0,17.0,-1.2,0.4,1,28.0
22300154,2023-11-06,1610612750,MIN,109.2,0.4710000000000001,0.37039999999999995,0.781,47.4,23.8,12.2,9.6,0.6,2023-11-06,1610612738,BOS,126.4,0.5002000000000001,0.39599999999999996,0.812,51.8,23.6,13.4,18.4,1.0,1,5.0
22300166,2023-11-08,1610612750,MIN,113.2,0.5065999999999999,0.38899999999999996,0.7214,44.0,25.0,14.0,11.2,0.8,2023-11-08,1610612740,NOP,111.6,0.453,0.339,0.7642,41.2,24.2,11.0,-10.2,0.4,1,21.0
22300221,2023-11-20,1610612750,MIN,114.6,0.49140000000000006,0.3438,0.8158,42.6,24.2,14.2,-0.2,0.8,2023-11-20,1610612752,NYK,117.0,0.48740000000000006,0.434,0.7442,42.8,24.8,11.0,8.6,0.8,1,17.0
22300232,2023-11-22,1610612750,MIN,114.6,0.4952,0.33459999999999995,0.8102,41.2,25.6,13.2,1.8,0.8,2023-11-22,1610612755,PHI,119.8,0.4666,0.3688,0.9042,42.0,24.6,11.6,2.6,0.4,1,13.0
22300050,2023-11-24,1610612750,MIN,113.8,0.487,0.345,0.8036,41.4,25.8,12.8,3.2,0.8,2023-11-24,1610612758,SAC,117.6,0.48,0.3606,0.763,41.8,29.0,13.6,-0.2,0.6,0,-13.0
22300058,2023-11-28,1610612750,MIN,116.0,0.5008000000000001,0.38659999999999994,0.7891999999999999,42.2,28.4,14.2,8.0,0.8,2023-11-28,1610612760,OKC,126.2,0.5126000000000001,0.46080000000000004,0.8874000000000001,43.0,27.6,11.0,15.8,0.8,1,3.0
22300270,2023-11-30,1610612750,MIN,113.0,0.47779999999999995,0.3876,0.7888,45.8,26.2,15.2,8.4,0.8,2023-11-30,1610612762,UTA,102.8,0.4182,0.3372,0.7571999999999999,44.0,26.0,17.0,-11.0,0.4,1,11.0
22301210,2023-12-06,1610612750,MIN,112.0,0.4686,0.391,0.8326,44.0,25.6,14.6,5.8,0.8,2023-12-06,1610612759,SAS,115.0,0.4568,0.35419999999999996,0.8657999999999999,42.2,30.0,17.4,-8.4,0.0,1,8.0
22300338,2023-12-16,1610612750,MIN,115.6,0.47319999999999995,0.3726,0.8128,48.4,26.4,12.8,8.4,0.8,2023-12-16,1610612754,IND,123.4,0.46440000000000003,0.31120000000000003,0.7974,42.4,31.0,13.8,-5.0,0.4,1,18.0
22300380,2023-12-21,1610612750,MIN,115.6,0.5008,0.4304,0.7916000000000001,42.4,27.6,14.4,2.4,0.6,2023-12-21,1610612747,LAL,115.8,0.48600000000000004,0.3728,0.7242,42.0,30.6,12.0,-6.8,0.2,1,7.0
22300423,2023-12-28,1610612750,MIN,111.8,0.49219999999999997,0.375,0.8396000000000001,40.2,26.8,15.6,-2.8,0.6,2023-12-28,1610612742,DAL,117.8,0.45499999999999996,0.3292,0.7647999999999999,42.0,23.2,10.0,0.2,0.4,1,8.0
22300443,2023-12-30,1610612750,MIN,113.0,0.4962,0.4022,0.8076000000000001,38.8,26.0,17.4,-2.0,0.6,2023-12-30,1610612747,LAL,119.2,0.49540000000000006,0.42940000000000006,0.836,41.4,30.0,12.4,-0.8,0.4,1,2.0
22300471,2024-01-03,1610612750,MIN,109.6,0.492,0.4016,0.8061999999999999,38.8,23.8,17.4,-1.4,0.6,2024-01-03,1610612740,NOP,114.4,0.4856,0.3722,0.7438,45.4,24.4,14.2,10.2,0.6,0,-11.0
22300538,2024-01-12,1610612750,MIN,113.8,0.4822,0.3752,0.7846,45.2,27.0,13.0,4.6,0.4,2024-01-12,1610612757,POR,99.0,0.3874,0.3214,0.705,42.2,21.2,14.6,-29.6,0.2,1,23.0
22300553,2024-01-14,1610612750,MIN,115.8,0.502,0.3816,0.7632,48.6,28.8,13.8,11.4,0.6,2024-01-14,1610612746,LAC,121.2,0.5172,0.4474,0.8368,42.6,27.4,11.8,11.0,0.8,1,4.0
22300582,2024-01-18,1610612750,MIN,116.4,0.5246000000000001,0.43339999999999995,0.7512,44.6,29.6,13.6,9.6,0.8,2024-01-18,1610612763,MEM,114.0,0.429,0.3482,0.7956000000000001,46.2,27.4,13.0,2.2,0.6,1,15.0
22300599,2024-01-20,1610612750,MIN,117.4,0.5267999999999999,0.4391999999999999,0.7457999999999999,42.8,28.8,12.8,8.4,0.8,2024-01-20,1610612760,OKC,121.4,0.5016,0.3674,0.8674,43.6,30.6,11.6,12.2,0.6,0,-5.0
22300610,2024-01-22,1610612750,MIN,112.8,0.5168,0.4324,0.7106,43.4,28.8,15.2,8.8,0.8,2024-01-22,1610612766,CHA,102.2,0.4224,0.351,0.8096,44.4,23.2,15.6,-15.4,0.2,0,-3.0
22300680,2024-01-31,1610612750,MIN,111.6,0.49779999999999996,0.4434,0.7544,39.8,27.0,12.0,3.0,0.6,2024-01-31,1610612742,DAL,122.6,0.5132,0.4234,0.716,39.2,27.8,12.4,-6.0,0.4,1,34.0
22300694,2024-02-02,1610612750,MIN,110.8,0.5055999999999999,0.4422,0.7224,41.6,26.4,11.4,10.4,0.8,2024-02-02,1610612753,ORL,111.0,0.47239999999999993,0.3602,0.7396,38.8,26.4,11.8,-1.0,0.4,0,-2.0
22300709,2024-02-04,1610612750,MIN,108.4,0.5142,0.4492,0.73,39.6,26.0,13.4,7.8,0.6,2024-02-04,1610612745,HOU,122.2,0.4960000000000001,0.3294,0.8402000000000001,48.4,27.8,12.6,13.2,0.6,1,21.0
22300808,2024-02-23,1610612750,MIN,124.4,0.5050000000000001,0.40820000000000006,0.8472,43.8,28.6,11.4,17.6,0.8,2024-02-23,1610612749,MIL,108.8,0.4686,0.36479999999999996,0.7694,44.2,27.8,12.2,0.0,0.4,0,-5.0
22300815,2024-02-24,1610612750,MIN,121.2,0.5014000000000001,0.3936,0.8240000000000001,45.8,27.6,11.4,17.8,0.8,2024-02-24,1610612751,BKN,101.4,0.4502,0.395,0.7654,36.4,25.4,13.0,-17.8,0.2,1,15.0
22300838,2024-02-27,1610612750,MIN,115.6,0.4768,0.3544,0.8218,47.4,25.2,12.2,16.0,0.8,2024-02-27,1610612759,SAS,112.8,0.4598,0.3742,0.741,45.0,34.0,14.0,-5.8,0.2,1,9.0
22300845,2024-02-28,1610612750,MIN,114.2,0.4622,0.3734,0.8088000000000001,48.4,24.2,12.8,13.6,0.8,2024-02-28,1610612763,MEM,100.4,0.44980000000000003,0.33999999999999997,0.7372,40.6,25.4,14.0,-5.8,0.4,1,9.0
22300862,2024-03-01,1610612750,MIN,112.0,0.46819999999999995,0.3746,0.796,48.0,25.2,13.0,13.0,0.8,2024-03-01,1610612758,SAC,111.6,0.48419999999999996,0.36419999999999997,0.7038,43.0,27.4,12.6,-1.4,0.6,0,-4.0
22300873,2024-03-03,1610612750,MIN,110.4,0.4636,0.3786,0.7608,46.4,26.2,12.8,4.8,0.6,2024-03-03,1610612746,LAC,113.4,0.492,0.34440000000000004,0.8375999999999999,43.4,26.2,13.8,-2.2,0.4,0,-1.0
22300881,2024-03-04,1610612750,MIN,106.6,0.45339999999999997,0.35900000000000004,0.8266,46.8,26.4,13.2,5.6,0.6,2024-03-04,1610612757,POR,103.4,0.43100000000000005,0.294,0.752,47.4,23.4,15.6,-0.2,0.4,1,5.0
22300995,2024-03-19,1610612750,MIN,112.8,0.4612,0.36639999999999995,0.8022,42.0,27.2,9.8,5.4,0.6,2024-03-19,1610612743,DEN,117.8,0.5378000000000001,0.4202,0.7459999999999999,38.4,32.6,10.0,9.6,0.8,0,-3.0
22301014,2024-03-22,1610612750,MIN,114.4,0.47359999999999997,0.38160000000000005,0.7777999999999999,40.4,27.2,8.8,6.6,0.6,2024-03-22,1610612739,CLE,108.4,0.476,0.36360000000000003,0.7874,40.8,29.4,12.2,0.6,0.4,1,13.0
22301031,2024-03-24,1610612750,MIN,113.4,0.4854,0.41579999999999995,0.7085999999999999,42.0,27.2,8.8,11.4,0.8,2024-03-24,1610612744,GSW,117.4,0.4782,0.3802,0.6882,47.6,30.6,11.0,-0.2,0.4,1,4.0
22301056,2024-03-27,1610612750,MIN,112.6,0.4784,0.44800000000000006,0.7101999999999999,41.2,28.0,10.0,8.6,0.8,2024-03-27,1610612765,DET,99.8,0.4274000000000001,0.27579999999999993,0.8253999999999999,42.8,22.2,14.6,-21.8,0.0,1,15.0
22301084,2024-03-31,1610612750,MIN,109.4,0.49219999999999997,0.40279999999999994,0.6617999999999999,41.2,27.6,10.4,8.4,0.8,2024-03-31,1610612741,CHI,113.6,0.48919999999999997,0.3584,0.8392,43.2,27.6,9.6,-2.8,0.2,0,-8.0
22301098,2024-04-02,1610612750,MIN,107.2,0.49060000000000004,0.3936,0.656,41.2,28.2,11.6,7.4,0.8,2024-04-02,1610612745,HOU,119.4,0.4490000000000001,0.372,0.8082,45.4,23.2,10.6,7.0,0.8,1,7.0
22301108,2024-04-03,1610612750,MIN,109.0,0.5006,0.37439999999999996,0.7378,39.8,28.6,12.8,6.2,0.8,2024-04-03,1610612761,TOR,105.8,0.466,0.2924,0.789,34.0,27.4,13.8,-17.4,0.0,1,48.0
22301152,2024-04-09,1610612750,MIN,112.2,0.4828,0.38299999999999995,0.7802,43.2,29.2,14.2,9.4,0.6,2024-04-09,1610612764,WAS,113.6,0.4718,0.3014,0.7884,42.6,26.4,13.4,-5.4,0.2,1,9.0
22301178,2024-04-12,1610612750,MIN,116.8,0.4782,0.41339999999999993,0.7418,43.8,28.4,11.6,9.6,0.6,2024-04-12,1610612737,ATL,110.2,0.45820000000000005,0.335,0.7146,47.8,30.0,16.8,-9.0,0.2,1,3.0
22301194,2024-04-14,1610612750,MIN,112.0,0.47240000000000004,0.3744,0.764,42.6,26.8,12.6,0.6,0.6,2024-04-14,1610612756,PHX,105.2,0.44580000000000003,0.3338,0.8838000000000001,42.8,26.0,14.4,1.2,0.6,0,-19.0
42300161,2024-04-20,1610612750,MIN,115.8,0.4976,0.3746,0.768,41.0,26.6,13.8,-1.2,0.6,2024-04-20,1610612756,PHX,110.8,0.46840000000000004,0.375,0.8985999999999998,39.4,25.8,13.2,3.0,0.6,1,25.0
42300162,2024-04-23,1610612750,MIN,114.4,0.4946,0.3726,0.7784,42.2,26.0,13.8,1.8,0.6,2024-04-23,1610612756,PHX,108.8,0.4668,0.3674,0.8728,37.4,23.0,13.2,-0.4,0.6,1,12.0
42300233,2024-05-10,1610612750,MIN,113.0,0.4856,0.3762,0.7874000000000001,43.4,24.8,12.2,13.6,1.0,2024-05-10,1610612743,DEN,101.4,0.44499999999999995,0.3238,0.8230000000000001,44.0,25.0,13.6,-7.0,0.4,0,-27.0
42300234,2024-05-12,1610612750,MIN,110.0,0.48319999999999996,0.3806,0.758,42.0,24.8,12.4,5.8,0.8,2024-05-12,1610612743,DEN,102.4,0.4548,0.3846,0.8202,41.8,24.8,13.0,-3.0,0.4,0,-8.0
42300236,2024-05-16,1610612750,MIN,101.2,0.4848,0.361,0.6928,38.2,25.2,13.0,-3.4,0.4,2024-05-16,1610612743,DEN,104.6,0.4948,0.42479999999999996,0.8009999999999999,38.6,25.0,12.2,3.4,0.6,1,45.0
42300311,2024-05-22,1610612750,MIN,101.4,0.4514,0.3346,0.7542,43.2,23.6,10.4,0.6,0.4,2024-05-22,1610612742,DAL,108.2,0.4686,0.4066000000000001,0.6694000000000001,46.4,25.8,13.4,4.4,0.8,0,-3.0
42300312,2024-05-24,1610612750,MIN,104.4,0.44939999999999997,0.34740000000000004,0.7323999999999999,44.8,23.6,9.6,5.4,0.4,2024-05-24,1610612742,DAL,106.0,0.47400000000000003,0.3574,0.716,47.2,24.0,14.0,3.2,0.8,0,-1.0
42300315,2024-05-30,1610612750,MIN,104.6,0.45280000000000004,0.3612,0.7273999999999999,40.0,23.2,10.0,0.0,0.4,2024-05-30,1610612742,DAL,110.0,0.4946,0.3896,0.8054,41.8,22.4,13.4,1.8,0.8,0,-21.0
12300046,2023-10-16,1610612751,BKN,130.5,0.4945,0.4145,0.76,50.0,24.0,15.0,14.5,0.5,2023-10-16,1610612755,PHI,103.5,0.42,0.353,0.777,42.5,21.5,13.5,-9.5,0.0,0,-8.0
22300067,2023-10-25,1610612751,BKN,121.75,0.4705,0.443,0.7915,47.5,26.25,17.5,6.0,0.5,2023-10-25,1610612739,CLE,109.0,0.45875,0.349,0.78425,44.5,28.0,19.5,5.5,0.25,0,-1.0
22300136,2023-11-04,1610612751,BKN,116.8,0.49219999999999997,0.4058,0.7438,45.8,28.8,14.2,2.4,0.6,2023-11-04,1610612738,BOS,127.0,0.5018,0.3916,0.771,52.8,26.0,14.2,22.0,1.0,0,-10.0
22300149,2023-11-06,1610612751,BKN,117.0,0.4782,0.4046,0.7194,44.2,27.2,11.8,0.6,0.6,2023-11-06,1610612749,MIL,114.2,0.4706,0.39,0.7356,39.0,21.8,15.4,-4.4,0.6,0,-4.0
22300160,2023-11-08,1610612751,BKN,118.0,0.4774,0.3782,0.7086,44.0,25.6,10.4,0.8,0.6,2023-11-08,1610612746,LAC,116.2,0.502,0.3978,0.7212,41.0,22.4,16.2,7.0,0.4,1,7.0
22300178,2023-11-12,1610612751,BKN,111.0,0.4444,0.3708,0.7656,44.4,24.8,9.0,-3.8,0.4,2023-11-12,1610612764,WAS,122.4,0.5114,0.38259999999999994,0.7243999999999999,35.8,30.0,15.0,-5.0,0.2,1,8.0
22300020,2023-11-14,1610612751,BKN,109.6,0.4284,0.3398,0.8055999999999999,49.8,22.8,11.0,-2.6,0.4,2023-11-14,1610612753,ORL,113.6,0.45620000000000005,0.352,0.7882,44.4,25.2,16.8,4.0,0.6,1,20.0
22300208,2023-11-19,1610612751,BKN,109.6,0.4478,0.3784,0.7926,49.0,24.2,14.2,2.8,0.6,2023-11-19,1610612755,PHI,122.0,0.475,0.3636,0.8914,44.4,24.6,11.8,2.6,0.6,0,-22.0
22300240,2023-11-25,1610612751,BKN,117.0,0.4692,0.3886,0.7622,50.8,25.0,15.6,-0.6,0.4,2023-11-25,1610612748,MIA,112.8,0.47240000000000004,0.4178,0.8792,38.2,26.0,10.6,10.2,0.6,1,15.0
22300250,2023-11-26,1610612751,BKN,119.0,0.4936,0.41740000000000005,0.7762,46.0,26.0,14.2,0.8,0.4,2023-11-26,1610612741,CHI,101.8,0.4484,0.3656,0.8160000000000001,37.8,21.2,12.2,-9.2,0.2,1,9.0
22300054,2023-11-28,1610612751,BKN,117.8,0.4842000000000001,0.4144,0.7928,45.0,27.4,13.0,-1.4,0.4,2023-11-28,1610612761,TOR,120.8,0.505,0.3758,0.7316,44.2,29.6,14.6,4.2,0.6,1,12.0
22300266,2023-11-30,1610612751,BKN,117.8,0.4798,0.40499999999999997,0.8064,48.8,26.8,13.2,2.4,0.6,2023-11-30,1610612766,CHA,110.8,0.46980000000000005,0.4206,0.7424,43.8,26.6,14.6,-9.0,0.4,0,-1.0
22300282,2023-12-02,1610612751,BKN,123.6,0.48500000000000004,0.4042,0.7898,50.2,26.2,12.0,6.6,0.6,2023-12-02,1610612753,ORL,127.2,0.5426,0.425,0.8006,44.2,30.4,15.2,11.8,1.0,1,28.0
22301219,2023-12-08,1610612751,BKN,120.8,0.48,0.4044,0.7392,50.4,26.2,11.2,9.8,0.8,2023-12-08,1610612764,WAS,121.0,0.5074,0.3702,0.882,37.6,30.8,14.0,-7.6,0.2,1,27.0
22300368,2023-12-20,1610612751,BKN,112.6,0.4532,0.3842,0.8122,41.6,26.4,13.0,-10.6,0.2,2023-12-20,1610612752,NYK,124.8,0.5168,0.41,0.7904,43.4,25.2,11.8,0.4,0.6,0,-19.0
22300383,2023-12-22,1610612751,BKN,109.4,0.43099999999999994,0.35140000000000005,0.7747999999999999,43.2,26.6,12.6,-11.8,0.2,2023-12-22,1610612743,DEN,119.6,0.492,0.4154,0.7333999999999999,46.4,29.4,8.6,13.0,0.8,0,-5.0
22300394,2023-12-23,1610612751,BKN,109.6,0.4354,0.357,0.7548,45.0,28.2,13.2,-13.6,0.0,2023-12-23,1610612765,DET,110.4,0.4668,0.2812,0.7884,38.0,23.0,14.2,-19.2,0.0,1,11.0
22300417,2023-12-27,1610612751,BKN,114.2,0.461,0.3898,0.7196,42.0,27.2,10.6,-4.8,0.4,2023-12-27,1610612749,MIL,126.0,0.479,0.367,0.804,48.2,27.2,11.8,7.6,0.8,0,-22.0
22300481,2024-01-05,1610612751,BKN,104.0,0.3998,0.2704,0.6504,48.2,26.0,9.0,-16.4,0.0,2024-01-05,1610612760,OKC,127.4,0.5334000000000001,0.45519999999999994,0.8089999999999999,39.8,28.8,10.2,10.4,0.8,1,9.0
22300498,2024-01-07,1610612751,BKN,104.4,0.4008,0.2984,0.6476,49.0,25.2,10.2,-10.2,0.2,2024-01-07,1610612757,POR,105.4,0.41340000000000005,0.36319999999999997,0.747,44.8,23.0,17.0,-18.6,0.2,0,-7.0
22300562,2024-01-15,1610612751,BKN,107.8,0.43019999999999997,0.3168,0.7034,45.8,24.6,13.2,-9.0,0.2,2024-01-15,1610612748,MIA,108.0,0.4622,0.37039999999999995,0.8134,42.4,26.2,13.2,0.6,0.6,0,-1.0
22300615,2024-01-23,1610612751,BKN,108.8,0.45760000000000006,0.3344,0.771,40.2,26.4,10.8,-1.0,0.2,2024-01-23,1610612752,NYK,109.6,0.4652,0.3438,0.766,51.2,23.6,16.2,10.6,0.8,0,-5.0
22300629,2024-01-25,1610612751,BKN,109.0,0.4558,0.34659999999999996,0.7882,40.0,28.6,10.2,-0.2,0.2,2024-01-25,1610612750,MIN,116.4,0.4822,0.40540000000000004,0.7644,43.0,28.8,12.8,5.0,0.6,0,-2.0
22300645,2024-01-27,1610612751,BKN,108.8,0.4782,0.3636,0.7756000000000001,36.4,27.8,11.2,-0.4,0.2,2024-01-27,1610612745,HOU,119.4,0.4748000000000001,0.3226,0.766,46.6,27.8,10.4,1.0,0.4,1,2.0
22300660,2024-01-29,1610612751,BKN,109.4,0.4795999999999999,0.3552,0.7612,37.8,27.0,13.0,0.4,0.4,2024-01-29,1610612762,UTA,127.2,0.4962,0.375,0.8033999999999999,47.2,32.0,13.4,-1.6,0.4,1,33.0
22300677,2024-01-31,1610612751,BKN,112.8,0.4772,0.3678,0.7934,39.6,29.0,13.0,3.4,0.4,2024-01-31,1610612756,PHX,118.8,0.5484,0.3786,0.7316,42.4,27.0,14.2,4.2,0.6,0,-16.0
22300717,2024-02-05,1610612751,BKN,120.6,0.49420000000000003,0.385,0.7938000000000001,40.4,30.0,12.2,6.4,0.6,2024-02-05,1610612744,GSW,130.2,0.5154000000000001,0.4098,0.7968,45.6,31.4,14.8,4.6,0.4,0,-11.0
22300720,2024-02-06,1610612751,BKN,121.4,0.4796,0.38639999999999997,0.7734,41.6,30.2,11.6,4.6,0.6,2024-02-06,1610612742,DAL,113.6,0.4894,0.36819999999999997,0.7698,39.0,26.0,14.2,-6.6,0.4,0,-12.0
22300735,2024-02-08,1610612751,BKN,121.6,0.4726,0.3886,0.8278000000000001,42.2,32.0,9.8,1.8,0.4,2024-02-08,1610612739,CLE,120.6,0.5096,0.3884,0.7842,44.6,28.8,10.8,12.8,1.0,0,-23.0
22300750,2024-02-10,1610612751,BKN,111.2,0.44939999999999997,0.3752,0.7956,39.0,28.2,10.6,-9.4,0.2,2024-02-10,1610612759,SAS,105.4,0.4542,0.2968,0.7316,44.6,28.2,14.8,-11.0,0.0,1,20.0
22300771,2024-02-13,1610612751,BKN,111.8,0.462,0.39320000000000005,0.7872,41.8,28.8,10.6,-2.2,0.4,2024-02-13,1610612738,BOS,120.8,0.49260000000000004,0.3574,0.8865999999999999,49.4,29.0,12.2,9.4,0.8,0,-8.0
22300851,2024-02-29,1610612751,BKN,91.4,0.40280000000000005,0.2812,0.7852,41.4,23.2,13.8,-19.0,0.2,2024-02-29,1610612737,ATL,115.8,0.4514,0.33199999999999996,0.8375999999999999,49.4,28.2,12.4,1.8,0.4,1,27.0
22300866,2024-03-02,1610612751,BKN,99.0,0.4284,0.3122,0.7524000000000001,43.8,23.8,13.4,-3.6,0.4,2024-03-02,1610612737,ATL,110.0,0.4438,0.324,0.8148,47.4,25.2,12.4,-1.6,0.4,1,12.0
22300879,2024-03-04,1610612751,BKN,103.2,0.43899999999999995,0.34659999999999996,0.7615999999999999,45.0,25.6,11.6,4.4,0.6,2024-03-04,1610612763,MEM,94.8,0.3992,0.309,0.749,41.2,20.2,16.6,-15.4,0.0,0,-4.0
22300887,2024-03-05,1610612751,BKN,106.4,0.46020000000000005,0.3838,0.6932,40.4,27.0,12.0,6.6,0.6,2024-03-05,1610612755,PHI,108.4,0.4286,0.36479999999999996,0.8939999999999999,42.0,25.6,8.6,-4.2,0.6,1,5.0
22300993,2024-03-19,1610612751,BKN,108.0,0.4582,0.3548,0.795,41.2,24.6,14.4,-5.6,0.2,2024-03-19,1610612740,NOP,110.4,0.4946,0.3642,0.8283999999999999,42.6,28.0,10.4,5.4,0.8,0,-13.0
22301066,2024-03-29,1610612751,BKN,102.0,0.43979999999999997,0.29639999999999994,0.7916,45.4,23.6,13.6,-4.2,0.4,2024-03-29,1610612741,CHI,114.0,0.476,0.365,0.8426,42.4,28.0,9.0,1.2,0.4,1,17.0
22301078,2024-03-31,1610612751,BKN,108.8,0.4606,0.35,0.7642,45.6,25.0,12.2,1.8,0.6,2024-03-31,1610612747,LAL,121.0,0.47040000000000004,0.37940000000000007,0.8426,51.0,27.0,15.8,1.8,0.8,0,-12.0
22301106,2024-04-03,1610612751,BKN,111.6,0.46099999999999997,0.364,0.7114,43.8,21.8,11.8,-1.2,0.6,2024-04-03,1610612754,IND,123.8,0.506,0.43179999999999996,0.7652,41.4,30.8,9.8,5.4,0.6,1,4.0
22301128,2024-04-06,1610612751,BKN,115.4,0.4662,0.3928,0.7078,43.8,22.2,10.8,-2.0,0.6,2024-04-06,1610612765,DET,99.6,0.43340000000000006,0.3048,0.7866000000000001,40.8,20.4,13.2,-6.8,0.2,1,10.0
22301141,2024-04-07,1610612751,BKN,113.6,0.4744,0.4136,0.7088,44.4,21.4,12.8,-0.6,0.6,2024-04-07,1610612758,SAC,109.6,0.45339999999999997,0.4034,0.6574,46.8,26.8,11.6,3.8,0.4,0,-30.0
22301160,2024-04-10,1610612751,BKN,104.0,0.44960000000000006,0.3466,0.7354,45.0,19.6,14.8,-10.0,0.4,2024-04-10,1610612761,TOR,113.2,0.46319999999999995,0.3056,0.7817999999999999,44.8,24.4,16.2,-13.6,0.4,1,4.0
12300036,2023-10-14,1610612752,NYK,114.0,0.452,0.31,0.758,39.0,24.0,13.0,7.0,1.0,2023-10-14,1610612750,MIN,107.5,0.4375,0.383,0.7384999999999999,51.0,26.5,17.0,10.0,1.0,0,-10.0
12300057,2023-10-18,1610612752,NYK,112.0,0.453,0.35566666666666663,0.7583333333333333,40.0,23.333333333333332,14.0,-5.333333333333333,0.3333333333333333,2023-10-18,1610612764,WAS,121.5,0.46649999999999997,0.3375,0.838,48.0,27.5,15.0,34.5,1.0,0,-25.0
22300065,2023-10-25,1610612752,NYK,110.5,0.4485,0.3565,0.7115,41.75,22.5,14.25,-10.25,0.25,2023-10-25,1610612738,BOS,116.6,0.4568,0.347,0.7742,49.4,24.4,15.6,10.6,0.8,0,-4.0
22300120,2023-11-01,1610612752,NYK,106.4,0.41859999999999997,0.3648,0.6802,49.2,22.2,14.4,-2.8,0.4,2023-11-01,1610612739,CLE,105.4,0.426,0.3252,0.7528,44.2,23.4,12.6,-7.4,0.2,0,-6.0
22300151,2023-11-06,1610612752,NYK,103.2,0.40619999999999995,0.2898,0.7438,51.6,20.6,14.2,0.8,0.4,2023-11-06,1610612746,LAC,121.4,0.5078,0.4232,0.7088,43.8,25.4,15.2,12.2,0.6,1,14.0
22300161,2023-11-08,1610612752,NYK,100.2,0.40380000000000005,0.2762,0.7898000000000001,52.2,20.2,14.8,2.4,0.4,2023-11-08,1610612759,SAS,111.4,0.45759999999999995,0.36360000000000003,0.7918000000000001,39.4,27.8,14.6,-15.2,0.4,1,21.0
22300177,2023-11-12,1610612752,NYK,108.0,0.4224,0.32880000000000004,0.7706000000000001,49.8,22.0,11.8,8.4,0.6,2023-11-12,1610612766,CHA,120.4,0.5005999999999999,0.3216,0.7353999999999999,48.4,24.4,13.2,-4.6,0.4,1,22.0
22300045,2023-11-24,1610612752,NYK,111.2,0.449,0.398,0.7696000000000001,44.8,23.0,11.2,0.8,0.6,2023-11-24,1610612748,MIA,115.4,0.4906,0.4154,0.853,38.4,27.2,9.8,11.8,0.8,1,2.0
22300247,2023-11-26,1610612752,NYK,111.6,0.46159999999999995,0.3812,0.7614,46.6,23.8,13.2,4.4,0.8,2023-11-26,1610612756,PHX,124.8,0.5078,0.421,0.8582000000000001,40.4,28.2,13.0,9.6,1.0,0,-3.0
22300057,2023-11-28,1610612752,NYK,111.0,0.45640000000000003,0.3698,0.7234,45.8,21.6,11.2,3.4,0.6,2023-11-28,1610612766,CHA,112.4,0.46799999999999997,0.383,0.8009999999999999,44.2,26.0,13.6,-10.4,0.4,1,24.0
22300268,2023-11-30,1610612752,NYK,110.0,0.4506,0.3646,0.7634000000000001,47.0,20.6,12.4,4.0,0.6,2023-11-30,1610612765,DET,108.6,0.4452,0.33920000000000006,0.808,43.0,25.0,15.8,-20.2,0.0,1,6.0
22300297,2023-12-11,1610612752,NYK,119.4,0.4852,0.38760000000000006,0.8093999999999999,43.6,26.2,13.6,1.8,0.6,2023-12-11,1610612761,TOR,108.0,0.4426,0.29700000000000004,0.7678,46.2,29.0,11.2,-6.0,0.2,1,6.0
22300388,2023-12-23,1610612752,NYK,121.8,0.48840000000000006,0.37160000000000004,0.82,45.8,22.8,11.0,3.0,0.6,2023-12-23,1610612749,MIL,132.8,0.5002,0.34720000000000006,0.8119999999999999,47.2,27.2,12.6,14.4,1.0,0,-19.0
22300401,2023-12-25,1610612752,NYK,121.4,0.4894,0.38739999999999997,0.8728,44.8,22.0,11.6,0.0,0.6,2023-12-25,1610612749,MIL,130.8,0.49779999999999996,0.3954,0.8144,49.2,26.8,12.4,15.4,1.0,1,7.0
22300451,2024-01-01,1610612752,NYK,118.8,0.48,0.3378,0.8322,40.8,22.8,13.8,-8.8,0.2,2024-01-01,1610612750,MIN,112.0,0.49380000000000007,0.4008,0.8076000000000001,40.0,26.4,17.6,1.2,0.8,1,6.0
22300468,2024-01-03,1610612752,NYK,119.0,0.47940000000000005,0.3464,0.799,42.4,24.0,14.2,-3.8,0.4,2024-01-03,1610612741,CHI,103.8,0.4396000000000001,0.2474,0.767,47.2,20.6,12.2,-5.0,0.4,1,16.0
22300514,2024-01-09,1610612752,NYK,120.6,0.4812,0.40700000000000003,0.8286,47.4,26.0,13.2,12.0,0.8,2024-01-09,1610612757,POR,111.2,0.43879999999999997,0.4072,0.757,41.0,24.0,16.2,-14.6,0.4,1,28.0
22300557,2024-01-15,1610612752,NYK,118.2,0.47379999999999994,0.37560000000000004,0.835,50.0,26.4,15.0,17.6,0.8,2024-01-15,1610612753,ORL,105.4,0.44079999999999997,0.33940000000000003,0.6295999999999999,46.2,23.4,12.6,-5.4,0.4,0,-4.0
22300573,2024-01-17,1610612752,NYK,111.4,0.4568,0.3528,0.7794000000000001,48.4,25.0,14.6,9.6,0.6,2024-01-17,1610612745,HOU,114.4,0.45100000000000007,0.2762,0.7667999999999999,45.8,22.2,12.0,-10.2,0.2,1,15.0
22300579,2024-01-18,1610612752,NYK,109.0,0.4476,0.3452,0.768,49.6,24.4,14.2,9.4,0.6,2024-01-18,1610612764,WAS,116.2,0.469,0.37679999999999997,0.7757999999999999,43.2,30.2,13.4,-3.2,0.2,1,4.0
22300596,2024-01-20,1610612752,NYK,109.2,0.45499999999999996,0.3386,0.7632,48.0,23.6,14.8,4.6,0.6,2024-01-20,1610612761,TOR,112.0,0.47940000000000005,0.3628,0.753,40.6,29.2,11.6,-5.8,0.2,1,26.0
22300631,2024-01-25,1610612752,NYK,110.0,0.46180000000000004,0.3444,0.8186,48.4,22.8,14.4,9.2,0.8,2024-01-25,1610612743,DEN,113.4,0.5324,0.3738,0.7484000000000001,45.0,25.0,12.6,3.8,0.8,1,38.0
22300643,2024-01-27,1610612752,NYK,115.6,0.4880000000000001,0.3584,0.8522000000000001,49.0,24.0,14.2,17.6,1.0,2024-01-27,1610612748,MIA,99.6,0.4286,0.326,0.8042,38.4,22.6,13.0,-17.0,0.0,1,16.0
22300671,2024-01-30,1610612752,NYK,118.8,0.516,0.3876,0.8203999999999999,47.0,24.8,11.6,21.2,1.0,2024-01-30,1610612762,UTA,124.2,0.4902,0.3604,0.7956000000000001,48.4,30.0,14.0,-7.2,0.4,1,15.0
22300685,2024-02-01,1610612752,NYK,117.2,0.5006,0.3922,0.8492,43.8,25.2,8.4,19.0,1.0,2024-02-01,1610612754,IND,123.2,0.5096,0.3308,0.7914,47.0,31.4,12.0,2.0,0.6,1,4.0
22300701,2024-02-03,1610612752,NYK,117.4,0.4872000000000001,0.3654,0.8117999999999999,47.4,24.0,7.8,18.8,1.0,2024-02-03,1610612747,LAL,128.2,0.5052000000000001,0.44820000000000004,0.708,41.8,30.4,12.8,-2.6,0.6,0,-8.0
22300722,2024-02-06,1610612752,NYK,114.0,0.46340000000000003,0.3436,0.8152000000000001,48.8,23.0,7.6,9.6,0.8,2024-02-06,1610612763,MEM,99.4,0.4062,0.3274,0.783,41.6,23.2,14.4,-16.4,0.0,1,10.0
22300736,2024-02-08,1610612752,NYK,113.6,0.4716,0.32199999999999995,0.8368,47.0,23.6,8.2,8.4,0.8,2024-02-08,1610612742,DAL,114.4,0.5025999999999999,0.38699999999999996,0.7484,39.4,24.0,14.2,-3.2,0.6,0,-14.0
22300755,2024-02-10,1610612752,NYK,112.6,0.45620000000000005,0.3328,0.8560000000000001,47.8,24.0,9.2,1.4,0.6,2024-02-10,1610612754,IND,116.6,0.5182,0.3856,0.7146,37.4,28.8,14.4,-3.6,0.4,0,-14.0
22300816,2024-02-24,1610612752,NYK,106.4,0.4556,0.36879999999999996,0.7802,41.6,20.2,12.8,-6.8,0.2,2024-02-24,1610612738,BOS,125.2,0.5317999999999999,0.4234,0.7938000000000001,43.4,28.4,11.2,16.6,1.0,0,-14.0
22300828,2024-02-26,1610612752,NYK,105.2,0.45640000000000003,0.36160000000000003,0.7859999999999999,40.2,19.0,12.6,-6.8,0.2,2024-02-26,1610612765,DET,108.2,0.45520000000000005,0.3416,0.7186,46.4,27.8,14.0,-10.6,0.0,1,2.0
22300837,2024-02-27,1610612752,NYK,105.6,0.4504,0.376,0.7558,42.6,22.0,13.6,-3.6,0.4,2024-02-27,1610612740,NOP,111.4,0.4646,0.33659999999999995,0.7358,46.8,27.4,14.0,3.8,0.6,0,-23.0
22300852,2024-02-29,1610612752,NYK,103.4,0.43360000000000004,0.3702,0.7784,40.0,23.6,12.6,-7.8,0.4,2024-02-29,1610612744,GSW,118.2,0.4718,0.39139999999999997,0.7857999999999999,45.6,33.6,15.6,5.8,0.8,0,-11.0
22300889,2024-03-05,1610612752,NYK,102.6,0.42519999999999997,0.3498,0.7607999999999999,44.8,26.8,11.8,-7.4,0.4,2024-03-05,1610612737,ATL,110.6,0.44800000000000006,0.3414,0.7826,46.8,25.2,11.4,0.6,0.4,0,-16.0
22300912,2024-03-08,1610612752,NYK,102.2,0.41180000000000005,0.343,0.7185999999999999,45.0,28.0,11.4,-7.8,0.4,2024-03-08,1610612753,ORL,111.2,0.5506,0.366,0.751,42.8,23.0,16.8,15.8,1.0,1,24.0
22300927,2024-03-10,1610612752,NYK,99.2,0.41879999999999995,0.363,0.7162,44.8,25.8,11.6,-3.4,0.4,2024-03-10,1610612755,PHI,110.4,0.4404,0.3544,0.858,43.4,27.0,9.6,-1.6,0.4,0,-6.0
22300939,2024-03-12,1610612752,NYK,95.4,0.40920000000000006,0.3472,0.727,47.2,24.2,13.2,0.0,0.4,2024-03-12,1610612755,PHI,102.0,0.4222,0.328,0.7904,43.2,23.4,10.8,-1.8,0.4,1,27.0
22301019,2024-03-23,1610612752,NYK,105.6,0.4676,0.3144,0.8226000000000001,45.6,24.8,11.4,8.0,0.8,2024-03-23,1610612751,BKN,104.0,0.43479999999999996,0.30439999999999995,0.7792,43.2,23.2,14.4,-11.2,0.0,1,12.0
22301035,2024-03-25,1610612752,NYK,105.4,0.453,0.3194,0.7626,44.8,23.4,10.8,5.0,0.8,2024-03-25,1610612765,DET,100.2,0.4418,0.29480000000000006,0.7916,44.2,22.6,14.6,-17.4,0.0,1,25.0
22301082,2024-03-31,1610612752,NYK,120.0,0.49379999999999996,0.4042,0.7186,44.4,28.8,10.6,12.8,0.6,2024-03-31,1610612760,OKC,117.8,0.4928,0.39,0.8338000000000001,43.0,26.8,13.6,4.2,0.6,0,-1.0
22301112,2024-04-04,1610612752,NYK,121.2,0.48579999999999995,0.3892,0.7628,44.0,28.0,11.8,10.8,0.4,2024-04-04,1610612758,SAC,108.6,0.4452,0.37699999999999995,0.7482,45.4,27.8,11.0,1.4,0.6,1,11.0
22301175,2024-04-12,1610612752,NYK,117.6,0.5044000000000001,0.4236,0.7615999999999999,40.2,27.2,11.0,7.2,0.8,2024-04-12,1610612751,BKN,104.4,0.4532,0.3412,0.7464000000000001,48.6,20.8,15.0,-6.8,0.6,1,4.0
22301190,2024-04-14,1610612752,NYK,115.8,0.48600000000000004,0.4312,0.7916000000000001,38.6,24.6,9.8,5.8,0.8,2024-04-14,1610612741,CHI,115.8,0.507,0.35,0.7272,46.2,24.6,13.4,1.2,0.6,1,1.0
42300111,2024-04-20,1610612752,NYK,119.8,0.5002000000000001,0.4372,0.7939999999999999,41.6,25.6,10.6,7.6,1.0,2024-04-20,1610612755,PHI,118.0,0.44559999999999994,0.3612,0.8375999999999999,49.4,27.0,11.0,11.8,1.0,1,7.0
42300112,2024-04-22,1610612752,NYK,117.6,0.4816000000000001,0.43200000000000005,0.7946,44.4,24.6,11.8,6.4,1.0,2024-04-22,1610612755,PHI,112.2,0.44320000000000004,0.3682,0.8404,46.8,24.2,11.2,9.0,0.8,1,3.0
42300115,2024-04-30,1610612752,NYK,109.2,0.44539999999999996,0.37140000000000006,0.7416,47.6,23.0,12.0,1.0,0.8,2024-04-30,1610612755,PHI,105.4,0.4386,0.3608,0.8518000000000001,40.8,22.6,10.8,-0.6,0.4,0,-6.0
42300211,2024-05-06,1610612752,NYK,107.8,0.4506,0.35100000000000003,0.7083999999999999,43.6,23.0,10.2,-1.2,0.6,2024-05-06,1610612754,IND,116.8,0.4974,0.3724,0.7114,42.6,32.2,8.4,6.4,0.8,1,4.0
42300212,2024-05-08,1610612752,NYK,111.2,0.4766,0.38,0.7123999999999999,42.4,23.6,11.6,-1.0,0.6,2024-05-08,1610612754,IND,115.2,0.4908,0.36060000000000003,0.7405999999999999,40.0,31.0,8.8,2.2,0.6,1,9.0
42300215,2024-05-14,1610612752,NYK,112.8,0.47619999999999996,0.421,0.7702,43.2,23.6,11.4,-4.2,0.6,2024-05-14,1610612754,IND,118.0,0.524,0.3956,0.7933999999999999,40.8,30.2,10.0,9.2,0.6,1,30.0
42300217,2024-05-19,1610612752,NYK,109.8,0.4572,0.38,0.7472,43.2,22.2,10.0,-2.2,0.4,2024-05-19,1610612754,IND,112.0,0.505,0.41159999999999997,0.7522,40.8,29.0,11.8,2.2,0.6,0,-21.0
12300050,2023-10-17,1610612753,ORL,115.0,0.438,0.338,0.7729999999999999,46.0,28.0,12.5,10.0,1.0,2023-10-17,1610612740,NOP,99.0,0.422,0.32366666666666666,0.663,42.333333333333336,24.333333333333332,21.666666666666668,-18.333333333333332,0.0,0,-12.0
22300066,2023-10-25,1610612753,ORL,107.75,0.4465,0.33675,0.7364999999999999,42.5,26.75,14.75,10.25,0.75,2023-10-25,1610612745,HOU,110.8,0.4364,0.3062,0.7654,50.6,24.6,15.2,11.0,0.8,1,30.0
22300134,2023-11-04,1610612753,ORL,107.6,0.45339999999999997,0.3128,0.7178000000000001,45.8,23.8,14.4,3.6,0.6,2023-11-04,1610612747,LAL,114.0,0.4734,0.29799999999999993,0.7672000000000001,46.0,26.0,13.8,-0.8,0.6,1,19.0
22300147,2023-11-06,1610612753,ORL,108.4,0.4478,0.3326,0.7091999999999999,44.6,25.8,14.6,1.4,0.6,2023-11-06,1610612742,DAL,120.4,0.4782,0.4122,0.7764,42.8,25.0,12.4,4.8,0.8,0,-15.0
22300172,2023-11-09,1610612753,ORL,108.4,0.4508,0.3276,0.7335999999999999,43.2,26.8,15.8,-2.6,0.4,2023-11-09,1610612737,ATL,124.8,0.484,0.3654,0.8608,50.0,28.2,14.4,9.8,0.8,0,-1.0
22300173,2023-11-11,1610612753,ORL,111.6,0.46420000000000006,0.3216,0.732,43.8,25.0,17.4,-2.2,0.4,2023-11-11,1610612749,MIL,118.8,0.47040000000000004,0.37160000000000004,0.8109999999999999,39.0,22.2,12.0,-2.0,0.6,1,15.0
22300038,2023-11-21,1610612753,ORL,108.6,0.4466,0.3386,0.7896,42.8,22.4,14.4,3.0,0.8,2023-11-21,1610612761,TOR,112.8,0.4606,0.2992,0.738,45.6,30.8,11.6,-1.8,0.4,1,19.0
22300226,2023-11-22,1610612753,ORL,111.4,0.4608,0.339,0.7582,42.2,23.8,14.2,3.8,0.8,2023-11-22,1610612743,DEN,108.2,0.48440000000000005,0.35100000000000003,0.7135999999999999,42.4,28.0,12.6,-2.6,0.4,1,5.0
22300043,2023-11-24,1610612753,ORL,115.4,0.4816,0.3384,0.7792,43.0,24.6,13.8,8.8,1.0,2023-11-24,1610612738,BOS,112.8,0.4692,0.364,0.789,45.0,23.6,12.8,3.0,0.8,1,17.0
22300248,2023-11-26,1610612753,ORL,118.8,0.5048,0.3598,0.7646,43.4,25.2,14.8,11.8,1.0,2023-11-26,1610612766,CHA,110.0,0.4508,0.3902,0.8366,46.0,24.8,13.6,-9.0,0.4,1,13.0
22300259,2023-11-29,1610612753,ORL,124.2,0.5166000000000001,0.369,0.783,43.0,27.0,14.2,13.2,1.0,2023-11-29,1610612764,WAS,121.0,0.49700000000000005,0.3404,0.8779999999999999,41.2,29.2,11.4,-5.6,0.2,1,19.0
22300274,2023-12-01,1610612753,ORL,126.4,0.5392,0.425,0.783,43.4,29.6,14.8,14.6,1.0,2023-12-01,1610612764,WAS,119.2,0.48,0.3472,0.8686,41.8,29.0,12.6,-6.8,0.2,1,5.0
22301217,2023-12-08,1610612753,ORL,122.2,0.51,0.3568,0.7908,41.0,29.6,13.6,-0.2,0.6,2023-12-08,1610612765,DET,105.8,0.4572,0.3276,0.768,44.2,26.6,16.4,-14.8,0.0,1,32.0
22300294,2023-12-11,1610612753,ORL,120.8,0.5122,0.3598,0.7909999999999999,41.2,28.2,12.6,3.6,0.6,2023-12-11,1610612739,CLE,113.0,0.4908,0.3386,0.7906000000000001,45.8,25.4,14.4,9.2,0.8,1,10.0
22300366,2023-12-20,1610612753,ORL,109.2,0.47359999999999997,0.2894,0.7502000000000001,42.4,22.6,12.2,-0.4,0.4,2023-12-20,1610612748,MIA,114.6,0.48199999999999993,0.42160000000000003,0.8210000000000001,40.6,27.8,13.4,0.6,0.6,0,-9.0
22300415,2023-12-27,1610612753,ORL,112.2,0.4718,0.3186,0.744,43.2,25.0,11.0,-3.0,0.4,2023-12-27,1610612755,PHI,120.0,0.5052,0.398,0.8455999999999999,39.8,26.0,10.8,13.4,0.6,0,-20.0
22300429,2023-12-29,1610612753,ORL,111.2,0.47379999999999994,0.312,0.7689999999999999,43.2,24.8,12.6,-3.6,0.4,2023-12-29,1610612752,NYK,119.0,0.48480000000000006,0.3514,0.8460000000000001,45.6,22.6,13.2,0.6,0.6,1,9.0
22300499,2024-01-07,1610612753,ORL,119.2,0.4702,0.39299999999999996,0.7968,42.8,24.6,16.2,-0.6,0.4,2024-01-07,1610612737,ATL,122.0,0.457,0.32199999999999995,0.8304,47.4,26.2,13.4,-7.8,0.4,1,7.0
22300513,2024-01-09,1610612753,ORL,119.2,0.46819999999999995,0.43359999999999993,0.774,44.4,24.8,15.4,-1.0,0.4,2024-01-09,1610612750,MIN,110.0,0.4768,0.362,0.772,42.0,24.4,14.0,1.0,0.4,0,-21.0
22300585,2024-01-19,1610612753,ORL,98.0,0.43099999999999994,0.2744,0.646,44.0,22.2,11.6,-6.8,0.2,2024-01-19,1610612755,PHI,120.6,0.4666,0.3867999999999999,0.8326,40.8,26.2,9.6,3.0,0.6,0,-15.0
22300601,2024-01-21,1610612753,ORL,101.4,0.45339999999999997,0.2994,0.709,42.0,23.0,12.4,-5.6,0.2,2024-01-21,1610612748,MIA,100.8,0.4476,0.3214,0.8404,44.0,23.4,14.4,-0.8,0.6,1,18.0
22300607,2024-01-22,1610612753,ORL,103.2,0.4603999999999999,0.3036,0.7462000000000001,43.2,22.0,13.0,-1.4,0.4,2024-01-22,1610612739,CLE,117.6,0.4774,0.3638,0.8128,48.6,27.8,12.2,18.0,1.0,0,-27.0
22300655,2024-01-28,1610612753,ORL,104.6,0.4638,0.3372,0.766,38.8,21.8,13.8,-5.4,0.2,2024-01-28,1610612756,PHX,123.6,0.5518,0.3886,0.7952,43.6,28.6,13.2,8.8,0.8,1,15.0
22300734,2024-02-08,1610612753,ORL,110.2,0.48419999999999996,0.3774,0.7662,39.6,25.4,13.4,-0.8,0.6,2024-02-08,1610612759,SAS,105.8,0.4438,0.31399999999999995,0.7198,46.4,28.6,14.8,-8.8,0.0,1,16.0
22300752,2024-02-10,1610612753,ORL,109.8,0.5016,0.40119999999999995,0.7462,40.4,26.8,14.4,2.8,0.8,2024-02-10,1610612741,CHI,117.2,0.5028,0.38180000000000003,0.826,43.6,24.2,14.0,0.4,0.6,1,6.0
22300772,2024-02-13,1610612753,ORL,111.0,0.49939999999999996,0.3978,0.7272000000000001,41.0,25.6,14.4,2.0,0.8,2024-02-13,1610612760,OKC,123.2,0.4934,0.43879999999999997,0.8234,39.4,30.0,11.2,0.0,0.6,0,-14.0
22300778,2024-02-14,1610612753,ORL,112.0,0.49779999999999996,0.387,0.7256,42.2,26.6,15.0,-1.2,0.6,2024-02-14,1610612752,NYK,110.0,0.46959999999999996,0.34340000000000004,0.8144,43.4,22.2,11.2,-5.6,0.2,1,18.0
22300833,2024-02-27,1610612753,ORL,110.2,0.5012,0.43920000000000003,0.7418,42.4,25.6,13.8,-0.6,0.6,2024-02-27,1610612751,BKN,97.2,0.4232,0.32059999999999994,0.7588,41.8,25.2,12.2,-15.2,0.2,1,27.0
22300850,2024-02-29,1610612753,ORL,109.2,0.5164,0.45,0.7498,40.4,23.8,14.0,7.6,0.8,2024-02-29,1610612762,UTA,118.2,0.45199999999999996,0.3532,0.8540000000000001,45.4,29.6,16.4,-7.0,0.2,1,8.0
22300874,2024-03-03,1610612753,ORL,108.6,0.499,0.4242,0.7034,42.6,24.2,14.6,5.6,0.8,2024-03-03,1610612765,DET,108.0,0.4758,0.395,0.7192000000000001,41.6,25.4,14.0,-3.8,0.2,1,22.0
22300928,2024-03-10,1610612753,ORL,104.4,0.5136000000000001,0.3402,0.7230000000000001,42.6,21.4,16.0,5.6,0.8,2024-03-10,1610612754,IND,115.6,0.48040000000000005,0.3456,0.8016,43.6,27.8,11.4,-3.0,0.4,0,-14.0
22300947,2024-03-13,1610612753,ORL,100.8,0.4796,0.3236,0.7394000000000001,42.8,19.6,15.4,1.2,0.6,2024-03-13,1610612751,BKN,109.0,0.4702,0.40380000000000005,0.7408,37.2,26.2,13.2,0.6,0.4,1,8.0
22300979,2024-03-17,1610612753,ORL,103.4,0.4558,0.3666,0.7994,39.6,21.0,13.2,-2.0,0.6,2024-03-17,1610612761,TOR,111.4,0.46900000000000003,0.35300000000000004,0.7466,39.6,29.0,13.2,-8.4,0.0,1,15.0
22300991,2024-03-19,1610612753,ORL,101.8,0.4484,0.33540000000000003,0.7584,39.0,21.2,12.8,-1.0,0.6,2024-03-19,1610612766,CHA,102.2,0.45780000000000004,0.3076,0.728,41.6,24.0,13.6,-3.2,0.4,1,20.0
22301004,2024-03-21,1610612753,ORL,109.4,0.48860000000000003,0.3598,0.8029999999999999,39.8,25.2,13.4,7.8,0.8,2024-03-21,1610612740,NOP,110.6,0.5072,0.35200000000000004,0.7908000000000001,42.6,29.4,10.6,6.4,0.8,1,15.0
22301020,2024-03-23,1610612753,ORL,114.2,0.523,0.3876,0.788,38.6,28.2,13.8,13.6,1.0,2024-03-23,1610612758,SAC,111.4,0.45380000000000004,0.3258,0.8198000000000001,47.0,27.0,14.2,8.6,0.6,0,-2.0
22301049,2024-03-27,1610612753,ORL,112.8,0.5146,0.3572,0.7786,41.6,27.8,14.0,11.6,0.8,2024-03-27,1610612744,GSW,116.6,0.49260000000000004,0.3798,0.6336,47.0,30.0,11.0,3.8,0.4,0,-8.0
22301064,2024-03-29,1610612753,ORL,108.8,0.49939999999999996,0.3294,0.7106,41.6,27.8,13.2,8.0,0.6,2024-03-29,1610612746,LAC,114.4,0.5122,0.3778,0.8362,39.6,27.2,11.0,-1.8,0.6,0,-3.0
22301075,2024-03-30,1610612753,ORL,106.0,0.4866,0.3372,0.7172,41.4,27.4,13.4,4.4,0.4,2024-03-30,1610612763,MEM,110.6,0.41720000000000007,0.3414,0.7422000000000001,44.8,24.8,13.4,-13.2,0.2,1,30.0
22301090,2024-04-01,1610612753,ORL,107.2,0.47539999999999993,0.3666,0.7066000000000001,41.8,26.6,13.2,6.4,0.4,2024-04-01,1610612757,POR,101.6,0.45360000000000006,0.3104,0.717,41.2,25.0,16.4,-20.6,0.0,1,1.0
22301136,2024-04-07,1610612753,ORL,110.2,0.4725999999999999,0.36639999999999995,0.792,40.0,25.0,13.4,5.6,0.6,2024-04-07,1610612741,CHI,110.2,0.4798,0.37679999999999997,0.7878000000000001,49.8,25.2,11.8,2.6,0.6,1,15.0
22301191,2024-04-14,1610612753,ORL,109.2,0.45640000000000003,0.3032,0.8324,39.6,23.0,12.0,-7.2,0.2,2024-04-14,1610612749,MIL,109.6,0.488,0.3706,0.7754,43.4,26.2,14.4,-1.2,0.4,1,25.0
42300133,2024-04-25,1610612753,ORL,98.8,0.4196,0.29,0.7533999999999998,40.6,21.0,13.0,-5.8,0.2,2024-04-25,1610612739,CLE,108.4,0.46180000000000004,0.3742,0.7024,46.6,24.8,13.6,7.0,0.8,1,38.0
42300134,2024-04-27,1610612753,ORL,103.2,0.42939999999999995,0.2868,0.7891999999999999,44.0,22.0,11.6,5.4,0.4,2024-04-27,1610612739,CLE,103.0,0.44960000000000006,0.3402,0.7268000000000001,43.6,24.2,13.8,-3.0,0.6,1,23.0
42300136,2024-05-03,1610612753,ORL,101.0,0.44399999999999995,0.31520000000000004,0.7470000000000001,43.6,19.8,13.4,7.2,0.4,2024-05-03,1610612739,CLE,93.8,0.4306,0.2792,0.774,40.4,22.0,14.2,-7.2,0.6,1,7.0
12300044,2023-10-16,1610612754,IND,112.5,0.40449999999999997,0.2415,0.7615000000000001,51.0,28.0,17.5,-12.0,0.0,2023-10-16,1610612737,ATL,107.0,0.4506666666666666,0.296,0.7709999999999999,45.666666666666664,26.333333333333332,20.666666666666668,2.3333333333333335,1.0,1,4.0
12300066,2023-10-20,1610612754,IND,113.66666666666667,0.4323333333333333,0.2833333333333333,0.767,46.333333333333336,30.666666666666668,15.666666666666666,-6.666666666666667,0.3333333333333333,2023-10-20,1610612739,CLE,110.66666666666667,0.4703333333333333,0.3606666666666667,0.7956666666666666,46.666666666666664,29.333333333333332,19.666666666666668,9.0,0.3333333333333333,1,5.0
22300064,2023-10-25,1610612754,IND,112.5,0.43425,0.308,0.77175,48.25,29.5,17.25,-3.75,0.5,2023-10-25,1610612764,WAS,118.0,0.4535,0.344,0.8405,46.25,25.75,13.25,14.5,0.75,1,23.0
22300102,2023-10-30,1610612754,IND,119.2,0.46959999999999996,0.3694,0.8072000000000001,47.2,32.4,14.2,5.0,0.8,2023-10-30,1610612741,CHI,103.4,0.4164,0.30720000000000003,0.8168,40.8,22.2,14.4,-9.6,0.2,0,-7.0
22300001,2023-11-03,1610612754,IND,117.2,0.46340000000000003,0.3276,0.7899999999999999,46.2,30.4,13.4,-3.6,0.6,2023-11-03,1610612739,CLE,103.6,0.4276,0.3374,0.7928,45.8,23.0,12.4,-5.2,0.4,1,5.0
22300133,2023-11-04,1610612754,IND,119.6,0.4800000000000001,0.348,0.7662,43.4,30.8,12.6,-3.6,0.6,2023-11-04,1610612766,CHA,110.8,0.457,0.271,0.7948,44.8,26.4,17.2,-11.0,0.2,0,-1.0
22300146,2023-11-06,1610612754,IND,115.8,0.47219999999999995,0.3528,0.7328,40.4,29.4,13.0,-8.4,0.4,2023-11-06,1610612759,SAS,114.4,0.4702,0.364,0.7884,40.8,29.0,16.0,-6.2,0.6,1,41.0
22300158,2023-11-08,1610612754,IND,121.2,0.49000000000000005,0.379,0.7594,40.6,29.8,14.4,-2.6,0.4,2023-11-08,1610612762,UTA,111.2,0.45840000000000003,0.36479999999999996,0.7106,48.0,28.8,18.6,-6.2,0.2,1,16.0
22300171,2023-11-09,1610612754,IND,127.0,0.5112,0.3902,0.7614,40.4,29.8,13.2,2.0,0.6,2023-11-09,1610612749,MIL,118.4,0.46580000000000005,0.3698,0.7806,39.4,22.4,12.0,0.0,0.8,1,2.0
22300209,2023-11-19,1610612754,IND,134.0,0.522,0.4042,0.8492,41.6,30.8,11.4,10.8,0.8,2023-11-19,1610612753,ORL,106.8,0.4412,0.34259999999999996,0.7658,43.8,22.0,15.2,0.4,0.6,0,-12.0
22300230,2023-11-22,1610612754,IND,131.4,0.5128,0.385,0.7926,36.4,29.8,12.2,-2.0,0.6,2023-11-22,1610612761,TOR,115.4,0.485,0.3452,0.7176,45.8,31.6,14.6,-1.0,0.4,0,-1.0
22300047,2023-11-24,1610612754,IND,132.4,0.5269999999999999,0.394,0.7752,34.6,31.0,12.8,-2.6,0.4,2023-11-24,1610612765,DET,108.8,0.4593999999999999,0.325,0.8074,45.2,25.6,17.0,-11.6,0.0,1,23.0
22300254,2023-11-27,1610612754,IND,134.4,0.5186,0.3962,0.7901999999999999,36.2,29.6,12.4,4.2,0.6,2023-11-27,1610612757,POR,103.2,0.43179999999999996,0.3658,0.7312,37.2,22.0,15.6,-11.8,0.2,0,-4.0
22301202,2023-12-04,1610612754,IND,130.6,0.5349999999999999,0.3762,0.7872000000000001,35.8,29.6,12.0,4.6,0.4,2023-12-04,1610612738,BOS,115.4,0.48040000000000005,0.3674,0.7929999999999999,46.0,25.8,15.4,5.8,0.8,1,10.0
22300350,2023-12-18,1610612754,IND,119.6,0.4664,0.32599999999999996,0.792,40.2,30.0,14.6,-10.4,0.2,2023-12-18,1610612746,LAC,126.6,0.5276000000000001,0.41859999999999997,0.8720000000000001,41.2,28.0,11.4,13.8,1.0,0,-24.0
22300365,2023-12-20,1610612754,IND,123.2,0.496,0.35,0.7782,40.6,32.2,15.0,-12.4,0.2,2023-12-20,1610612766,CHA,101.2,0.45099999999999996,0.3084,0.8524,34.6,21.8,12.4,-17.2,0.0,1,31.0
22300391,2023-12-23,1610612754,IND,121.2,0.5,0.3666,0.8248000000000001,38.4,32.6,13.6,-7.6,0.2,2023-12-23,1610612753,ORL,106.4,0.449,0.2934,0.7434000000000001,45.0,24.0,11.8,-7.4,0.2,0,-7.0
22300441,2023-12-30,1610612754,IND,120.0,0.5178,0.4286,0.7964,40.4,30.0,15.4,6.6,0.6,2023-12-30,1610612752,NYK,117.8,0.47780000000000006,0.32480000000000003,0.8513999999999999,43.2,22.8,13.4,-2.2,0.4,1,14.0
22300466,2024-01-03,1610612754,IND,123.0,0.517,0.40259999999999996,0.7714000000000001,42.2,29.6,14.2,7.6,0.8,2024-01-03,1610612749,MIL,125.6,0.5077999999999999,0.38499999999999995,0.8029999999999999,45.4,29.0,12.6,6.6,0.6,1,12.0
22300480,2024-01-05,1610612754,IND,129.4,0.5234,0.39440000000000003,0.7978,44.4,31.0,13.2,11.4,1.0,2024-01-05,1610612737,ATL,122.6,0.4648,0.3348,0.817,47.8,27.6,12.6,-2.2,0.4,1,34.0
22300493,2024-01-06,1610612754,IND,134.8,0.5462,0.4034,0.7956000000000001,43.2,35.4,12.0,17.0,1.0,2024-01-06,1610612738,BOS,126.2,0.48019999999999996,0.3594,0.8304,51.0,28.0,12.8,13.2,0.8,0,-17.0
22300507,2024-01-08,1610612754,IND,131.0,0.5276,0.35100000000000003,0.8138,41.4,34.0,11.2,10.4,0.8,2024-01-08,1610612738,BOS,124.2,0.4854,0.381,0.7676000000000001,53.6,28.2,13.8,15.4,0.8,1,2.0
22300520,2024-01-10,1610612754,IND,129.6,0.5154,0.339,0.8154,42.4,31.8,10.6,8.0,0.8,2024-01-10,1610612764,WAS,110.0,0.45339999999999997,0.35679999999999995,0.692,38.4,28.2,13.4,-18.2,0.0,1,8.0
22300614,2024-01-23,1610612754,IND,113.0,0.45660000000000006,0.36760000000000004,0.712,38.2,30.0,12.2,-8.0,0.2,2024-01-23,1610612743,DEN,115.6,0.5436,0.392,0.7186,46.2,26.6,13.6,5.2,0.8,0,-5.0
22300627,2024-01-25,1610612754,IND,113.0,0.462,0.36,0.7470000000000001,38.4,29.2,11.6,-7.4,0.2,2024-01-25,1610612755,PHI,120.8,0.48999999999999994,0.3702,0.8304,41.8,24.8,7.8,9.4,1.0,1,12.0
22300636,2024-01-26,1610612754,IND,118.8,0.496,0.38780000000000003,0.7394000000000001,40.8,30.8,13.2,0.4,0.4,2024-01-26,1610612756,PHX,121.2,0.536,0.39380000000000004,0.7974,45.2,30.2,12.4,9.6,1.0,1,2.0
22300652,2024-01-28,1610612754,IND,120.2,0.49219999999999997,0.3706,0.7016,43.6,31.0,13.4,-0.2,0.4,2024-01-28,1610612763,MEM,103.8,0.4532,0.38839999999999997,0.7026,40.0,28.0,15.0,-5.2,0.6,1,6.0
22300691,2024-02-02,1610612754,IND,122.4,0.5012000000000001,0.362,0.743,48.2,30.8,12.6,2.2,0.6,2024-02-02,1610612758,SAC,117.0,0.4960000000000001,0.346,0.753,43.8,26.4,11.8,4.2,0.8,0,-11.0
22300719,2024-02-06,1610612754,IND,116.4,0.4868,0.3502,0.7928,45.2,28.4,12.6,0.4,0.4,2024-02-06,1610612745,HOU,112.6,0.45400000000000007,0.31720000000000004,0.8124,46.0,25.0,12.4,2.2,0.4,1,3.0
22300733,2024-02-08,1610612754,IND,119.6,0.5146,0.3698,0.7338,41.4,29.2,13.0,-0.2,0.4,2024-02-08,1610612744,GSW,122.0,0.5038,0.3482,0.8224,51.4,28.8,13.8,11.8,0.8,0,-22.0
22300793,2024-02-22,1610612754,IND,119.0,0.542,0.4042,0.6494,33.4,31.8,12.0,-2.4,0.6,2024-02-22,1610612765,DET,115.6,0.4572000000000001,0.3994,0.8222000000000002,49.6,28.2,14.0,-3.4,0.4,1,14.0
22300819,2024-02-25,1610612754,IND,118.4,0.5227999999999999,0.397,0.6891999999999999,36.8,32.0,12.2,-0.2,0.6,2024-02-25,1610612742,DAL,123.8,0.5129999999999999,0.3746,0.7504,48.8,27.8,12.2,18.0,1.0,1,22.0
22300829,2024-02-26,1610612754,IND,123.2,0.5384,0.39740000000000003,0.7248,40.0,33.4,11.8,8.6,0.8,2024-02-26,1610612761,TOR,112.6,0.45760000000000006,0.32320000000000004,0.8145999999999999,47.0,27.6,13.2,-3.8,0.4,0,-8.0
22300843,2024-02-28,1610612754,IND,122.6,0.5084,0.3628,0.7567999999999999,40.4,32.8,10.8,4.2,0.6,2024-02-28,1610612740,NOP,115.2,0.4838,0.36819999999999997,0.7426,45.8,27.8,13.4,6.6,0.6,1,9.0
22300903,2024-03-07,1610612754,IND,117.8,0.4699999999999999,0.3306,0.8016,44.4,28.0,10.4,-4.2,0.4,2024-03-07,1610612750,MIN,110.2,0.46880000000000005,0.3744,0.8301999999999999,44.6,27.6,13.0,3.6,0.6,0,-2.0
22300948,2024-03-13,1610612754,IND,117.0,0.5034000000000001,0.34320000000000006,0.8001999999999999,42.6,26.8,10.8,5.4,0.6,2024-03-13,1610612741,CHI,110.2,0.4704,0.36019999999999996,0.7656000000000001,38.4,26.4,11.0,-7.2,0.6,0,-3.0
22300968,2024-03-16,1610612754,IND,121.8,0.5082,0.3654,0.8024000000000001,43.6,28.8,10.4,7.2,0.6,2024-03-16,1610612751,BKN,109.8,0.47539999999999993,0.3862,0.7978,37.0,25.0,13.2,-0.2,0.4,1,21.0
22300983,2024-03-18,1610612754,IND,118.6,0.4958,0.313,0.8315999999999999,45.0,26.2,10.8,8.0,0.6,2024-03-18,1610612739,CLE,108.8,0.47139999999999993,0.36960000000000004,0.7462,41.0,28.4,12.0,-1.8,0.4,0,-5.0
22301063,2024-03-29,1610612754,IND,124.4,0.517,0.44259999999999994,0.6868,40.8,32.4,11.0,3.4,0.6,2024-03-29,1610612747,LAL,130.2,0.5046000000000002,0.42940000000000006,0.8459999999999999,51.0,30.0,14.2,11.8,1.0,1,19.0
22301089,2024-04-01,1610612754,IND,121.8,0.5,0.4314,0.7504000000000001,42.0,30.2,10.2,3.4,0.6,2024-04-01,1610612751,BKN,108.0,0.45620000000000005,0.35760000000000003,0.749,43.4,23.0,11.8,0.8,0.6,1,22.0
22301116,2024-04-05,1610612754,IND,117.0,0.4852,0.38439999999999996,0.8161999999999999,42.4,28.4,9.4,5.6,0.6,2024-04-05,1610612760,OKC,114.4,0.4894,0.3648,0.7922,40.8,27.8,13.6,-3.8,0.4,1,14.0
22301133,2024-04-07,1610612754,IND,115.6,0.4736000000000001,0.3488,0.8518000000000001,43.4,28.8,10.4,5.0,0.6,2024-04-07,1610612748,MIA,118.8,0.4952,0.4074,0.8535999999999999,44.8,27.6,12.4,18.6,0.8,1,2.0
22301188,2024-04-14,1610612754,IND,122.8,0.5088000000000001,0.32199999999999995,0.8469999999999999,40.8,30.8,10.8,4.0,0.6,2024-04-14,1610612737,ATL,107.2,0.43820000000000003,0.32660000000000006,0.7172000000000001,46.2,27.4,16.4,-11.2,0.0,1,42.0
42300123,2024-04-26,1610612754,IND,127.2,0.5328,0.364,0.734,45.2,33.8,11.4,10.4,0.6,2024-04-26,1610612749,MIL,105.8,0.4638,0.357,0.9082000000000001,41.2,23.0,12.6,-5.4,0.4,1,3.0
42300124,2024-04-28,1610612754,IND,123.4,0.5096,0.3458,0.7448,46.4,33.6,10.4,7.6,0.6,2024-04-28,1610612749,MIL,106.0,0.4546,0.3466,0.9408000000000001,41.2,21.6,12.4,-9.6,0.2,1,13.0
42300126,2024-05-02,1610612754,IND,111.6,0.46840000000000004,0.3496,0.6684000000000001,43.8,29.6,8.8,-1.0,0.6,2024-05-02,1610612749,MIL,112.6,0.4828,0.37,0.8622,43.2,22.8,9.4,1.0,0.4,1,22.0
42300213,2024-05-10,1610612754,IND,115.2,0.5082000000000001,0.39580000000000004,0.7082,36.8,31.2,9.0,-0.2,0.4,2024-05-10,1610612752,NYK,114.4,0.4928,0.38680000000000003,0.7392000000000001,44.8,23.8,11.6,3.0,0.8,1,5.0
42300214,2024-05-12,1610612754,IND,112.2,0.4992,0.3684,0.7414,37.6,29.0,9.6,-1.8,0.4,2024-05-12,1610612752,NYK,116.2,0.5018,0.43879999999999997,0.7615999999999999,42.6,23.8,11.8,1.0,0.6,1,32.0
42300216,2024-05-17,1610612754,IND,112.2,0.502,0.4194,0.7716000000000001,37.8,28.4,11.6,-1.2,0.4,2024-05-17,1610612752,NYK,113.4,0.4768,0.3992,0.778,44.2,23.2,11.4,1.2,0.6,1,13.0
42300303,2024-05-25,1610612754,IND,115.0,0.5398,0.4164,0.7482,38.0,30.6,15.0,-3.4,0.4,2024-05-25,1610612738,BOS,117.4,0.5067999999999999,0.3874,0.8288,43.6,25.4,12.2,11.2,1.0,0,-3.0
42300304,2024-05-27,1610612754,IND,119.0,0.5546000000000001,0.37300000000000005,0.7936,40.8,32.2,13.6,2.0,0.4,2024-05-27,1610612738,BOS,119.0,0.49820000000000003,0.3806,0.8253999999999999,42.0,25.8,11.4,9.2,1.0,0,-3.0
12300023,2023-10-11,1610612755,PHI,106.0,0.411,0.342,0.789,48.0,19.0,14.0,-8.0,0.0,2023-10-11,1610612738,BOS,110.5,0.4305,0.309,0.777,49.5,19.0,16.5,0.5,0.5,0,-11.0
12300068,2023-10-20,1610612755,PHI,111.33333333333333,0.4263333333333333,0.37166666666666665,0.7486666666666667,43.666666666666664,24.666666666666668,12.333333333333334,-3.6666666666666665,0.3333333333333333,2023-10-20,1610612737,ATL,108.25,0.4585,0.3375,0.7635,45.5,24.75,19.75,0.75,0.75,1,14.0
22300098,2023-10-29,1610612755,PHI,115.8,0.4788,0.4024,0.7485999999999999,40.8,27.2,13.4,3.4,0.6,2023-10-29,1610612757,POR,111.6,0.4638,0.3128,0.7452,41.0,22.0,17.4,-8.8,0.0,1,28.0
22300128,2023-11-02,1610612755,PHI,120.8,0.49060000000000004,0.4082,0.7706,43.6,28.0,13.8,11.2,0.8,2023-11-02,1610612761,TOR,105.6,0.453,0.3428,0.7454000000000001,47.6,26.8,15.0,1.2,0.4,1,15.0
22300132,2023-11-04,1610612755,PHI,118.2,0.49420000000000003,0.3984,0.8002,43.6,26.0,14.6,12.6,0.8,2023-11-04,1610612756,PHX,112.8,0.487,0.371,0.8016,45.0,25.0,16.6,1.8,0.4,1,12.0
22300148,2023-11-06,1610612755,PHI,116.6,0.48719999999999997,0.3868,0.8168,45.8,24.6,14.0,12.2,0.8,2023-11-06,1610612764,WAS,115.0,0.48179999999999995,0.34859999999999997,0.6859999999999999,39.0,28.6,14.2,-10.2,0.2,1,18.0
22300159,2023-11-08,1610612755,PHI,122.4,0.49660000000000004,0.37279999999999996,0.8587999999999999,47.0,27.0,14.0,16.0,1.0,2023-11-08,1610612738,BOS,126.6,0.4821999999999999,0.3908,0.7958000000000001,51.6,24.0,14.0,16.6,0.8,1,3.0
22300180,2023-11-12,1610612755,PHI,118.4,0.4718,0.33999999999999997,0.8565999999999999,48.8,25.0,13.2,11.2,1.0,2023-11-12,1610612754,IND,131.4,0.5158,0.4466,0.8248000000000001,42.2,30.0,13.6,12.6,0.8,1,11.0
22300019,2023-11-14,1610612755,PHI,123.0,0.4814,0.3528,0.8586,50.4,26.4,12.6,10.4,1.0,2023-11-14,1610612754,IND,132.4,0.5156,0.4318000000000001,0.8597999999999999,40.6,30.6,12.0,9.4,0.6,0,-6.0
22300194,2023-11-15,1610612755,PHI,125.8,0.48580000000000007,0.33399999999999996,0.8862,47.8,26.0,12.4,6.8,0.8,2023-11-15,1610612738,BOS,112.8,0.45520000000000005,0.3498,0.7747999999999999,44.6,26.8,11.6,9.0,0.6,0,-10.0
22300040,2023-11-21,1610612755,PHI,123.4,0.48419999999999996,0.3908,0.9094,44.0,26.4,11.0,5.4,0.6,2023-11-21,1610612739,CLE,115.2,0.5092000000000001,0.392,0.7672000000000001,43.4,24.2,12.6,6.0,0.8,0,-3.0
22300255,2023-11-27,1610612755,PHI,118.4,0.4446,0.35280000000000006,0.8708,45.6,26.8,11.8,4.0,0.6,2023-11-27,1610612747,LAL,113.0,0.5040000000000001,0.34240000000000004,0.742,46.6,29.6,15.4,9.8,0.8,1,44.0
22301218,2023-12-08,1610612755,PHI,125.8,0.49000000000000005,0.3968,0.8298,42.4,27.2,13.0,7.4,0.6,2023-12-08,1610612737,ATL,115.8,0.43179999999999996,0.36300000000000004,0.8234,42.6,21.6,11.6,-8.6,0.2,1,11.0
22300295,2023-12-11,1610612755,PHI,125.4,0.495,0.40199999999999997,0.8276,42.2,26.0,12.6,8.8,0.6,2023-12-11,1610612764,WAS,118.8,0.4932,0.354,0.8248000000000001,37.6,28.0,13.2,-7.4,0.2,1,45.0
22300327,2023-12-15,1610612755,PHI,130.0,0.503,0.38439999999999996,0.8214,46.6,26.8,12.0,14.6,0.8,2023-12-15,1610612765,DET,105.6,0.46799999999999997,0.2858,0.7788,38.8,24.2,14.0,-16.2,0.0,1,32.0
22300351,2023-12-18,1610612755,PHI,131.8,0.5134000000000001,0.39980000000000004,0.86,49.4,28.6,10.8,31.8,1.0,2023-12-18,1610612741,CHI,119.2,0.4513999999999999,0.40800000000000003,0.772,46.2,27.0,8.8,0.72,0.4,0,-4.0
22300367,2023-12-20,1610612755,PHI,127.6,0.5032,0.3952,0.8768,48.6,28.4,11.2,28.8,0.8,2023-12-20,1610612750,MIN,118.4,0.4984,0.43740000000000007,0.8096,45.4,29.2,13.4,10.0,0.8,1,14.0
22300382,2023-12-22,1610612755,PHI,123.8,0.501,0.381,0.882,46.4,25.0,11.0,22.6,0.8,2023-12-22,1610612761,TOR,117.4,0.5147999999999999,0.364,0.7021999999999999,41.8,31.4,13.2,-2.8,0.4,1,10.0
22300459,2024-01-02,1610612755,PHI,113.8,0.4678,0.3576,0.7726,37.6,23.4,9.4,3.0,0.6,2024-01-02,1610612741,CHI,107.2,0.47140000000000004,0.2596,0.7914,44.2,22.0,10.8,1.4000000000000004,0.6,1,13.0
22300483,2024-01-05,1610612755,PHI,111.6,0.4568,0.3472,0.7382000000000001,38.6,22.2,10.2,3.6,0.6,2024-01-05,1610612752,NYK,116.4,0.4742,0.3638,0.8009999999999999,44.6,24.4,15.0,-2.0,0.4,0,-36.0
22300495,2024-01-06,1610612755,PHI,107.4,0.453,0.32380000000000003,0.7584,39.0,22.0,11.6,-2.4,0.6,2024-01-06,1610612762,UTA,120.0,0.45459999999999995,0.30500000000000005,0.8176,47.6,28.8,14.0,3.0,0.6,0,-11.0
22300532,2024-01-12,1610612755,PHI,107.0,0.42560000000000003,0.28700000000000003,0.7676000000000001,40.4,26.0,11.0,-10.8,0.2,2024-01-12,1610612758,SAC,125.4,0.503,0.40519999999999995,0.7182000000000001,44.4,32.4,13.2,4.2,0.8,1,19.0
22300555,2024-01-15,1610612755,PHI,111.0,0.43339999999999995,0.32539999999999997,0.8097999999999999,42.4,25.8,12.2,-4.4,0.4,2024-01-15,1610612745,HOU,113.8,0.4378,0.2934,0.8168,45.8,22.4,11.4,-7.6,0.4,1,9.0
22300566,2024-01-16,1610612755,PHI,113.8,0.43479999999999996,0.34219999999999995,0.8337999999999999,42.0,25.2,10.8,-5.2,0.4,2024-01-16,1610612743,DEN,120.8,0.5508,0.3922,0.7804,39.6,30.0,15.4,4.4,0.6,1,5.0
22300608,2024-01-22,1610612755,PHI,116.6,0.477,0.40599999999999997,0.8592000000000001,41.4,23.8,9.6,11.2,1.0,2024-01-22,1610612759,SAS,112.8,0.46419999999999995,0.34299999999999997,0.755,43.0,30.6,13.0,-7.0,0.2,1,10.0
22300698,2024-02-03,1610612755,PHI,113.0,0.4838,0.3114,0.8187999999999999,36.6,20.8,11.4,-10.6,0.2,2024-02-03,1610612751,BKN,114.0,0.47940000000000005,0.378,0.7971999999999999,37.8,28.8,12.8,2.4,0.4,0,-15.0
22300715,2024-02-05,1610612755,PHI,112.8,0.4788,0.346,0.8301999999999999,39.2,21.2,10.0,-11.2,0.2,2024-02-05,1610612742,DAL,119.6,0.5128,0.39780000000000004,0.7908000000000001,37.6,26.0,15.0,-8.8,0.4,0,-16.0
22300727,2024-02-07,1610612755,PHI,112.2,0.4586,0.3466,0.8076000000000001,41.6,20.2,10.0,-13.2,0.2,2024-02-07,1610612744,GSW,125.4,0.4962,0.34340000000000004,0.8053999999999999,51.0,30.2,14.8,7.0,0.6,0,-23.0
22300742,2024-02-09,1610612755,PHI,112.2,0.453,0.36219999999999997,0.8290000000000001,42.8,21.0,10.0,-12.6,0.2,2024-02-09,1610612737,ATL,133.8,0.49639999999999995,0.39259999999999995,0.8310000000000001,46.8,29.4,9.8,3.8,0.6,0,-6.0
22300779,2024-02-14,1610612755,PHI,113.8,0.46040000000000003,0.3156,0.7906,46.0,23.6,11.0,-7.4,0.4,2024-02-14,1610612748,MIA,112.2,0.47620000000000007,0.3438,0.8378,45.4,27.8,10.8,10.4,0.6,0,-5.0
22300794,2024-02-22,1610612755,PHI,114.2,0.46979999999999994,0.3176,0.8006,43.6,25.4,11.6,-5.2,0.4,2024-02-22,1610612752,NYK,109.0,0.471,0.362,0.7994,40.0,21.0,11.8,-7.6,0.2,0,-14.0
22300805,2024-02-23,1610612755,PHI,112.6,0.4742,0.3366,0.772,43.2,25.8,12.4,-3.4,0.4,2024-02-23,1610612739,CLE,115.0,0.5154,0.3752,0.8124,41.4,31.4,12.0,8.2,0.6,1,7.0
22300817,2024-02-25,1610612755,PHI,109.2,0.4772,0.35279999999999995,0.7802,43.6,25.0,12.4,-0.8,0.6,2024-02-25,1610612749,MIL,110.2,0.46399999999999997,0.35019999999999996,0.7678,46.6,25.6,11.6,5.8,0.6,0,-21.0
22300858,2024-03-01,1610612755,PHI,100.2,0.42519999999999997,0.3452,0.8466000000000001,39.4,23.2,12.0,-10.2,0.2,2024-03-01,1610612766,CHA,95.2,0.4202,0.3266,0.756,41.0,24.2,13.4,-8.4,0.4,1,7.0
22300896,2024-03-06,1610612755,PHI,109.0,0.43739999999999996,0.3678,0.8918000000000001,39.4,26.6,9.2,-6.6,0.4,2024-03-06,1610612763,MEM,97.0,0.4082,0.328,0.775,43.0,20.2,17.8,-13.4,0.2,0,-6.0
22300909,2024-03-08,1610612755,PHI,111.2,0.4396,0.37239999999999995,0.8814,40.6,26.8,9.4,-3.6,0.4,2024-03-08,1610612740,NOP,120.6,0.49820000000000003,0.4514,0.7752,48.4,27.4,14.2,14.8,0.6,0,-8.0
22300969,2024-03-16,1610612755,PHI,93.4,0.4074,0.32839999999999997,0.726,39.4,20.6,10.6,-8.8,0.2,2024-03-16,1610612766,CHA,102.6,0.4476,0.2858,0.719,43.2,23.4,11.8,-3.4,0.4,1,11.0
22300985,2024-03-18,1610612755,PHI,93.4,0.41980000000000006,0.3176,0.7465999999999999,38.2,20.6,11.4,-5.4,0.4,2024-03-18,1610612748,MIA,101.6,0.45260000000000006,0.29379999999999995,0.7372,45.4,21.8,9.6,-1.0,0.4,1,7.0
22301052,2024-03-27,1610612755,PHI,102.2,0.4318000000000001,0.3476,0.7534,42.4,25.2,10.4,-2.2,0.4,2024-03-27,1610612746,LAC,111.4,0.499,0.3612,0.8756,39.0,25.0,12.8,-5.4,0.4,0,-1.0
22301093,2024-04-02,1610612755,PHI,114.6,0.49219999999999997,0.4324,0.8214,43.2,24.6,11.8,2.6,0.4,2024-04-02,1610612760,OKC,115.8,0.4992,0.3914000000000001,0.776,42.4,27.2,13.0,0.4,0.6,1,4.0
22301145,2024-04-09,1610612755,PHI,120.4,0.4988,0.41859999999999997,0.8458,41.8,28.2,14.2,10.0,1.0,2024-04-09,1610612765,DET,102.0,0.44820000000000004,0.3358,0.7266,38.2,22.4,12.2,-5.8,0.2,1,18.0
22301171,2024-04-12,1610612755,PHI,117.4,0.4706,0.3772,0.8484,44.2,28.4,12.6,10.6,1.0,2024-04-12,1610612753,ORL,110.0,0.46840000000000004,0.3252,0.827,38.4,23.4,12.4,-3.0,0.4,1,12.0
22301192,2024-04-14,1610612755,PHI,120.6,0.47359999999999997,0.38099999999999995,0.8286,44.6,27.4,11.6,12.2,1.0,2024-04-14,1610612751,BKN,103.6,0.45899999999999996,0.333,0.758,49.0,21.2,14.4,-3.2,0.6,1,21.0
52300101,2024-04-17,1610612755,PHI,120.2,0.46559999999999996,0.3746,0.8116,47.8,27.8,11.8,15.6,1.0,2024-04-17,1610612748,MIA,113.4,0.4800000000000001,0.3588,0.8596,42.8,27.6,12.6,4.4,0.6,1,1.0
42300113,2024-04-25,1610612755,PHI,108.4,0.4391999999999999,0.3702,0.8206,45.4,23.6,11.8,4.8,0.6,2024-04-25,1610612752,NYK,112.8,0.45220000000000005,0.4042,0.7697999999999999,47.4,22.8,11.2,4.8,1.0,1,11.0
42300114,2024-04-28,1610612755,PHI,108.4,0.4532,0.3698,0.826,43.8,24.0,11.6,4.6,0.6,2024-04-28,1610612752,NYK,112.0,0.45099999999999996,0.4130000000000001,0.7866,43.4,23.4,10.6,0.8,0.8,0,-5.0
42300116,2024-05-02,1610612755,PHI,106.8,0.44720000000000004,0.36920000000000003,0.806,40.2,23.6,11.0,0.4,0.4,2024-05-02,1610612752,NYK,106.4,0.43739999999999996,0.35200000000000004,0.7225999999999999,45.0,21.4,10.6,-0.4,0.6,0,-3.0
12300049,2023-10-16,1610612756,PHX,119.66666666666667,0.4796666666666667,0.38833333333333336,0.7916666666666666,44.0,27.666666666666668,16.666666666666668,2.3333333333333335,0.6666666666666666,2023-10-16,1610612757,POR,116.66666666666667,0.48699999999999993,0.4053333333333333,0.7706666666666666,42.333333333333336,26.0,17.666666666666668,8.0,0.3333333333333333,1,11.0
22300094,2023-10-28,1610612756,PHX,113.0,0.4614,0.35,0.7842,50.0,23.6,19.2,8.8,0.8,2023-10-28,1610612762,UTA,119.8,0.4856,0.3782,0.766,47.2,27.2,16.0,1.6,0.6,1,22.0
22300113,2023-10-31,1610612756,PHX,113.8,0.4614,0.3266,0.8134,49.0,24.4,18.2,11.0,0.8,2023-10-31,1610612759,SAS,113.4,0.46319999999999995,0.32880000000000004,0.7318,44.4,31.0,19.0,-4.8,0.6,0,-1.0
22300131,2023-11-02,1610612756,PHX,113.2,0.47400000000000003,0.3498,0.8019999999999999,48.2,25.2,17.4,8.6,0.6,2023-11-02,1610612759,SAS,113.0,0.46259999999999996,0.3302,0.7288,41.0,29.4,17.0,-7.4,0.6,0,-11.0
22300015,2023-11-10,1610612756,PHX,114.2,0.4652,0.3992,0.8172,43.2,27.6,16.4,-1.8,0.4,2023-11-10,1610612747,LAL,107.6,0.49000000000000005,0.29900000000000004,0.7688,40.6,24.2,14.6,-9.2,0.4,0,-3.0
22300185,2023-11-12,1610612756,PHX,115.2,0.45339999999999997,0.38780000000000003,0.8054,45.0,26.2,15.2,-2.2,0.4,2023-11-12,1610612760,OKC,119.4,0.4946,0.35700000000000004,0.8846,41.8,24.2,15.2,0.4,0.4,0,-12.0
22300197,2023-11-15,1610612756,PHX,110.8,0.42300000000000004,0.3498,0.827,48.4,25.0,15.8,-2.4,0.4,2023-11-15,1610612750,MIN,114.6,0.5058,0.3742,0.7125999999999999,46.6,26.0,18.0,8.4,1.0,1,18.0
22300041,2023-11-21,1610612756,PHX,124.4,0.48919999999999997,0.44160000000000005,0.8488,43.0,28.8,12.8,1.8,0.6,2023-11-21,1610612757,POR,98.0,0.4196,0.3084,0.7484,38.0,22.8,15.8,-18.4,0.0,1,13.0
22300236,2023-11-22,1610612756,PHX,124.6,0.513,0.44300000000000006,0.8934,40.2,29.6,12.8,5.0,0.8,2023-11-22,1610612744,GSW,112.8,0.42699999999999994,0.3664,0.8358000000000001,47.6,27.6,14.6,-6.0,0.2,1,8.0
22300279,2023-12-01,1610612756,PHX,114.8,0.4784,0.37,0.8558,43.2,24.4,12.0,7.6,0.8,2023-12-01,1610612743,DEN,116.8,0.4716,0.3976,0.7086,45.2,29.8,11.6,1.4,0.6,0,-8.0
22300288,2023-12-02,1610612756,PHX,113.0,0.458,0.3542,0.8476000000000001,44.2,23.6,11.8,3.4,0.6,2023-12-02,1610612763,MEM,98.0,0.43220000000000003,0.2838,0.7457999999999999,43.8,23.2,12.8,-7.0,0.4,1,7.0
22301228,2023-12-08,1610612756,PHX,110.2,0.4514,0.3698,0.8532,45.0,24.6,13.6,-1.6,0.4,2023-12-08,1610612758,SAC,121.0,0.4676,0.3912,0.7737999999999999,44.8,26.8,12.2,-0.8,0.6,0,-8.0
22300308,2023-12-12,1610612756,PHX,108.2,0.4554,0.3544,0.8312000000000002,43.6,24.4,13.6,-3.8,0.2,2023-12-12,1610612744,GSW,120.2,0.4628,0.37699999999999995,0.8150000000000001,50.2,27.0,16.6,1.2,0.4,1,3.0
22300317,2023-12-13,1610612756,PHX,111.0,0.465,0.3724,0.8104000000000001,42.4,24.8,14.6,-1.8,0.4,2023-12-13,1610612751,BKN,122.6,0.483,0.3988,0.7693999999999999,50.0,25.4,11.0,8.4,0.6,0,-4.0
22300333,2023-12-15,1610612756,PHX,111.2,0.4673999999999999,0.37,0.7962,43.6,26.0,14.6,-1.0,0.4,2023-12-15,1610612752,NYK,122.6,0.5069999999999999,0.394,0.7545999999999999,42.2,28.4,12.8,-3.8,0.4,0,-17.0
22300347,2023-12-17,1610612756,PHX,112.4,0.485,0.3794,0.7954000000000001,41.4,27.2,13.6,-5.8,0.2,2023-12-17,1610612764,WAS,116.6,0.4968,0.357,0.784,39.4,28.6,16.2,-16.6,0.2,1,4.0
22300405,2023-12-25,1610612756,PHX,111.0,0.4688,0.2714,0.7857999999999999,45.6,25.8,13.6,-7.4,0.2,2023-12-25,1610612742,DAL,117.2,0.4474,0.33880000000000005,0.7248,45.0,22.6,10.4,-5.0,0.4,0,-14.0
22300436,2023-12-29,1610612756,PHX,112.8,0.4726,0.28159999999999996,0.775,47.4,25.4,15.8,-2.8,0.4,2023-12-29,1610612766,CHA,104.6,0.4462,0.2912,0.7944,41.0,24.8,13.8,-16.6,0.0,1,14.0
22300450,2023-12-31,1610612756,PHX,117.0,0.5058,0.3564,0.8131999999999999,44.4,26.4,15.2,-0.8,0.4,2023-12-31,1610612753,ORL,113.4,0.47139999999999993,0.3044,0.7612,43.2,23.8,13.4,0.0,0.6,1,5.0
22300456,2024-01-01,1610612756,PHX,118.6,0.5164,0.3722,0.8388,42.0,26.0,13.8,1.2,0.6,2024-01-01,1610612757,POR,118.4,0.4514,0.4274,0.7568,45.4,24.4,12.0,-2.2,0.4,1,21.0
22300473,2024-01-03,1610612756,PHX,119.4,0.5227999999999999,0.40800000000000003,0.8150000000000001,42.4,27.0,14.0,8.4,0.8,2024-01-03,1610612746,LAC,114.8,0.4974,0.3792,0.8644000000000001,42.0,25.0,14.0,-3.8,0.6,0,-10.0
22300489,2024-01-05,1610612756,PHX,121.0,0.5404,0.42560000000000003,0.8320000000000001,39.4,26.0,14.2,9.2,0.8,2024-01-05,1610612748,MIA,111.2,0.4518,0.3386,0.7594000000000001,44.0,25.4,11.6,1.4,0.6,1,16.0
22300503,2024-01-07,1610612756,PHX,117.8,0.5269999999999999,0.4208,0.7998000000000001,39.4,26.4,12.2,9.2,0.8,2024-01-07,1610612763,MEM,108.4,0.44580000000000003,0.3618,0.8012,40.0,26.2,12.4,-5.0,0.4,0,-4.2
22300567,2024-01-16,1610612756,PHX,118.6,0.5102,0.3684,0.7838,41.2,25.2,11.8,2.6399999999999997,0.6,2024-01-16,1610612758,SAC,117.8,0.47400000000000003,0.34479999999999994,0.7609999999999999,44.6,29.0,12.0,-1.4,0.4,1,2.0
22300604,2024-01-21,1610612756,PHX,121.4,0.5166000000000001,0.3962,0.8503999999999999,41.2,26.2,12.4,3.4799999999999995,0.8,2024-01-21,1610612754,IND,116.2,0.5035999999999999,0.3994,0.7402,39.2,32.6,15.0,-3.0,0.4,1,7.0
22300612,2024-01-22,1610612756,PHX,122.6,0.5324,0.3936,0.8446,45.0,27.8,12.8,10.4,1.0,2024-01-22,1610612741,CHI,117.0,0.5114000000000001,0.36920000000000003,0.7893999999999999,44.0,29.0,12.0,2.8000000000000003,0.6,1,2.0
22300725,2024-02-06,1610612756,PHX,122.4,0.5638,0.3907999999999999,0.7384,41.6,29.6,15.4,6.6,0.6,2024-02-06,1610612749,MIL,120.2,0.502,0.3798,0.7044,38.4,28.4,11.2,2.4,0.4,1,8.0
22300739,2024-02-08,1610612756,PHX,125.6,0.5526,0.3908,0.7576,43.6,29.2,13.6,11.2,0.8,2024-02-08,1610612762,UTA,117.6,0.48460000000000003,0.35700000000000004,0.8343999999999999,46.0,28.4,14.6,-5.8,0.4,1,14.0
22300774,2024-02-13,1610612756,PHX,123.0,0.5404000000000001,0.3822,0.7916000000000001,41.6,29.2,14.4,8.0,0.6,2024-02-13,1610612758,SAC,120.2,0.5022,0.39859999999999995,0.7348000000000001,39.0,31.2,13.2,-3.2,0.4,1,5.0
22300787,2024-02-14,1610612756,PHX,125.0,0.5372,0.39039999999999997,0.7814,41.8,28.8,13.6,10.8,0.8,2024-02-14,1610612765,DET,115.4,0.47040000000000004,0.39699999999999996,0.8678000000000001,47.2,27.4,13.2,-2.6,0.4,1,16.0
22300818,2024-02-25,1610612756,PHX,116.2,0.46240000000000003,0.3418,0.8166,46.8,25.6,15.0,1.2,0.4,2024-02-25,1610612747,LAL,127.0,0.5290000000000001,0.39940000000000003,0.791,40.6,30.8,10.8,6.8,0.8,1,10.0
22300854,2024-02-29,1610612756,PHX,118.4,0.46559999999999996,0.362,0.8184000000000001,48.6,26.4,14.6,3.4,0.6,2024-02-29,1610612745,HOU,107.4,0.4094000000000001,0.3252,0.6942,50.0,22.4,15.6,-11.2,0.2,1,5.0
22300870,2024-03-02,1610612756,PHX,114.4,0.44279999999999997,0.3484,0.7924,51.0,24.6,15.0,3.4,0.6,2024-03-02,1610612745,HOU,105.8,0.39360000000000006,0.31279999999999997,0.7462000000000001,50.4,21.2,16.2,-10.6,0.2,0,-9.0
22300878,2024-03-03,1610612756,PHX,113.0,0.4436,0.3458,0.7806,49.6,23.6,14.2,-1.6,0.4,2024-03-03,1610612760,OKC,125.8,0.519,0.42639999999999995,0.8364,48.0,24.6,11.8,15.8,0.8,0,-8.0
22300905,2024-03-07,1610612756,PHX,113.8,0.44279999999999997,0.37720000000000004,0.8178000000000001,50.2,26.6,15.0,1.6,0.6,2024-03-07,1610612761,TOR,113.8,0.46040000000000003,0.3408,0.6778,45.2,29.6,12.2,-10.8,0.4,1,7.0
22300920,2024-03-09,1610612756,PHX,113.2,0.4506,0.378,0.7984,49.8,26.0,15.4,1.0,0.6,2024-03-09,1610612738,BOS,121.6,0.5004000000000001,0.38180000000000003,0.8587999999999999,50.8,27.4,11.0,18.2,0.6,0,-10.0
22301002,2024-03-20,1610612756,PHX,114.4,0.515,0.3466,0.7352000000000001,46.0,27.6,12.6,-3.8,0.4,2024-03-20,1610612755,PHI,94.0,0.4272,0.3412,0.77,39.0,21.0,11.8,-2.4,0.6,1,13.0
22301010,2024-03-21,1610612756,PHX,116.0,0.5138,0.386,0.7602,48.8,30.2,14.4,0.8,0.6,2024-03-21,1610612737,ATL,108.4,0.4426,0.3924,0.7788,41.4,28.6,11.4,-6.6,0.2,1,13.0
22301110,2024-04-03,1610612756,PHX,112.8,0.5027999999999999,0.4,0.776,45.0,30.0,12.8,3.6,0.6,2024-04-03,1610612739,CLE,114.6,0.5164000000000001,0.4018,0.7404,37.0,34.4,13.2,1.2,0.6,1,21.0
22301125,2024-04-05,1610612756,PHX,111.0,0.4848,0.41739999999999994,0.8042,45.8,28.8,14.2,2.8,0.6,2024-04-05,1610612750,MIN,112.8,0.5074,0.3624,0.7298,41.0,30.0,11.6,15.0,0.8,1,10.0
22301138,2024-04-07,1610612756,PHX,110.0,0.47040000000000004,0.4152,0.8418000000000001,46.2,29.0,15.0,5.2,0.8,2024-04-07,1610612740,NOP,105.4,0.4497999999999999,0.3504,0.7858,40.4,24.4,11.0,-5.8,0.2,0,-8.0
22301156,2024-04-09,1610612756,PHX,110.2,0.466,0.39,0.8458,43.6,29.2,14.8,2.2,0.6,2024-04-09,1610612746,LAC,115.6,0.4814,0.37460000000000004,0.8859999999999999,45.2,25.2,11.6,6.2,0.8,0,-13.0
42300163,2024-04-26,1610612756,PHX,109.0,0.4892,0.3944,0.8591999999999999,38.0,23.4,15.4,-0.2,0.6,2024-04-26,1610612750,MIN,109.4,0.4888,0.341,0.7892,41.2,24.6,14.8,2.4,0.6,0,-17.0
42300164,2024-04-28,1610612756,PHX,106.0,0.48460000000000003,0.4010000000000001,0.8475999999999999,34.0,22.4,14.6,-6.8,0.4,2024-04-28,1610612750,MIN,113.2,0.48760000000000003,0.3308,0.8492000000000001,44.2,25.2,15.6,7.6,0.8,0,-6.0
12300032,2023-10-12,1610612757,POR,106.0,0.474,0.435,0.815,54.0,26.0,23.0,40.0,1.0,2023-10-12,1610612756,PHX,118.5,0.455,0.389,0.796,44.0,28.0,17.0,-2.0,0.5,0,-11.0
22300086,2023-10-27,1610612757,POR,113.4,0.479,0.3436,0.7368,42.4,24.2,18.8,0.2,0.2,2023-10-27,1610612753,ORL,109.4,0.45380000000000004,0.3224,0.7662,45.4,25.2,14.6,14.2,0.8,0,-5.0
22300007,2023-11-03,1610612757,POR,103.0,0.434,0.2968,0.8208,44.8,19.4,15.8,-5.6,0.4,2023-11-03,1610612763,MEM,106.6,0.4208,0.3246,0.8028000000000001,43.2,23.8,15.2,-11.4,0.0,1,2.0
22300144,2023-11-05,1610612757,POR,103.8,0.4206,0.2904,0.8234,46.8,19.2,15.2,-2.8,0.6,2023-11-05,1610612763,MEM,108.4,0.43520000000000003,0.32599999999999996,0.7812,45.4,25.0,16.0,-10.4,0.0,0,-12.0
22300199,2023-11-15,1610612757,POR,108.4,0.44420000000000004,0.3242,0.7630000000000001,42.8,24.0,15.6,-7.0,0.2,2023-11-15,1610612739,CLE,117.8,0.48979999999999996,0.3434,0.7814,42.8,25.2,14.0,-1.2,0.4,0,-14.0
22300036,2023-11-17,1610612757,POR,104.4,0.4378,0.3364,0.7824,38.8,25.0,15.2,-10.2,0.0,2023-11-17,1610612747,LAL,115.2,0.49960000000000004,0.3886,0.748,43.0,25.8,14.0,-2.6,0.6,0,-13.0
22300215,2023-11-19,1610612757,POR,103.4,0.4408,0.3282,0.7668,39.0,23.8,16.0,-10.4,0.0,2023-11-19,1610612760,OKC,118.0,0.4958,0.386,0.8532,40.0,27.2,12.0,13.4,0.8,0,-43.0
22300237,2023-11-22,1610612757,POR,97.4,0.40700000000000003,0.32860000000000006,0.7628,36.4,21.0,15.4,-19.8,0.0,2023-11-22,1610612762,UTA,121.2,0.4626,0.36160000000000003,0.8532,46.0,26.6,14.2,-3.2,0.4,1,16.0
22301226,2023-12-08,1610612757,POR,107.6,0.43899999999999995,0.3958,0.8390000000000001,39.6,21.8,14.8,-0.6,0.4,2023-12-08,1610612742,DAL,114.0,0.4436,0.3424,0.7312000000000001,42.2,26.4,9.8,3.4,0.4,0,-13.0
22300323,2023-12-14,1610612757,POR,112.2,0.4332,0.3776,0.8748000000000001,40.8,22.6,13.6,-3.8,0.2,2023-12-14,1610612762,UTA,111.0,0.45199999999999996,0.3114,0.8082,46.6,27.0,15.8,-13.8,0.4,0,-8.0
22300341,2023-12-16,1610612757,POR,114.4,0.4154,0.3688,0.8082,42.6,22.8,11.4,-7.0,0.0,2023-12-16,1610612742,DAL,124.0,0.5067999999999999,0.3778,0.8378,40.4,27.8,12.8,10.8,0.8,0,-11.0
22300348,2023-12-17,1610612757,POR,115.8,0.4354,0.3476,0.8032,43.4,22.8,11.8,-8.2,0.0,2023-12-17,1610612744,GSW,119.8,0.45099999999999996,0.385,0.8371999999999999,49.2,25.2,17.0,-1.0,0.4,0,-4.0
22300363,2023-12-19,1610612757,POR,117.4,0.4474,0.3522,0.8358000000000001,42.8,23.0,12.4,-8.2,0.0,2023-12-19,1610612756,PHX,114.2,0.47759999999999997,0.3286,0.7868,43.4,28.0,13.0,-4.4,0.4,1,5.0
22300381,2023-12-21,1610612757,POR,116.8,0.4628,0.3842,0.837,41.6,23.6,12.4,-4.6,0.2,2023-12-21,1610612764,WAS,119.8,0.48599999999999993,0.3962,0.7678,41.4,27.0,15.0,-13.4,0.2,0,-1.0
22300413,2023-12-26,1610612757,POR,113.2,0.4648,0.3856,0.8182,40.8,22.6,13.0,-6.2,0.2,2023-12-26,1610612758,SAC,121.0,0.5018,0.38380000000000003,0.7110000000000001,40.2,31.0,10.2,2.2,0.6,1,17.0
22300427,2023-12-28,1610612757,POR,115.2,0.4648,0.4218,0.8054,41.2,24.8,12.2,-0.6,0.4,2023-12-28,1610612759,SAS,112.2,0.45199999999999996,0.3516,0.7267999999999999,43.4,29.6,13.4,-21.0,0.0,0,-13.0
22300437,2023-12-29,1610612757,POR,113.4,0.44000000000000006,0.4088,0.7727999999999999,45.2,23.4,12.2,-2.4,0.4,2023-12-29,1610612759,SAS,113.8,0.46319999999999995,0.3358,0.7698,44.0,30.4,13.0,-11.2,0.2,1,6.0
22300554,2024-01-14,1610612757,POR,98.2,0.3872,0.3278,0.6948000000000001,40.6,20.2,14.0,-28.4,0.2,2024-01-14,1610612756,PHX,117.6,0.49560000000000004,0.3614,0.7978,39.4,24.4,12.6,-1.56,0.4,0,-11.0
22300578,2024-01-17,1610612757,POR,100.8,0.3948,0.358,0.6990000000000001,39.4,19.4,13.0,-23.4,0.2,2024-01-17,1610612751,BKN,109.8,0.4274,0.30920000000000003,0.791,47.2,24.6,12.4,-3.8,0.2,1,2.0
22300590,2024-01-19,1610612757,POR,95.0,0.3976,0.3194,0.7104000000000001,40.0,19.4,13.0,-24.4,0.2,2024-01-19,1610612754,IND,115.6,0.507,0.3782,0.7876000000000001,42.6,32.0,15.0,-0.8,0.6,1,3.0
22300656,2024-01-28,1610612757,POR,114.8,0.46580000000000005,0.36079999999999995,0.8341999999999998,42.6,24.6,13.0,-6.6,0.4,2024-01-28,1610612741,CHI,115.4,0.49659999999999993,0.33140000000000003,0.7847999999999999,44.6,27.0,13.0,1.2000000000000004,0.4,0,-8.0
22300668,2024-01-29,1610612757,POR,110.4,0.4468,0.3306,0.8422000000000001,42.8,25.4,13.8,-8.8,0.2,2024-01-29,1610612755,PHI,116.2,0.48319999999999996,0.27940000000000004,0.8196,41.2,24.2,8.8,3.0,0.6,1,26.0
22300683,2024-01-31,1610612757,POR,114.4,0.46299999999999997,0.35439999999999994,0.8516,43.6,26.4,14.0,1.2,0.4,2024-01-31,1610612749,MIL,119.2,0.4676,0.37220000000000003,0.7889999999999999,46.2,25.0,11.8,5.0,0.6,1,3.0
22300741,2024-02-08,1610612757,POR,111.2,0.4816000000000001,0.35039999999999993,0.9054,41.0,24.0,11.6,0.0,0.4,2024-02-08,1610612765,DET,119.6,0.5134000000000001,0.434,0.8384,42.0,27.2,13.6,-0.2,0.4,0,-6.0
22300758,2024-02-10,1610612757,POR,116.4,0.4928,0.38739999999999997,0.9018,39.0,25.4,12.0,0.4,0.4,2024-02-10,1610612740,NOP,120.2,0.509,0.3538,0.7872,45.0,28.6,11.4,8.8,0.8,0,-9.0
22300775,2024-02-13,1610612757,POR,107.2,0.47000000000000003,0.3588,0.8635999999999999,39.6,23.4,12.8,-6.6,0.2,2024-02-13,1610612750,MIN,118.0,0.4902,0.3926,0.8138,44.4,28.0,12.8,11.6,0.6,0,-12.0
22300791,2024-02-15,1610612757,POR,105.2,0.453,0.3488,0.8236000000000001,40.6,23.4,13.8,-9.6,0.0,2024-02-15,1610612750,MIN,121.0,0.4904,0.40820000000000006,0.8102,45.0,28.0,11.8,14.4,0.8,0,-37.0
22300812,2024-02-23,1610612757,POR,101.8,0.43500000000000005,0.3326,0.8036000000000001,40.2,24.2,15.2,-14.6,0.0,2024-02-23,1610612743,DEN,108.6,0.4556,0.32599999999999996,0.7747999999999999,47.6,30.2,14.6,-4.4,0.4,0,-15.0
22300826,2024-02-25,1610612757,POR,103.6,0.43420000000000003,0.3256,0.7504,40.8,23.4,14.6,-15.8,0.0,2024-02-25,1610612766,CHA,109.4,0.4806,0.39459999999999995,0.7954,44.0,26.6,14.8,7.2,0.8,0,-13.0
22300842,2024-02-27,1610612757,POR,95.2,0.4114,0.271,0.7121999999999999,44.4,20.4,14.6,-17.2,0.0,2024-02-27,1610612748,MIA,113.0,0.4772,0.38079999999999997,0.8248000000000001,44.0,25.8,11.8,9.8,0.8,0,-10.0
22300900,2024-03-06,1610612757,POR,103.8,0.4378,0.31199999999999994,0.764,46.6,24.0,16.2,1.8,0.4,2024-03-06,1610612760,OKC,115.0,0.46299999999999997,0.3642,0.8674,43.8,22.4,9.4,2.4,0.6,0,-8.0
22300916,2024-03-08,1610612757,POR,111.8,0.46959999999999996,0.37560000000000004,0.8042,41.8,26.6,16.6,2.8,0.4,2024-03-08,1610612745,HOU,109.6,0.4212000000000001,0.3106,0.6972,48.4,23.8,10.4,-1.2,0.4,0,-16.0
22300923,2024-03-09,1610612757,POR,114.0,0.47140000000000004,0.4024,0.7718,43.6,26.2,16.6,1.6,0.4,2024-03-09,1610612761,TOR,110.4,0.44139999999999996,0.3278,0.6832,43.4,28.6,11.8,-13.8,0.2,1,10.0
22300938,2024-03-11,1610612757,POR,115.2,0.4622,0.3986,0.7958000000000001,44.8,26.2,16.6,-2.4,0.4,2024-03-11,1610612738,BOS,121.6,0.4928,0.41340000000000005,0.8288,48.2,29.0,10.6,16.6,0.6,0,-22.0
22300953,2024-03-13,1610612757,POR,113.6,0.46699999999999997,0.4072,0.8458,42.4,26.2,14.4,-8.2,0.2,2024-03-13,1610612737,ATL,106.4,0.4572,0.3626,0.7416,44.6,25.0,11.8,1.8,0.6,1,4.0
22300960,2024-03-14,1610612757,POR,112.0,0.46180000000000004,0.39180000000000004,0.867,44.0,25.4,15.4,-6.4,0.4,2024-03-14,1610612752,NYK,96.8,0.4368,0.3556,0.7454,46.2,26.0,13.2,7.6,0.6,0,-12.0
22301003,2024-03-20,1610612757,POR,102.4,0.4542,0.3346,0.877,42.2,22.0,15.6,-10.4,0.2,2024-03-20,1610612746,LAC,108.0,0.4766,0.36700000000000005,0.8596,39.6,23.8,12.8,-7.0,0.2,0,-13.0
22301017,2024-03-22,1610612757,POR,103.2,0.46080000000000004,0.3514,0.8103999999999999,42.2,21.6,16.8,-8.6,0.2,2024-03-22,1610612746,LAC,107.8,0.4908,0.3912,0.853,37.6,23.6,13.0,-3.0,0.4,0,-8.0
22301026,2024-03-23,1610612757,POR,105.4,0.465,0.35760000000000003,0.7638,40.6,22.6,15.2,-11.0,0.0,2024-03-23,1610612743,DEN,110.0,0.5067999999999999,0.3962,0.7857999999999999,41.8,28.8,10.8,7.4,0.8,0,-3.0
22301157,2024-04-09,1610612757,POR,97.8,0.4144,0.2938,0.7622,50.0,24.4,14.6,-13.8,0.4,2024-04-09,1610612740,NOP,106.6,0.4648,0.38239999999999996,0.8059999999999998,39.2,25.2,12.2,-5.6,0.2,0,-10.0
22301169,2024-04-11,1610612757,POR,101.4,0.4282,0.32880000000000004,0.8099999999999999,50.8,26.0,14.2,-3.8,0.4,2024-04-11,1610612744,GSW,119.0,0.5212000000000001,0.4664,0.8427999999999999,45.6,30.8,15.6,9.4,0.8,0,-8.0
22301183,2024-04-12,1610612757,POR,99.2,0.41159999999999997,0.3048,0.8148,51.8,24.8,14.8,-5.2,0.4,2024-04-12,1610612745,HOU,117.8,0.44720000000000004,0.38180000000000003,0.8298,36.4,26.0,10.6,-8.0,0.2,0,-9.0
12300043,2023-10-15,1610612758,SAC,100.0,0.3935,0.261,0.733,39.5,29.5,17.0,-10.5,0.0,2023-10-15,1610612744,GSW,127.0,0.493,0.38449999999999995,0.7045,52.0,31.5,20.0,9.1,1.0,0,-6.0
12300065,2023-10-19,1610612758,SAC,107.5,0.42800000000000005,0.28875,0.72,40.0,28.5,15.25,-7.0,0.0,2023-10-19,1610612762,UTA,112.75,0.48175,0.35950000000000004,0.794,46.0,26.25,18.25,6.25,0.75,1,3.0
22300087,2023-10-27,1610612758,SAC,115.4,0.4444,0.33940000000000003,0.7588,44.2,28.4,13.6,0.8,0.4,2023-10-27,1610612744,GSW,117.4,0.45220000000000005,0.3685999999999999,0.763,48.8,26.4,17.0,0.4,0.6,0,-8.0
22300100,2023-10-29,1610612758,SAC,118.0,0.4528,0.33940000000000003,0.7556,43.4,27.2,13.2,0.8,0.4,2023-10-29,1610612747,LAL,105.8,0.446,0.321,0.722,42.0,23.8,16.2,-9.0,0.2,1,5.0
22300170,2023-11-08,1610612758,SAC,106.6,0.4282,0.3172,0.6936,42.6,24.0,12.0,-9.4,0.2,2023-11-08,1610612757,POR,104.4,0.41880000000000006,0.2964,0.812,46.8,20.8,14.8,-4.2,0.6,1,3.0
22300016,2023-11-10,1610612758,SAC,108.0,0.4332,0.31659999999999994,0.7030000000000001,44.4,25.6,13.4,-7.2,0.4,2023-11-10,1610612760,OKC,124.6,0.5109999999999999,0.4,0.8862,43.0,24.0,15.0,4.2,0.6,1,7.0
22300191,2023-11-13,1610612758,SAC,102.6,0.4226,0.3012,0.7138000000000001,45.4,25.2,14.8,-6.8,0.4,2023-11-13,1610612739,CLE,112.8,0.4772,0.32699999999999996,0.8066000000000001,44.2,24.8,15.4,2.4,0.6,1,12.0
22300060,2023-11-28,1610612758,SAC,117.4,0.47800000000000004,0.38499999999999995,0.7736000000000001,42.0,27.8,13.2,-0.6,0.6,2023-11-28,1610612744,GSW,117.2,0.46040000000000003,0.39699999999999996,0.7788,45.0,30.0,15.8,-4.6,0.4,1,1.0
22300264,2023-11-29,1610612758,SAC,116.4,0.4600000000000001,0.36740000000000006,0.7438,42.8,26.6,12.6,-2.2,0.6,2023-11-29,1610612746,LAC,110.0,0.4468,0.3054,0.7704,49.2,25.8,11.8,6.4,0.6,0,-14.0
22300290,2023-12-02,1610612758,SAC,114.0,0.4464,0.3458,0.7628,42.6,24.2,13.0,-8.2,0.4,2023-12-02,1610612743,DEN,116.8,0.49060000000000004,0.38680000000000003,0.6728,43.2,31.6,11.4,4.0,0.8,1,6.0
22301204,2023-12-04,1610612758,SAC,120.0,0.4676,0.3912,0.776,44.8,25.4,12.6,0.2,0.6,2023-12-04,1610612740,NOP,115.0,0.4902,0.32,0.7807999999999999,42.2,27.4,12.8,2.4,0.4,0,-10.0
22300303,2023-12-11,1610612758,SAC,119.0,0.461,0.3658,0.7702,45.6,26.8,12.0,-1.8,0.6,2023-12-11,1610612751,BKN,122.0,0.4774,0.37059999999999993,0.7482,53.6,25.8,11.4,13.4,0.8,1,13.0
22300324,2023-12-14,1610612758,SAC,116.8,0.4638,0.3994,0.7545999999999999,43.2,30.4,12.6,-0.6,0.6,2023-12-14,1610612760,OKC,126.4,0.48760000000000003,0.34199999999999997,0.8552,41.2,25.0,9.6,7.2,0.8,1,4.8
22300342,2023-12-16,1610612758,SAC,117.8,0.46580000000000005,0.3852,0.7604,43.2,30.2,13.8,-0.8400000000000001,0.6,2023-12-16,1610612762,UTA,111.8,0.46080000000000004,0.3368,0.8356,44.4,27.0,14.6,-13.2,0.4,1,21.0
22300358,2023-12-18,1610612758,SAC,119.4,0.48460000000000003,0.41479999999999995,0.7434000000000001,44.6,31.6,14.0,5.36,0.8,2023-12-18,1610612764,WAS,113.0,0.466,0.3378,0.744,41.8,25.6,16.0,-16.4,0.2,1,12.0
22300373,2023-12-20,1610612758,SAC,125.2,0.4992000000000001,0.422,0.7372,43.0,33.6,13.0,6.16,0.8,2023-12-20,1610612738,BOS,120.8,0.4732,0.3928,0.8614,46.6,24.4,11.6,8.8,0.8,0,-25.0
22300387,2023-12-22,1610612758,SAC,122.8,0.49160000000000004,0.40619999999999995,0.6988000000000001,41.8,31.8,11.8,-1.44,0.6,2023-12-22,1610612756,PHX,113.8,0.47059999999999996,0.3032,0.7992,44.8,27.4,13.4,-3.8,0.4,1,15.0
22300400,2023-12-23,1610612758,SAC,127.0,0.5138,0.4154,0.7110000000000001,41.6,32.8,11.4,5.5600000000000005,0.8,2023-12-23,1610612750,MIN,117.8,0.5094000000000001,0.43599999999999994,0.8042,41.0,28.8,15.0,6.6,0.8,0,-12.0
22300464,2024-01-02,1610612758,SAC,114.2,0.49540000000000006,0.3318,0.7283999999999999,42.8,28.6,11.4,4.8,0.6,2024-01-02,1610612766,CHA,104.6,0.44320000000000004,0.36660000000000004,0.7741999999999999,40.6,27.8,13.0,-13.8,0.0,0,-7.0
22300476,2024-01-03,1610612758,SAC,111.0,0.47640000000000005,0.3464,0.6921999999999999,45.0,26.8,13.0,0.4,0.4,2024-01-03,1610612753,ORL,111.6,0.45619999999999994,0.332,0.8096,43.6,22.4,15.8,-2.8,0.4,1,3.0
22300492,2024-01-05,1610612758,SAC,119.0,0.48660000000000003,0.373,0.6752,48.6,29.4,14.2,3.4,0.6,2024-01-05,1610612761,TOR,123.4,0.5008,0.422,0.739,43.4,29.6,10.2,6.8,0.6,1,5.0
22300500,2024-01-07,1610612758,SAC,123.4,0.49380000000000007,0.43599999999999994,0.6460000000000001,49.0,31.4,15.0,7.8,0.8,2024-01-07,1610612740,NOP,113.0,0.4894,0.4312,0.8028000000000001,43.8,27.0,12.4,9.8,0.8,0,-33.0
22300583,2024-01-18,1610612758,SAC,121.2,0.4904,0.36819999999999997,0.7276,45.8,30.2,13.0,4.8,0.4,2024-01-18,1610612754,IND,117.0,0.5022,0.3944,0.7933999999999999,43.6,31.2,15.4,-1.4,0.6,0,-5.0
22300613,2024-01-22,1610612758,SAC,119.2,0.47919999999999996,0.37039999999999995,0.6974,44.6,27.8,11.8,-0.4,0.2,2024-01-22,1610612737,ATL,103.6,0.429,0.331,0.7778,46.2,22.8,15.4,-7.2,0.6,1,15.0
22300732,2024-02-07,1610612758,SAC,115.0,0.49639999999999995,0.34839999999999993,0.6641999999999999,42.6,27.4,14.4,-1.4,0.6,2024-02-07,1610612765,DET,113.8,0.48840000000000006,0.3806,0.7939999999999999,41.4,25.2,14.8,-5.6,0.2,0,-13.0
22300746,2024-02-09,1610612758,SAC,118.4,0.4888,0.3588,0.6806000000000001,39.0,28.8,11.4,-5.8,0.4,2024-02-09,1610612743,DEN,111.8,0.472,0.36540000000000006,0.8406,46.8,28.6,9.4,6.0,0.8,1,29.0
22300803,2024-02-22,1610612758,SAC,119.0,0.5005999999999999,0.357,0.7604,42.6,28.6,13.0,0.2,0.4,2024-02-22,1610612759,SAS,106.6,0.45199999999999996,0.31579999999999997,0.808,40.8,29.0,14.0,-9.6,0.2,1,5.0
22300831,2024-02-26,1610612758,SAC,118.0,0.49939999999999996,0.3485999999999999,0.7525999999999999,44.2,27.6,13.0,1.2,0.6,2024-02-26,1610612748,MIA,112.0,0.4726,0.37059999999999993,0.8214,45.2,26.2,11.6,10.0,0.8,0,-11.0
22300883,2024-03-04,1610612758,SAC,116.0,0.49660000000000004,0.38539999999999996,0.6544000000000001,42.4,29.0,11.2,-1.4,0.6,2024-03-04,1610612741,CHI,110.0,0.4234,0.30179999999999996,0.8608,50.2,27.0,11.2,-5.2,0.4,0,-4.0
22300908,2024-03-07,1610612758,SAC,113.8,0.4864,0.36239999999999994,0.6923999999999999,45.2,29.6,13.2,-4.4,0.4,2024-03-07,1610612759,SAS,112.8,0.48860000000000003,0.4058,0.7634,45.4,31.6,17.0,-3.0,0.4,1,2.0
22300929,2024-03-10,1610612758,SAC,118.0,0.48260000000000003,0.3438,0.7646,46.2,29.8,12.8,-1.8,0.6,2024-03-10,1610612745,HOU,115.2,0.43920000000000003,0.34,0.71,48.6,26.0,8.8,5.4,0.6,0,-8.0
22300945,2024-03-12,1610612758,SAC,119.6,0.4932,0.31279999999999997,0.8156000000000001,46.4,29.0,12.4,0.8,0.6,2024-03-12,1610612749,MIL,112.4,0.45499999999999996,0.368,0.7884,43.0,23.4,9.2,-1.2,0.6,1,35.0
22300954,2024-03-13,1610612758,SAC,120.6,0.4998,0.32699999999999996,0.8698,47.6,30.0,12.6,7.0,0.6,2024-03-13,1610612747,LAL,118.6,0.5224,0.4484,0.7460000000000001,42.8,28.6,13.0,0.8,0.6,1,13.0
22300975,2024-03-16,1610612758,SAC,122.8,0.5152,0.36019999999999996,0.842,46.2,30.2,11.6,10.4,0.8,2024-03-16,1610612752,NYK,96.4,0.4266,0.315,0.7824,46.8,22.8,13.8,8.2,0.6,0,-7.0
22300989,2024-03-18,1610612758,SAC,115.0,0.4744,0.3368,0.837,45.4,28.2,11.4,7.0,0.6,2024-03-18,1610612763,MEM,100.8,0.4286,0.3538,0.7776,42.4,25.4,16.2,-8.8,0.2,1,10.0
22301042,2024-03-25,1610612758,SAC,109.2,0.4366,0.3081999999999999,0.8412,46.6,26.2,13.2,6.4,0.6,2024-03-25,1610612755,PHI,104.8,0.43760000000000004,0.3462,0.7754000000000001,41.2,26.6,10.4,2.4,0.6,1,12.0
22301047,2024-03-26,1610612758,SAC,112.6,0.4544,0.30679999999999996,0.8368,46.2,26.8,12.2,10.2,0.8,2024-03-26,1610612742,DAL,113.4,0.4788,0.3206,0.7594000000000001,46.0,28.4,11.6,5.4,0.8,0,-36.0
22301073,2024-03-29,1610612758,SAC,107.6,0.44279999999999997,0.31739999999999996,0.8320000000000001,42.8,26.2,11.4,1.0,0.6,2024-03-29,1610612742,DAL,116.0,0.48719999999999997,0.3506,0.7208,47.8,30.2,9.6,14.0,1.0,0,-4.0
22301086,2024-03-31,1610612758,SAC,103.6,0.4266,0.35119999999999996,0.7988000000000001,41.2,24.6,10.4,-6.6,0.4,2024-03-31,1610612762,UTA,106.4,0.453,0.2784,0.8834,42.2,25.8,16.2,-12.4,0.0,1,21.0
22301101,2024-04-02,1610612758,SAC,108.6,0.4478,0.39479999999999993,0.7676000000000001,42.6,27.2,10.4,-1.0,0.6,2024-04-02,1610612746,LAC,112.2,0.5044000000000001,0.3724,0.8353999999999999,39.6,25.6,10.2,-3.0,0.6,1,14.0
22301170,2024-04-11,1610612758,SAC,106.0,0.41319999999999996,0.34119999999999995,0.6724,51.0,26.0,11.8,5.0,0.4,2024-04-11,1610612740,NOP,110.2,0.4686,0.3694,0.8699999999999999,40.0,25.8,12.2,-1.2,0.4,0,-12.0
22301185,2024-04-12,1610612758,SAC,108.8,0.438,0.36819999999999997,0.6704,46.2,25.4,12.6,-0.2,0.2,2024-04-12,1610612756,PHX,108.0,0.4418,0.3678,0.8838000000000001,43.2,27.4,13.8,5.2,0.6,0,-1.0
22301200,2024-04-14,1610612758,SAC,108.4,0.4284,0.356,0.7396,46.2,25.4,10.8,1.8,0.2,2024-04-14,1610612757,POR,102.8,0.4098,0.3196,0.8262,50.4,25.0,13.2,-7.6,0.2,1,39.0
52300131,2024-04-16,1610612758,SAC,112.6,0.45039999999999997,0.36579999999999996,0.7949999999999999,45.6,27.0,12.2,9.8,0.4,2024-04-16,1610612744,GSW,116.8,0.5066,0.417,0.8109999999999999,46.0,31.0,13.8,6.4,0.8,1,24.0
12300033,2023-10-13,1610612759,SAS,121.0,0.464,0.378,0.739,48.0,29.0,14.0,-1.0,0.0,2023-10-13,1610612748,MIA,113.0,0.413,0.316,0.926,51.0,23.0,18.0,4.0,1.0,1,16.0
12300047,2023-10-16,1610612759,SAS,120.5,0.49750000000000005,0.4175,0.7295,41.5,29.0,13.5,7.5,0.5,2023-10-16,1610612745,HOU,121.0,0.495,0.375,0.74,52.0,28.5,14.5,26.5,1.0,0,-10.0
12300058,2023-10-18,1610612759,SAS,110.0,0.4543333333333333,0.38633333333333336,0.6593333333333333,44.0,26.333333333333332,15.0,1.6666666666666667,0.3333333333333333,2023-10-18,1610612745,HOU,113.66666666666667,0.4633333333333334,0.35800000000000004,0.7233333333333333,51.666666666666664,26.666666666666668,14.333333333333334,21.0,1.0,1,14.0
22300073,2023-10-25,1610612759,SAS,113.8,0.4596,0.36920000000000003,0.682,45.8,29.6,15.6,4.8,0.6,2023-10-25,1610612742,DAL,108.0,0.41,0.34525,0.68775,46.0,22.75,13.75,-3.5,0.25,0,-7.0
22300083,2023-10-27,1610612759,SAS,113.4,0.4702,0.3564,0.6796,45.2,30.4,16.6,3.6,0.6,2023-10-27,1610612745,HOU,103.6,0.42400000000000004,0.2968,0.7468,45.6,23.8,17.0,1.2,0.6,1,4.0
22300141,2023-11-05,1610612759,SAS,115.0,0.47359999999999997,0.36419999999999997,0.78,40.6,29.6,16.4,-6.2,0.6,2023-11-05,1610612761,TOR,106.0,0.4692,0.3342,0.7445999999999999,46.4,27.4,16.0,-2.4,0.2,0,-7.0
22300013,2023-11-10,1610612759,SAS,115.8,0.48039999999999994,0.35,0.7647999999999999,41.2,29.8,12.2,-11.4,0.4,2023-11-10,1610612750,MIN,116.4,0.514,0.39940000000000003,0.713,44.2,25.0,14.4,12.2,0.8,0,-7.0
22300184,2023-11-12,1610612759,SAS,114.8,0.48039999999999994,0.34500000000000003,0.7412,41.4,30.6,12.6,-13.0,0.2,2023-11-12,1610612748,MIA,111.8,0.48760000000000003,0.37120000000000003,0.8548,42.0,26.4,17.2,3.6,0.8,0,-5.0
22300032,2023-11-17,1610612759,SAS,105.2,0.4462,0.3316,0.7028,42.6,29.0,15.8,-22.0,0.0,2023-11-17,1610612758,SAC,116.0,0.48260000000000003,0.35279999999999995,0.69,43.6,29.0,15.2,2.4,0.8,0,-9.0
22300206,2023-11-18,1610612759,SAS,107.0,0.45439999999999997,0.3534,0.7146,43.8,30.4,16.6,-15.6,0.0,2023-11-18,1610612763,MEM,109.4,0.4276,0.3586,0.7422,39.6,24.6,13.0,-4.6,0.4,0,-12.0
22300223,2023-11-20,1610612759,SAS,107.6,0.4433999999999999,0.37539999999999996,0.7532,42.6,29.4,17.0,-13.8,0.0,2023-11-20,1610612746,LAC,106.8,0.4368,0.34019999999999995,0.8231999999999999,45.6,22.4,13.0,-5.2,0.2,0,-25.0
22300235,2023-11-22,1610612759,SAS,105.4,0.4366,0.35740000000000005,0.784,44.8,28.2,17.4,-17.4,0.0,2023-11-22,1610612746,LAC,113.0,0.4524,0.36239999999999994,0.7992,45.6,24.0,11.4,1.2,0.4,0,-7.0
22300272,2023-11-30,1610612759,SAS,108.2,0.43079999999999996,0.312,0.8371999999999999,42.8,27.4,15.6,-12.4,0.0,2023-11-30,1610612737,ATL,128.6,0.4612,0.398,0.8002,46.6,23.4,12.6,-1.6,0.4,0,-2.0
22301223,2023-12-08,1610612759,SAS,113.4,0.45499999999999996,0.3408,0.8166,43.2,29.4,17.0,-8.6,0.0,2023-12-08,1610612741,CHI,112.2,0.46819999999999995,0.39039999999999997,0.7256,45.2,26.6,13.8,-2.4,0.6,0,-9.0
22300316,2023-12-13,1610612759,SAS,105.8,0.43979999999999997,0.3196,0.7872,46.0,28.0,16.0,-9.0,0.0,2023-12-13,1610612747,LAL,118.8,0.4882000000000001,0.3506,0.7482,49.4,27.6,13.0,13.8,0.8,0,-3.0
22300331,2023-12-15,1610612759,SAS,102.6,0.4257999999999999,0.3182,0.749,45.8,26.8,15.2,-9.2,0.0,2023-12-15,1610612747,LAL,121.8,0.506,0.3714,0.725,49.0,29.0,14.4,12.4,0.8,1,14.0
22300345,2023-12-17,1610612759,SAS,107.2,0.4331999999999999,0.32199999999999995,0.7632,47.0,28.2,13.0,-3.4,0.2,2023-12-17,1610612740,NOP,118.2,0.47640000000000005,0.3704,0.8024000000000001,45.2,26.4,12.2,1.0,0.8,0,-36.0
22300412,2023-12-26,1610612759,SAS,114.4,0.4612,0.346,0.7724,43.8,29.4,13.2,-15.8,0.2,2023-12-26,1610612762,UTA,118.0,0.4868,0.3966,0.8608,42.2,28.6,13.0,0.6,0.6,0,-12.0
22300448,2023-12-31,1610612759,SAS,115.6,0.46959999999999996,0.36060000000000003,0.7424,42.0,31.2,12.6,-9.8,0.2,2023-12-31,1610612738,BOS,132.6,0.5108,0.4048,0.8118000000000001,48.0,30.6,10.8,16.2,1.0,0,-33.0
22300477,2024-01-04,1610612759,SAS,112.6,0.4584,0.3498,0.7524,41.2,29.8,12.0,-9.2,0.2,2024-01-04,1610612749,MIL,125.6,0.5024,0.3606,0.7964,43.2,30.0,12.4,0.4,0.4,0,-4.0
22300541,2024-01-12,1610612759,SAS,113.0,0.4664,0.3302,0.8088000000000001,41.4,27.6,10.6,-5.0,0.2,2024-01-12,1610612766,CHA,101.0,0.4326,0.3716,0.7718,40.4,22.0,11.4,-11.2,0.2,1,36.0
22300548,2024-01-13,1610612759,SAS,119.8,0.48460000000000003,0.37160000000000004,0.8176,42.6,28.2,11.0,8.8,0.4,2024-01-13,1610612741,CHI,115.6,0.49380000000000007,0.3926,0.8245999999999999,42.6,28.4,12.8,3.552713678800501e-16,0.6,0,-6.0
22300622,2024-01-24,1610612759,SAS,114.2,0.4744,0.3282,0.7588,42.2,31.2,13.0,-7.8,0.2,2024-01-24,1610612760,OKC,113.8,0.4718,0.37039999999999995,0.8231999999999999,38.6,26.6,11.6,-1.2,0.6,0,-26.0
22300641,2024-01-26,1610612759,SAS,117.2,0.4944,0.33199999999999996,0.7696,41.0,31.8,13.2,-11.0,0.2,2024-01-26,1610612757,POR,115.8,0.479,0.3734,0.8582000000000001,43.4,24.2,12.2,-3.0,0.6,1,16.0
22300649,2024-01-27,1610612759,SAS,120.8,0.502,0.3496,0.7762,44.6,32.6,14.6,-4.0,0.4,2024-01-27,1610612750,MIN,110.8,0.4798,0.4006,0.7716000000000001,42.2,27.2,13.8,4.0,0.6,1,1.0
22300665,2024-01-29,1610612759,SAS,119.4,0.49959999999999993,0.3424,0.7534,45.6,32.4,15.0,-3.0,0.6,2024-01-29,1610612764,WAS,112.8,0.465,0.31599999999999995,0.8082,44.0,29.8,13.0,-5.0,0.2,0,-5.0
22300681,2024-01-31,1610612759,SAS,115.8,0.48679999999999995,0.34500000000000003,0.782,43.0,31.0,14.4,-4.8,0.4,2024-01-31,1610612753,ORL,110.4,0.4718,0.3544,0.7316,38.6,24.8,11.6,0.6,0.4,0,-10.0
22300696,2024-02-02,1610612759,SAS,110.8,0.48439999999999994,0.3396,0.7458,42.6,30.0,16.2,-4.8,0.4,2024-02-02,1610612740,NOP,115.0,0.48860000000000003,0.35019999999999996,0.7272000000000001,47.4,25.2,14.2,-2.8,0.4,0,-1.0
22300703,2024-02-03,1610612759,SAS,110.6,0.48019999999999996,0.3346,0.716,46.0,31.0,16.2,0.2,0.4,2024-02-03,1610612739,CLE,116.4,0.4822,0.3598,0.775,43.4,25.2,12.2,5.2,0.8,0,-16.0
22300853,2024-02-29,1610612759,SAS,109.4,0.44919999999999993,0.3788,0.7223999999999999,44.0,32.2,15.0,-12.2,0.0,2024-02-29,1610612760,OKC,127.6,0.5298,0.44960000000000006,0.8288,46.8,26.2,12.0,21.4,1.0,1,14.0
22300877,2024-03-03,1610612759,SAS,117.2,0.4826,0.4262,0.7457999999999999,44.2,34.2,15.0,-4.8,0.2,2024-03-03,1610612754,IND,121.8,0.49240000000000006,0.3626,0.826,45.0,32.0,11.8,2.0,0.6,1,12.0
22300936,2024-03-11,1610612759,SAS,121.0,0.5044,0.44399999999999995,0.8404,45.2,33.8,13.4,4.8,0.6,2024-03-11,1610612744,GSW,113.6,0.4640000000000001,0.3324,0.7172,47.8,28.8,13.6,-3.6,0.4,0,-10.0
22300942,2024-03-12,1610612759,SAS,115.0,0.48279999999999995,0.4222,0.8038000000000001,46.2,31.4,14.2,0.0,0.4,2024-03-12,1610612745,HOU,116.6,0.4654000000000001,0.374,0.6923999999999999,45.4,27.8,8.8,8.0,0.8,0,-2.0
22300965,2024-03-15,1610612759,SAS,111.8,0.46979999999999994,0.4034000000000001,0.8173999999999999,45.6,30.8,14.0,-2.8,0.2,2024-03-15,1610612743,DEN,117.8,0.5250000000000001,0.3674,0.7569999999999999,42.2,30.4,10.4,7.0,0.8,0,-11.0
22300981,2024-03-17,1610612759,SAS,112.8,0.47379999999999994,0.4126,0.8103999999999999,44.4,30.6,13.6,-2.4,0.2,2024-03-17,1610612751,BKN,107.4,0.4636,0.3862,0.8026,37.2,23.6,14.8,-5.4,0.2,1,7.0
22300994,2024-03-19,1610612759,SAS,111.4,0.46579999999999994,0.3642,0.7929999999999999,47.0,28.8,14.6,-0.6,0.4,2024-03-19,1610612742,DAL,120.8,0.5142,0.3156,0.7754,45.4,27.8,13.2,11.6,0.8,0,-6.0
22301015,2024-03-22,1610612759,SAS,107.6,0.45099999999999996,0.333,0.7858,46.8,28.2,15.2,-4.4,0.2,2024-03-22,1610612763,MEM,109.2,0.4288,0.352,0.8131999999999999,45.8,27.2,14.8,-7.4,0.2,0,-2.0
22301025,2024-03-23,1610612759,SAS,106.6,0.44499999999999995,0.29419999999999996,0.7916000000000001,48.0,27.6,15.4,-2.8,0.2,2024-03-23,1610612756,PHX,118.2,0.515,0.4184,0.8012,48.0,31.2,15.0,2.2,0.6,0,-25.0
22301039,2024-03-25,1610612759,SAS,107.6,0.44399999999999995,0.2876,0.7822,46.4,27.0,15.8,-7.4,0.2,2024-03-25,1610612756,PHX,122.0,0.5392,0.43899999999999995,0.8211999999999999,45.6,33.4,14.0,10.2,0.8,1,2.0
22301070,2024-03-29,1610612759,SAS,106.4,0.45,0.31179999999999997,0.7458,43.8,29.0,14.8,-4.8,0.4,2024-03-29,1610612752,NYK,118.6,0.49779999999999996,0.4042,0.722,43.2,29.8,10.4,15.0,0.8,1,4.0
22301085,2024-03-31,1610612759,SAS,111.0,0.46979999999999994,0.32,0.7656,43.4,29.6,14.8,-2.8,0.6,2024-03-31,1610612744,GSW,110.0,0.47780000000000006,0.3322,0.7584000000000001,50.0,27.8,12.0,6.2,0.6,0,-4.0
22301140,2024-04-07,1610612759,SAS,115.4,0.4808,0.389,0.7276,45.0,34.4,15.6,0.8,0.6,2024-04-07,1610612755,PHI,116.6,0.49700000000000005,0.437,0.8316000000000001,41.0,27.6,14.0,8.0,0.8,0,-7.0
22301180,2024-04-12,1610612759,SAS,106.6,0.4342,0.30079999999999996,0.783,50.0,30.4,15.8,-6.6,0.4,2024-04-12,1610612743,DEN,115.8,0.5035999999999999,0.4034,0.6651999999999999,47.4,30.8,11.6,12.0,0.8,1,1.0
22301197,2024-04-14,1610612759,SAS,109.8,0.45999999999999996,0.3328,0.8221999999999999,48.0,30.0,18.0,-5.4,0.6,2024-04-14,1610612765,DET,101.4,0.449,0.36560000000000004,0.7026,37.6,23.4,13.2,-10.0,0.2,1,28.0
12300027,2023-10-12,1610612760,OKC,122.0,0.418,0.342,0.794,52.0,26.0,13.0,1.0,1.0,2023-10-12,1610612765,DET,126.0,0.495,0.314,0.618,49.0,33.0,16.0,-4.0,0.0,0,-3.0
12300053,2023-10-17,1610612760,OKC,120.66666666666667,0.4326666666666667,0.35133333333333333,0.7883333333333334,45.666666666666664,27.0,13.0,-1.3333333333333333,0.3333333333333333,2023-10-17,1610612749,MIL,105.0,0.4223333333333333,0.30066666666666664,0.791,52.0,25.0,17.333333333333332,2.6666666666666665,0.6666666666666666,1,23.0
12300062,2023-10-19,1610612760,OKC,121.5,0.46575,0.379,0.73825,45.75,28.75,14.5,4.75,0.5,2023-10-19,1610612765,DET,127.0,0.512,0.4,0.718,49.5,29.5,18.0,-0.5,0.5,0,-2.0
22300095,2023-10-29,1610612760,OKC,117.4,0.5027999999999999,0.40939999999999993,0.7232000000000001,45.4,28.8,16.2,8.4,0.6,2023-10-29,1610612743,DEN,109.8,0.47840000000000005,0.34859999999999997,0.7318,41.6,26.2,13.0,6.0,0.8,0,-33.0
22300109,2023-10-30,1610612760,OKC,113.4,0.49260000000000004,0.3836,0.7398,42.0,27.2,15.0,2.2,0.6,2023-10-30,1610612765,DET,110.6,0.4598,0.35059999999999997,0.7247999999999999,53.6,27.8,17.6,3.8,0.6,1,12.0
22300121,2023-11-01,1610612760,OKC,113.4,0.4856,0.38079999999999997,0.7864,41.6,24.6,14.2,0.0,0.6,2023-11-01,1610612740,NOP,103.6,0.4606,0.3204,0.6452,43.6,24.6,17.4,-1.0,0.6,0,-6.0
22300005,2023-11-03,1610612760,OKC,111.4,0.47640000000000005,0.3658,0.8392,42.4,23.6,14.2,-0.8,0.6,2023-11-03,1610612744,GSW,112.8,0.46820000000000006,0.35839999999999994,0.7886,47.4,27.6,15.0,8.8,0.8,0,-2.0
22300155,2023-11-06,1610612760,OKC,114.4,0.487,0.3718,0.8326,40.2,22.8,15.0,-5.2,0.4,2023-11-06,1610612737,ATL,125.4,0.506,0.3738,0.852,47.0,28.4,14.2,10.4,0.8,1,9.0
22300167,2023-11-08,1610612760,OKC,118.0,0.49079999999999996,0.3518,0.8662000000000001,40.6,23.8,14.0,-4.0,0.4,2023-11-08,1610612739,CLE,106.0,0.45500000000000007,0.3216,0.7822000000000001,46.4,24.6,14.0,-3.6,0.4,1,8.0
22300021,2023-11-14,1610612760,OKC,120.4,0.5058,0.3898,0.8686,38.6,24.2,13.8,4.0,0.6,2023-11-14,1610612759,SAS,111.0,0.4688,0.3342,0.7232000000000001,43.2,30.2,14.4,-16.2,0.0,1,36.0
22300234,2023-11-22,1610612760,OKC,125.2,0.5272,0.46159999999999995,0.8906000000000001,41.0,28.4,12.2,23.4,1.0,2023-11-22,1610612741,CHI,100.4,0.4244,0.32080000000000003,0.8434000000000001,42.8,20.8,12.8,-6.0,0.2,1,14.0
22300239,2023-11-25,1610612760,OKC,126.2,0.5282,0.4633999999999999,0.8858,43.4,28.6,13.2,23.8,1.0,2023-11-25,1610612755,PHI,114.4,0.44480000000000003,0.358,0.8699999999999999,44.0,24.4,11.2,1.2,0.4,0,-4.0
22300271,2023-11-30,1610612760,OKC,121.2,0.4936,0.4154,0.8613999999999999,41.8,25.8,10.2,11.4,0.6,2023-11-30,1610612747,LAL,116.0,0.5074000000000001,0.33880000000000005,0.7624,45.6,29.2,14.2,3.4,0.6,1,23.0
22301222,2023-12-08,1610612760,OKC,117.2,0.44939999999999997,0.36060000000000003,0.8130000000000001,40.4,25.2,7.8,2.6,0.4,2023-12-08,1610612744,GSW,116.6,0.4673999999999999,0.3882,0.8082,46.4,28.2,15.8,2.8,0.6,1,2.0
22300302,2023-12-11,1610612760,OKC,120.2,0.46560000000000007,0.3206,0.8236000000000001,40.6,22.4,8.8,3.8,0.6,2023-12-11,1610612762,UTA,99.8,0.42000000000000004,0.3188,0.7774,45.8,24.0,17.0,-16.8,0.2,1,14.0
22300355,2023-12-18,1610612760,OKC,122.8,0.48179999999999995,0.3122,0.8632,38.4,24.0,10.4,0.6,0.6,2023-12-18,1610612763,MEM,106.4,0.44720000000000004,0.3598,0.7549999999999999,39.8,24.0,13.6,-7.4,0.2,1,19.0
22300379,2023-12-21,1610612760,OKC,125.8,0.48819999999999997,0.3182,0.8874000000000001,43.0,25.8,11.2,6.2,0.8,2023-12-21,1610612746,LAC,131.0,0.5454,0.425,0.8865999999999999,44.2,27.4,11.8,16.6,1.0,1,19.0
22300397,2023-12-23,1610612760,OKC,125.0,0.5014,0.378,0.893,42.8,29.8,11.6,9.6,0.8,2023-12-23,1610612747,LAL,113.0,0.4772,0.35279999999999995,0.7492,41.6,28.0,12.4,-7.8,0.2,0,-9.0
22300411,2023-12-26,1610612760,OKC,122.2,0.49399999999999994,0.3466,0.8625999999999999,43.4,27.6,11.0,5.0,0.6,2023-12-26,1610612750,MIN,116.0,0.5105999999999999,0.40619999999999995,0.8395999999999999,40.6,29.0,14.4,5.4,0.8,1,23.0
22300419,2023-12-27,1610612760,OKC,123.4,0.5288,0.3778,0.8474,40.4,29.4,10.6,10.6,0.8,2023-12-27,1610612752,NYK,119.4,0.47840000000000005,0.3318,0.8629999999999999,45.4,21.8,11.6,-2.0,0.6,1,9.0
22300447,2023-12-31,1610612760,OKC,126.2,0.5448000000000001,0.4062,0.8404,37.4,28.6,9.2,13.6,0.8,2023-12-31,1610612751,BKN,117.4,0.47619999999999996,0.35200000000000004,0.725,45.2,27.8,9.6,-3.2,0.4,1,16.0
22300462,2024-01-02,1610612760,OKC,124.2,0.5359999999999999,0.421,0.8225999999999999,39.0,27.8,9.6,13.0,0.8,2024-01-02,1610612738,BOS,130.6,0.5074,0.3714,0.7998,49.4,29.4,11.0,17.8,1.0,1,4.0
22300529,2024-01-11,1610612760,OKC,128.8,0.5592,0.43279999999999996,0.7402,38.6,33.2,12.4,1.6,0.6,2024-01-11,1610612757,POR,101.2,0.41459999999999997,0.32999999999999996,0.7274,41.0,22.2,16.4,-21.4,0.2,1,62.0
22300546,2024-01-13,1610612760,OKC,131.2,0.5678,0.42279999999999995,0.76,42.8,34.6,12.8,13.2,0.6,2024-01-13,1610612753,ORL,112.4,0.4457999999999999,0.413,0.6676,44.0,25.8,13.6,-3.6,0.4,1,12.0
22300617,2024-01-23,1610612760,OKC,114.0,0.4666,0.354,0.866,39.2,26.6,10.8,0.8,0.6,2024-01-23,1610612757,POR,108.4,0.4588,0.3618,0.7934,39.4,20.8,12.4,-10.6,0.4,1,2.0
22300664,2024-01-29,1610612760,OKC,112.8,0.47919999999999996,0.33520000000000005,0.7942,43.0,23.8,11.2,8.2,0.8,2024-01-29,1610612750,MIN,109.6,0.484,0.4224,0.7258,40.8,27.2,13.6,0.8,0.4,0,-6.0
22300682,2024-01-31,1610612760,OKC,112.6,0.4888,0.34859999999999997,0.7774,43.2,23.8,12.0,6.0,0.6,2024-01-31,1610612743,DEN,107.0,0.46580000000000005,0.2924,0.7827999999999999,44.6,25.0,11.4,-2.4,0.8,1,5.0
22300695,2024-02-02,1610612760,OKC,111.4,0.4772,0.3724,0.8088,45.2,24.0,11.8,6.6,0.6,2024-02-02,1610612766,CHA,106.8,0.45220000000000005,0.3606,0.7215999999999999,39.2,26.0,11.2,-16.2,0.0,1,20.0
22300710,2024-02-04,1610612760,OKC,108.6,0.48200000000000004,0.37679999999999997,0.7894,44.6,23.0,12.0,5.4,0.6,2024-02-04,1610612761,TOR,111.2,0.46399999999999997,0.3672,0.8145999999999999,42.6,27.4,15.0,-9.4,0.2,1,8.0
22300760,2024-02-11,1610612760,OKC,118.8,0.4702,0.4272,0.8204,42.8,28.8,11.6,-1.8,0.6,2024-02-11,1610612758,SAC,124.2,0.5178,0.39879999999999993,0.725,38.6,30.0,12.8,1.8,0.6,1,14.0
22300799,2024-02-22,1610612760,OKC,123.4,0.4856,0.42560000000000003,0.8512000000000001,36.8,29.4,10.2,-1.2,0.6,2024-02-22,1610612746,LAC,119.4,0.48040000000000005,0.3942,0.8502000000000001,38.4,24.6,12.4,-3.2,0.6,1,22.0
22300809,2024-02-23,1610612760,OKC,122.2,0.5022,0.44980000000000003,0.7924,36.6,26.2,10.6,1.6,0.6,2024-02-23,1610612764,WAS,116.4,0.44799999999999995,0.386,0.7364,42.4,30.4,15.0,-9.0,0.0,1,41.0
22300841,2024-02-27,1610612760,OKC,130.6,0.5434,0.4718,0.8362,43.0,28.4,11.2,20.8,1.0,2024-02-27,1610612745,HOU,109.4,0.4216000000000001,0.356,0.7001999999999999,48.6,22.4,14.8,-7.4,0.4,1,17.0
22300914,2024-03-08,1610612760,OKC,116.0,0.48439999999999994,0.34879999999999994,0.85,42.0,21.0,11.2,1.4,0.6,2024-03-08,1610612748,MIA,111.0,0.4912000000000001,0.4176,0.7764,38.4,28.0,11.4,2.4,0.6,1,7.0
22300931,2024-03-10,1610612760,OKC,115.0,0.4842000000000001,0.33799999999999997,0.8635999999999999,40.0,22.8,10.4,-0.6,0.6,2024-03-10,1610612763,MEM,101.0,0.42460000000000003,0.362,0.7539999999999999,43.4,20.8,17.8,-6.8,0.4,1,31.0
22300941,2024-03-12,1610612760,OKC,116.2,0.49079999999999996,0.3694,0.8725999999999999,41.8,26.0,10.4,8.4,0.8,2024-03-12,1610612754,IND,113.2,0.4798,0.3416,0.7652,42.8,25.0,12.2,-2.0,0.4,0,-10.0
22300959,2024-03-14,1610612760,OKC,114.8,0.4816,0.38699999999999996,0.8725999999999999,43.6,26.6,11.8,4.8,0.6,2024-03-14,1610612742,DAL,122.4,0.5166000000000001,0.32599999999999996,0.799,42.6,28.4,10.8,10.4,0.8,1,7.0
22301000,2024-03-20,1610612760,OKC,117.2,0.4946,0.3788,0.8421999999999998,44.0,28.2,11.0,8.2,0.8,2024-03-20,1610612762,UTA,111.2,0.48200000000000004,0.367,0.8565999999999999,44.2,23.4,13.6,-12.8,0.2,1,12.0
22301057,2024-03-27,1610612760,OKC,114.4,0.48339999999999994,0.33720000000000006,0.7948,43.6,25.8,12.0,4.0,0.8,2024-03-27,1610612745,HOU,127.6,0.4912000000000001,0.3854,0.8234,46.6,26.0,9.4,18.6,1.0,0,-6.0
22301069,2024-03-29,1610612760,OKC,116.0,0.47800000000000004,0.34219999999999995,0.7924,44.4,26.0,13.6,1.6,0.6,2024-03-29,1610612756,PHX,116.0,0.5252,0.46480000000000005,0.7838,46.0,31.4,15.6,11.2,0.8,1,25.0
22301153,2024-04-09,1610612760,OKC,110.2,0.4798,0.33799999999999997,0.7618,38.4,27.4,14.0,-9.8,0.4,2024-04-09,1610612758,SAC,110.4,0.4516,0.3722,0.674,48.6,28.2,11.4,10.6,0.6,1,7.0
22301163,2024-04-10,1610612760,OKC,110.0,0.47000000000000003,0.33499999999999996,0.8102,38.2,25.8,14.2,-8.6,0.4,2024-04-10,1610612759,SAS,111.4,0.4574,0.3348,0.8008,49.6,31.8,16.6,0.2,0.4,1,38.0
22301179,2024-04-12,1610612760,OKC,114.4,0.47800000000000004,0.35259999999999997,0.8086,42.0,26.4,13.8,-0.2,0.6,2024-04-12,1610612749,MIL,108.4,0.4692,0.379,0.7074,43.8,26.0,13.2,0.4,0.4,1,18.0
22301196,2024-04-14,1610612760,OKC,119.4,0.49720000000000003,0.3794,0.8099999999999999,43.4,28.0,13.2,10.4,0.8,2024-04-14,1610612742,DAL,117.0,0.49660000000000004,0.339,0.764,46.2,26.6,15.0,8.0,0.8,1,49.0
42300141,2024-04-21,1610612760,OKC,124.0,0.511,0.4084,0.806,47.2,30.8,13.0,23.0,1.0,2024-04-21,1610612740,NOP,113.6,0.49879999999999997,0.4298,0.7492,42.4,28.8,13.4,0.8,0.6,1,2.0
42300142,2024-04-24,1610612760,OKC,118.6,0.49460000000000004,0.371,0.8068000000000002,48.8,28.4,12.4,22.8,1.0,2024-04-24,1610612740,NOP,105.0,0.46180000000000004,0.3762,0.7382000000000001,44.8,26.2,13.6,-2.0,0.4,1,32.0
42300221,2024-05-07,1610612760,OKC,111.2,0.4981999999999999,0.396,0.7598,46.0,25.8,13.0,22.4,1.0,2024-05-07,1610612742,DAL,109.0,0.47800000000000004,0.3412,0.7242,42.6,22.6,10.8,10.4,0.8,1,22.0
42300222,2024-05-09,1610612760,OKC,107.6,0.4766,0.40499999999999997,0.7472000000000001,44.8,24.0,12.0,17.0,1.0,2024-05-09,1610612742,DAL,108.8,0.47240000000000004,0.325,0.7268000000000001,40.4,23.0,11.2,5.4,0.6,0,-9.0
42300225,2024-05-15,1610612760,OKC,105.0,0.4394,0.3364,0.8126,44.6,22.6,10.6,4.2,0.6,2024-05-15,1610612742,DAL,105.8,0.43600000000000005,0.36760000000000004,0.6434,44.6,24.4,12.0,0.0,0.6,0,-12.0
12300040,2023-10-15,1610612761,TOR,112.0,0.52,0.345,0.75,48.0,30.0,29.0,13.0,1.0,2023-10-15,15022,CNS,82.0,0.326,0.2,0.81,38.0,18.0,24.0,-63.0,0.0,1,41.0
12300069,2023-10-20,1610612761,TOR,117.33333333333333,0.48700000000000004,0.3253333333333333,0.771,49.333333333333336,28.333333333333332,21.666666666666668,19.333333333333332,1.0,2023-10-20,1610612764,WAS,124.66666666666667,0.4796666666666667,0.373,0.863,47.666666666666664,27.0,14.333333333333334,31.333333333333332,1.0,1,36.0
22300069,2023-10-25,1610612761,TOR,121.5,0.49425,0.344,0.7635000000000001,52.0,30.25,20.0,23.5,1.0,2023-10-25,1610612750,MIN,117.6,0.49139999999999995,0.4074,0.7626,46.0,31.2,17.2,13.0,1.0,1,3.0
22300092,2023-10-28,1610612761,TOR,114.8,0.46420000000000006,0.3362,0.7264,52.0,28.6,17.2,16.6,0.8,2023-10-28,1610612755,PHI,114.2,0.461,0.3994,0.735,42.0,26.0,14.4,0.4,0.4,0,-7.0
22300105,2023-10-30,1610612761,TOR,109.4,0.44939999999999997,0.3742,0.7138,48.8,27.4,16.4,7.0,0.6,2023-10-30,1610612757,POR,109.0,0.445,0.278,0.7554000000000001,42.4,20.2,17.4,-12.2,0.0,0,-8.0
22300116,2023-11-01,1610612761,TOR,106.4,0.44420000000000004,0.3438,0.7078,49.6,27.0,14.8,4.6,0.4,2023-11-01,1610612749,MIL,115.0,0.465,0.3506,0.6904,43.0,24.2,16.0,-4.6,0.6,1,19.0
22300189,2023-11-13,1610612761,TOR,114.6,0.475,0.3448,0.7540000000000001,45.0,29.2,13.6,-0.2,0.6,2023-11-13,1610612764,WAS,117.0,0.4854,0.3814,0.7398,37.2,27.6,15.2,-4.8,0.2,1,4.0
22300195,2023-11-15,1610612761,TOR,110.8,0.46299999999999997,0.30579999999999996,0.7041999999999999,44.6,27.8,13.6,-3.2,0.6,2023-11-15,1610612749,MIL,117.6,0.48599999999999993,0.3184,0.7576,42.8,23.2,13.6,-0.4,0.6,0,-16.0
22300031,2023-11-17,1610612761,TOR,113.4,0.446,0.28900000000000003,0.7415999999999999,47.4,27.4,12.6,-3.4,0.6,2023-11-17,1610612738,BOS,114.4,0.47240000000000004,0.3654,0.7796,44.6,27.4,10.2,12.0,0.8,0,-3.0
22300211,2023-11-19,1610612761,TOR,109.8,0.4518,0.28259999999999996,0.7472000000000001,46.2,27.4,12.4,-5.4,0.4,2023-11-19,1610612765,DET,110.4,0.4676,0.2946,0.8253999999999999,48.6,27.6,16.6,-7.0,0.0,1,29.0
22300046,2023-11-24,1610612761,TOR,119.6,0.49160000000000004,0.38659999999999994,0.7482,45.4,31.2,14.8,-1.6,0.4,2023-11-24,1610612741,CHI,99.0,0.42560000000000003,0.3314,0.8623999999999998,41.0,20.4,13.6,-7.0,0.2,1,13.0
22300260,2023-11-29,1610612761,TOR,113.0,0.4744,0.3702,0.7337999999999999,44.0,26.2,14.6,-4.0,0.4,2023-11-29,1610612756,PHX,121.8,0.49560000000000004,0.3962,0.8336,42.6,26.6,13.6,9.6,1.0,1,7.0
22300276,2023-12-01,1610612761,TOR,114.0,0.46340000000000003,0.34419999999999995,0.7506,46.2,25.4,11.8,1.2,0.6,2023-12-01,1610612752,NYK,109.2,0.44279999999999997,0.3562,0.7588,45.8,20.2,12.2,2.4,0.6,0,-13.0
22301207,2023-12-06,1610612761,TOR,108.8,0.44480000000000003,0.3004,0.7252,46.6,26.6,10.8,-1.6,0.4,2023-12-06,1610612748,MIA,118.0,0.48719999999999997,0.3844,0.8214,39.2,25.6,11.6,-5.8,0.2,0,-9.0
22300313,2023-12-13,1610612761,TOR,113.4,0.46340000000000003,0.29660000000000003,0.7879999999999999,44.6,30.0,11.8,-4.8,0.2,2023-12-13,1610612737,ATL,121.4,0.45099999999999996,0.37620000000000003,0.8834,43.2,23.4,11.2,-5.6,0.2,1,7.0
22300330,2023-12-15,1610612761,TOR,118.0,0.488,0.32839999999999997,0.7582,44.2,32.8,12.8,-4.8,0.2,2023-12-15,1610612737,ATL,119.6,0.445,0.37920000000000004,0.8583999999999999,44.2,25.0,10.6,-7.4,0.0,0,-21.0
22300354,2023-12-18,1610612761,TOR,117.6,0.5038,0.35540000000000005,0.729,41.0,32.4,13.2,-6.4,0.2,2023-12-18,1610612766,CHA,105.2,0.4748,0.3624,0.8324,33.6,24.2,13.0,-13.6,0.2,1,15.0
22300369,2023-12-20,1610612761,TOR,119.8,0.5202,0.335,0.7162,42.0,32.6,13.8,-1.6,0.4,2023-12-20,1610612743,DEN,122.8,0.49879999999999997,0.42539999999999994,0.8061999999999999,47.0,29.4,10.2,12.6,0.8,0,-9.0
22300395,2023-12-23,1610612761,TOR,113.6,0.5064,0.3468,0.727,43.4,31.0,13.6,-3.6,0.4,2023-12-23,1610612762,UTA,117.2,0.488,0.3738,0.8608,43.0,27.0,13.0,0.8,0.6,0,-7.0
22300452,2024-01-01,1610612761,TOR,121.4,0.4932,0.392,0.7708,41.8,32.6,10.2,1.8,0.2,2024-01-01,1610612739,CLE,112.2,0.4588,0.32780000000000004,0.7036,44.2,31.4,11.6,-0.4,0.6,1,3.0
22300563,2024-01-15,1610612761,TOR,125.4,0.5338,0.4384,0.726,37.4,31.8,12.0,-5.8,0.2,2024-01-15,1610612738,BOS,124.6,0.47539999999999993,0.4096,0.7554000000000001,45.0,24.2,11.4,4.2,0.6,0,-9.0
22300574,2024-01-17,1610612761,TOR,118.6,0.5058,0.3932,0.708,40.4,30.6,10.6,-6.6,0.2,2024-01-17,1610612748,MIA,107.8,0.45599999999999996,0.368,0.8166,44.4,25.4,12.6,4.0,0.8,1,24.0
22300580,2024-01-18,1610612761,TOR,116.2,0.491,0.4074,0.716,40.4,29.8,11.2,-4.8,0.2,2024-01-18,1610612741,CHI,117.4,0.489,0.3844,0.7971999999999999,44.6,28.2,13.2,-1.7999999999999996,0.6,0,-6.0
22300609,2024-01-22,1610612761,TOR,108.0,0.4524,0.3476,0.6882,39.4,28.8,10.8,-9.8,0.2,2024-01-22,1610612763,MEM,105.6,0.4208,0.3476,0.7687999999999999,37.8,26.2,12.2,-11.2,0.2,0,-8.0
22300637,2024-01-26,1610612761,TOR,105.4,0.4546,0.31720000000000004,0.739,42.6,30.0,11.6,-5.0,0.2,2024-01-26,1610612746,LAC,122.6,0.5244,0.4808,0.7692,39.4,27.8,11.2,7.6,0.8,0,-20.0
22300744,2024-02-09,1610612761,TOR,114.8,0.4880000000000001,0.41080000000000005,0.792,40.4,29.2,14.2,-11.6,0.4,2024-02-09,1610612745,HOU,117.6,0.47820000000000007,0.3592,0.7862,44.6,26.2,12.0,2.0,0.4,1,3.0
22300756,2024-02-10,1610612761,TOR,112.6,0.4686,0.37479999999999997,0.791,41.0,27.2,12.6,-13.2,0.4,2024-02-10,1610612739,CLE,118.6,0.5115999999999999,0.4008,0.7928,47.6,28.8,12.0,16.0,1.0,0,-24.0
22300764,2024-02-12,1610612761,TOR,110.4,0.461,0.36619999999999997,0.7802,41.6,28.2,12.0,-12.2,0.4,2024-02-12,1610612759,SAS,106.4,0.4433999999999999,0.3036,0.7804,44.6,27.4,14.2,-13.0,0.0,0,-23.0
22300782,2024-02-14,1610612761,TOR,104.8,0.44560000000000005,0.3378,0.7807999999999999,41.4,25.6,13.6,-15.2,0.4,2024-02-14,1610612754,IND,116.6,0.5428,0.38780000000000003,0.6658000000000001,35.4,32.2,12.6,0.4,0.6,0,-2.0
22300795,2024-02-22,1610612761,TOR,109.8,0.4524000000000001,0.3194,0.7936,45.0,26.2,13.0,-8.0,0.4,2024-02-22,1610612751,BKN,104.2,0.45779999999999993,0.4084,0.7933999999999999,37.2,28.2,11.2,-14.6,0.2,1,28.0
22300844,2024-02-28,1610612761,TOR,119.6,0.48760000000000003,0.35100000000000003,0.8166,48.0,30.2,13.2,2.6,0.6,2024-02-28,1610612742,DAL,116.2,0.49139999999999995,0.385,0.705,44.8,23.4,12.2,3.4,0.6,0,-11.0
22300860,2024-03-01,1610612761,TOR,124.8,0.5018,0.37360000000000004,0.7874,47.4,32.0,11.6,5.0,0.6,2024-03-01,1610612744,GSW,112.2,0.45499999999999996,0.3598,0.7285999999999999,48.0,30.4,15.2,7.4,0.8,0,-15.0
22300875,2024-03-03,1610612761,TOR,120.8,0.4862,0.38079999999999997,0.7706,45.6,32.2,11.4,2.4,0.6,2024-03-03,1610612766,CHA,95.0,0.4356,0.3162,0.7844,39.0,23.4,12.6,-11.4,0.2,1,5.0
22300890,2024-03-05,1610612761,TOR,118.8,0.48100000000000004,0.3588,0.7596,45.6,32.8,12.2,-2.2,0.6,2024-03-05,1610612740,NOP,111.8,0.47220000000000006,0.39719999999999994,0.7654,46.8,23.8,14.2,4.4,0.4,0,-41.0
22300963,2024-03-15,1610612761,TOR,110.4,0.4526,0.3296,0.7348000000000001,40.6,28.4,12.4,-14.6,0.0,2024-03-15,1610612753,ORL,101.0,0.4640000000000001,0.3504,0.7332000000000001,40.0,20.6,13.8,-1.6,0.6,0,-10.0
22300999,2024-03-20,1610612761,TOR,108.0,0.46559999999999996,0.3318,0.7866,39.8,27.6,15.0,-10.0,0.0,2024-03-20,1610612758,SAC,113.0,0.46180000000000004,0.337,0.8107999999999999,48.0,28.0,12.2,8.6,0.6,0,-34.0
22301012,2024-03-22,1610612761,TOR,102.2,0.45360000000000006,0.322,0.7626000000000001,37.4,26.0,15.2,-14.8,0.0,2024-03-22,1610612760,OKC,119.6,0.49800000000000005,0.37439999999999996,0.8316000000000001,44.0,28.4,11.2,9.2,0.8,0,-20.0
22301036,2024-03-25,1610612761,TOR,100.0,0.4548,0.3204,0.7638,37.2,25.8,18.6,-16.4,0.0,2024-03-25,1610612751,BKN,101.4,0.4304,0.3212,0.7822,45.0,24.2,14.8,-12.0,0.0,0,-8.0
22301053,2024-03-27,1610612761,TOR,97.0,0.44800000000000006,0.275,0.7838,35.2,25.6,17.6,-16.0,0.0,2024-03-27,1610612752,NYK,109.2,0.46679999999999994,0.3606,0.7220000000000001,45.2,26.2,11.0,7.6,0.8,0,-44.0
22301080,2024-03-31,1610612761,TOR,98.0,0.45280000000000004,0.2944,0.7818,33.4,27.2,17.6,-21.8,0.0,2024-03-31,1610612755,PHI,106.4,0.44299999999999995,0.364,0.8253999999999999,43.8,23.0,10.4,-1.8,0.2,0,-15.0
22301094,2024-04-02,1610612761,TOR,104.2,0.4746,0.3032,0.7874000000000001,33.2,29.2,15.8,-18.0,0.0,2024-04-02,1610612747,LAL,124.0,0.4918000000000001,0.37700000000000006,0.8455999999999999,50.2,27.4,15.4,2.8,0.8,0,-17.0
22301137,2024-04-07,1610612761,TOR,106.8,0.4584,0.33140000000000003,0.821,38.6,26.0,16.6,-23.6,0.2,2024-04-07,1610612764,WAS,106.6,0.45920000000000005,0.27599999999999997,0.7918,43.4,25.0,14.0,-5.6,0.2,1,8.0
22301146,2024-04-09,1610612761,TOR,112.6,0.4676,0.33140000000000003,0.7864,42.8,26.4,15.6,-13.2,0.4,2024-04-09,1610612754,IND,119.2,0.496,0.34299999999999997,0.8855999999999999,42.8,29.2,9.0,10.6,0.8,0,-17.0
12300037,2023-10-14,1610612762,UTA,99.5,0.4235,0.264,0.7585,49.5,22.5,18.0,0.0,0.5,2023-10-14,1610612757,POR,108.5,0.4755,0.4175,0.814,44.5,27.0,19.0,14.5,0.5,1,5.0
12300048,2023-10-16,1610612762,UTA,112.33333333333333,0.4716666666666667,0.34833333333333333,0.801,45.666666666666664,26.0,18.333333333333332,1.6666666666666667,0.6666666666666666,2023-10-16,15020,NZB,66.0,0.301,0.158,0.667,40.0,14.0,21.0,-40.0,0.0,1,20.0
22300072,2023-10-25,1610612762,UTA,112.8,0.4772,0.3416,0.7392000000000001,47.2,26.4,17.6,4.4,0.6,2023-10-25,1610612758,SAC,109.2,0.43079999999999996,0.30920000000000003,0.7407999999999999,42.0,28.4,15.0,-5.0,0.2,0,-16.0
22300085,2023-10-27,1610612762,UTA,115.4,0.47800000000000004,0.34640000000000004,0.7542,47.8,26.4,16.4,0.2,0.4,2023-10-27,1610612746,LAC,105.6,0.45359999999999995,0.3084,0.7796,46.6,24.4,15.2,2.4,0.6,1,2.0
22300125,2023-11-01,1610612762,UTA,110.6,0.4434,0.3204,0.6990000000000001,49.4,26.4,14.6,-9.4,0.2,2023-11-01,1610612763,MEM,108.0,0.44220000000000004,0.3472,0.78,43.8,24.4,15.8,-8.2,0.0,1,24.0
22300130,2023-11-02,1610612762,UTA,114.6,0.4596,0.36879999999999996,0.7365999999999999,49.0,28.0,15.8,-4.0,0.4,2023-11-02,1610612753,ORL,106.4,0.46020000000000005,0.3226,0.7278,45.0,23.2,14.0,9.8,0.6,0,-2.0
22300023,2023-11-14,1610612762,UTA,113.2,0.4662,0.3816,0.8506,44.8,26.6,20.0,-11.4,0.2,2023-11-14,1610612757,POR,110.6,0.454,0.33140000000000003,0.7866,43.0,24.0,15.6,-2.0,0.4,1,16.0
22300035,2023-11-17,1610612762,UTA,113.6,0.46659999999999996,0.36920000000000003,0.891,45.6,26.4,18.4,-7.8,0.4,2023-11-17,1610612756,PHX,117.4,0.471,0.40800000000000003,0.85,46.4,26.8,15.6,3.6,0.6,0,-3.0
22300214,2023-11-19,1610612762,UTA,120.2,0.49079999999999996,0.4022,0.9057999999999999,45.6,27.8,16.4,-2.8,0.4,2023-11-19,1610612756,PHX,119.6,0.4756,0.4408,0.8475999999999999,45.0,28.0,13.6,1.4,0.6,0,-3.0
22300243,2023-11-25,1610612762,UTA,116.8,0.4484,0.329,0.8286,47.2,26.0,14.6,-7.6,0.2,2023-11-25,1610612740,NOP,119.4,0.5076,0.403,0.7404,46.4,29.4,12.2,11.0,0.8,1,5.0
22300256,2023-11-27,1610612762,UTA,114.8,0.44320000000000004,0.3384,0.8068,47.2,25.4,16.8,-9.8,0.2,2023-11-27,1610612740,NOP,116.4,0.4868,0.3598,0.7577999999999999,47.0,29.0,13.0,9.0,0.6,1,2.0
22300289,2023-12-02,1610612762,UTA,101.0,0.4164,0.352,0.7929999999999999,45.8,25.4,18.0,-6.8,0.4,2023-12-02,1610612757,POR,109.4,0.4664,0.43879999999999997,0.8146000000000001,37.0,24.2,16.2,1.8,0.6,1,5.0
22301225,2023-12-08,1610612762,UTA,102.0,0.4136,0.3316,0.7916000000000001,46.4,25.6,16.4,-13.6,0.4,2023-12-08,1610612746,LAC,114.6,0.46820000000000006,0.39039999999999997,0.7928,44.0,24.8,9.0,1.8,0.6,0,-14.0
22300318,2023-12-13,1610612762,UTA,105.6,0.44000000000000006,0.3,0.8512000000000001,46.2,25.2,16.6,-16.8,0.2,2023-12-13,1610612752,NYK,123.6,0.513,0.4258,0.7598,41.2,29.2,13.4,-1.8,0.6,1,4.0
22300357,2023-12-18,1610612762,UTA,113.2,0.4688,0.3288,0.8214,43.2,28.2,13.2,-7.4,0.4,2023-12-18,1610612751,BKN,115.8,0.4628,0.3628,0.8278000000000001,45.4,26.8,12.4,-1.8,0.4,1,17.0
22300439,2023-12-30,1610612762,UTA,119.2,0.48319999999999996,0.3854,0.8832000000000001,43.6,29.2,14.2,2.4,0.6,2023-12-30,1610612748,MIA,115.6,0.4756,0.40360000000000007,0.7994,45.4,25.2,12.8,6.4,0.8,1,8.0
22300457,2024-01-01,1610612762,UTA,119.4,0.47300000000000003,0.3524,0.8618,44.6,30.2,13.0,5.6,0.8,2024-01-01,1610612742,DAL,124.8,0.5,0.39380000000000004,0.8098000000000001,41.8,25.8,11.6,7.6,0.6,1,37.0
22300474,2024-01-03,1610612762,UTA,121.0,0.48360000000000003,0.3336,0.8672000000000001,46.4,32.4,13.0,11.4,0.8,2024-01-03,1610612765,DET,118.2,0.479,0.3984,0.7452,44.6,25.8,14.4,-8.8,0.2,1,6.0
22300524,2024-01-10,1610612762,UTA,126.0,0.4968,0.3342,0.837,49.6,30.2,15.0,8.2,0.8,2024-01-10,1610612743,DEN,117.0,0.5151999999999999,0.3308,0.8066000000000001,38.4,29.6,11.6,2.0,0.6,1,13.0
22300540,2024-01-12,1610612762,UTA,125.4,0.5056,0.35840000000000005,0.8134,47.0,29.6,15.8,3.4,0.8,2024-01-12,1610612761,TOR,126.0,0.5438,0.43079999999999996,0.7484,40.4,31.8,11.8,1.6,0.4,1,32.0
22300549,2024-01-13,1610612762,UTA,123.6,0.5144,0.35600000000000004,0.7844,49.6,30.8,16.0,8.6,0.8,2024-01-13,1610612747,LAL,111.2,0.49420000000000003,0.339,0.7454,40.2,29.0,17.2,-8.4,0.4,1,7.0
22300564,2024-01-15,1610612762,UTA,130.6,0.5324,0.3856,0.8338000000000001,48.6,31.8,14.4,15.8,1.0,2024-01-15,1610612754,IND,116.2,0.5048,0.37439999999999996,0.788,42.6,30.4,14.6,0.6,0.6,1,27.0
22300581,2024-01-18,1610612762,UTA,133.0,0.5286000000000001,0.4202,0.8443999999999999,48.2,31.6,12.6,19.0,1.0,2024-01-18,1610612760,OKC,120.2,0.5085999999999999,0.3646,0.8460000000000001,44.4,30.6,11.0,12.8,0.6,0,-5.0
22300686,2024-02-01,1610612762,UTA,119.6,0.4894,0.3666,0.7939999999999999,45.2,29.0,13.4,-10.0,0.4,2024-02-01,1610612755,PHI,114.2,0.48279999999999995,0.2738,0.7978,38.2,21.0,11.4,-9.2,0.2,0,-3.0
22300711,2024-02-04,1610612762,UTA,119.6,0.49939999999999996,0.3666,0.8074,46.2,30.8,13.6,-4.8,0.4,2024-02-04,1610612749,MIL,118.6,0.4896,0.383,0.7260000000000001,42.2,27.2,12.6,3.0,0.4,1,15.0
22300724,2024-02-06,1610612762,UTA,119.6,0.493,0.36,0.8074,46.2,30.2,13.8,-4.8,0.4,2024-02-06,1610612760,OKC,114.2,0.4812,0.3892,0.8036,44.6,26.6,11.8,2.2,0.6,1,7.0
22300769,2024-02-12,1610612762,UTA,117.8,0.4812,0.359,0.8109999999999999,47.6,29.4,14.2,-2.0,0.4,2024-02-12,1610612744,GSW,122.8,0.48260000000000003,0.374,0.7426,54.0,29.2,13.8,10.0,0.8,0,-22.0
22300788,2024-02-14,1610612762,UTA,118.6,0.4798,0.3612,0.833,47.8,29.4,14.8,-3.4,0.4,2024-02-14,1610612747,LAL,121.4,0.5160000000000001,0.3588,0.8196,40.8,31.0,10.0,7.4,0.8,0,-16.0
22300576,2024-02-15,1610612762,UTA,118.2,0.4734,0.3568,0.8108000000000001,48.0,28.0,15.6,-6.0,0.4,2024-02-15,1610612744,GSW,125.0,0.48819999999999997,0.441,0.7148,50.2,32.2,12.8,12.6,0.8,0,-3.0
22300801,2024-02-22,1610612762,UTA,121.0,0.4692,0.3694,0.8254000000000001,47.2,28.4,15.6,-9.6,0.2,2024-02-22,1610612766,CHA,109.8,0.487,0.37320000000000003,0.784,44.2,25.6,14.0,-0.2,0.6,0,-8.0
22300825,2024-02-25,1610612762,UTA,117.6,0.4518,0.3356,0.8231999999999999,48.4,27.8,16.0,-12.6,0.0,2024-02-25,1610612759,SAS,111.6,0.44659999999999994,0.3552,0.8049999999999999,44.0,31.2,12.8,-6.0,0.2,1,19.0
22300882,2024-03-04,1610612762,UTA,111.8,0.44420000000000004,0.36760000000000004,0.8523999999999999,42.8,27.0,15.2,-6.0,0.2,2024-03-04,1610612764,WAS,113.8,0.4624,0.3296,0.7604,41.6,29.4,13.4,-17.8,0.0,1,12.0
22300898,2024-03-06,1610612762,UTA,115.8,0.45519999999999994,0.4013999999999999,0.8479999999999999,42.2,27.6,13.6,-2.0,0.4,2024-03-06,1610612741,CHI,110.2,0.4298,0.2992,0.8493999999999999,47.6,26.6,10.4,-1.0,0.6,0,-2.0
22300943,2024-03-12,1610612762,UTA,118.4,0.4702,0.3718,0.8338000000000001,42.2,25.6,11.8,-5.0,0.2,2024-03-12,1610612738,BOS,118.2,0.48020000000000007,0.3908,0.7622,47.8,29.2,9.4,15.4,0.6,0,-16.0
22300966,2024-03-15,1610612762,UTA,118.4,0.4806,0.3792,0.8513999999999999,42.4,25.2,11.2,-6.6,0.2,2024-03-15,1610612737,ATL,106.4,0.4586,0.3696,0.7272000000000001,43.8,24.2,12.4,3.4,0.6,1,2.0
22300974,2024-03-16,1610612762,UTA,119.2,0.4862,0.37700000000000006,0.8622,43.8,25.2,11.4,-5.0,0.4,2024-03-16,1610612750,MIN,112.6,0.4648,0.33039999999999997,0.7744,43.8,25.8,10.4,1.0,0.6,0,-19.0
22300987,2024-03-18,1610612762,UTA,113.8,0.4808,0.3432,0.8602000000000001,43.8,24.0,12.2,-11.2,0.2,2024-03-18,1610612750,MIN,112.6,0.4582,0.3444,0.783,44.6,26.4,9.8,3.8,0.6,0,-10.0
22301041,2024-03-25,1610612762,UTA,105.4,0.4546,0.2754,0.8802,44.6,24.2,15.0,-17.0,0.0,2024-03-25,1610612742,DAL,112.2,0.49060000000000004,0.3078,0.7506,45.0,28.2,13.6,5.4,0.8,0,-10.0
22301058,2024-03-27,1610612762,UTA,106.4,0.44800000000000006,0.2958,0.8724000000000001,43.6,25.2,14.4,-15.2,0.0,2024-03-27,1610612759,SAS,107.2,0.4406,0.2634,0.795,45.6,27.0,14.0,-4.8,0.4,0,-7.0
22301072,2024-03-29,1610612762,UTA,107.8,0.4492,0.2824,0.8827999999999999,41.4,25.2,15.2,-14.6,0.0,2024-03-29,1610612745,HOU,130.6,0.49140000000000017,0.38380000000000003,0.8378,47.0,25.4,10.8,17.0,1.0,0,-1.0
22301100,2024-04-02,1610612762,UTA,108.2,0.4433999999999999,0.3298,0.8615999999999999,41.2,24.4,15.0,-13.4,0.0,2024-04-02,1610612739,CLE,105.6,0.49160000000000004,0.3818,0.7154,34.8,31.6,14.0,-9.4,0.4,0,-16.0
22301154,2024-04-09,1610612762,UTA,106.2,0.442,0.3618,0.8338000000000001,37.8,22.4,15.4,-15.0,0.0,2024-04-09,1610612743,DEN,116.0,0.4896,0.4242,0.7478,49.4,31.6,12.8,10.2,0.6,0,-16.0
22301168,2024-04-11,1610612762,UTA,105.2,0.4286,0.3748,0.8444,36.4,21.6,14.2,-18.0,0.0,2024-04-11,1610612745,HOU,114.8,0.4522000000000001,0.3508,0.7908,36.0,26.2,11.4,-8.8,0.2,1,3.0
12300018,2023-10-10,1610612763,MEM,127.0,0.463,0.211,0.905,47.0,27.0,15.0,5.0,1.0,2023-10-10,1610612749,MIL,105.0,0.482,0.303,0.813,46.0,28.0,17.0,3.0,1.0,1,6.0
22300071,2023-10-25,1610612763,MEM,115.4,0.4462,0.3168,0.7596,45.6,27.0,16.0,-1.2,0.4,2023-10-25,1610612740,NOP,100.25,0.44,0.30525,0.6805,43.5,24.75,21.0,-10.75,0.25,0,-7.0
22300078,2023-10-27,1610612763,MEM,110.8,0.4372,0.33039999999999997,0.7385999999999999,43.6,26.2,15.6,-3.6,0.2,2023-10-27,1610612743,DEN,113.0,0.4852,0.35300000000000004,0.7522,41.4,27.8,15.0,3.4,0.6,0,-4.0
22300106,2023-10-30,1610612763,MEM,110.8,0.44299999999999995,0.3524,0.8242,42.2,25.0,15.0,-6.8,0.0,2023-10-30,1610612742,DAL,116.8,0.4457999999999999,0.3626,0.7418,46.0,23.4,12.6,2.0,0.6,0,-15.0
22300164,2023-11-08,1610612763,MEM,110.0,0.44939999999999997,0.3466,0.7529999999999999,45.6,26.0,15.2,-7.2,0.2,2023-11-08,1610612748,MIA,107.6,0.4748,0.369,0.8061999999999999,41.8,27.6,16.0,-4.0,0.4,0,-6.0
22300012,2023-11-10,1610612763,MEM,109.2,0.44139999999999996,0.3252,0.703,44.2,24.6,14.6,-7.0,0.2,2023-11-10,1610612762,UTA,114.4,0.4664,0.3868,0.8059999999999998,47.2,28.0,20.4,-7.8,0.2,0,-6.0
22300213,2023-11-19,1610612763,MEM,111.0,0.4194,0.344,0.765,38.8,23.8,12.2,-4.6,0.4,2023-11-19,1610612738,BOS,115.4,0.48460000000000003,0.37120000000000003,0.789,44.8,27.6,9.8,13.2,1.0,0,-2.0
22300044,2023-11-24,1610612763,MEM,104.6,0.3942,0.32639999999999997,0.8126000000000001,41.4,24.2,11.0,-6.6,0.4,2023-11-24,1610612756,PHX,129.4,0.5252000000000001,0.4596,0.8948,38.6,30.0,12.4,9.0,1.0,0,-21.0
22300249,2023-11-26,1610612763,MEM,101.4,0.40280000000000005,0.3176,0.7826000000000001,40.2,23.6,10.4,-11.6,0.2,2023-11-26,1610612750,MIN,115.2,0.48600000000000004,0.33540000000000003,0.8184000000000001,41.8,26.0,12.6,0.0,0.6,0,-22.0
22300261,2023-11-29,1610612763,MEM,99.4,0.4064,0.2962,0.7734,40.6,22.8,11.2,-10.6,0.2,2023-11-29,1610612762,UTA,112.0,0.426,0.3204,0.8032,48.0,26.2,17.2,-8.8,0.4,1,14.0
22301221,2023-12-08,1610612763,MEM,107.0,0.4676,0.328,0.7949999999999999,44.8,23.4,14.2,2.6,0.6,2023-12-08,1610612750,MIN,110.2,0.4636,0.3782,0.8178000000000001,46.2,24.6,13.8,10.0,1.0,0,-24.0
22300299,2023-12-11,1610612763,MEM,108.2,0.47640000000000005,0.3598,0.8016,43.4,23.4,13.4,2.2,0.6,2023-12-11,1610612742,DAL,121.4,0.472,0.35660000000000003,0.7468,43.2,28.2,11.0,9.8,0.6,0,-7.0
22300332,2023-12-15,1610612763,MEM,109.0,0.4574,0.3628,0.7918000000000001,38.2,23.0,13.2,-7.4,0.2,2023-12-15,1610612745,HOU,106.2,0.42200000000000004,0.3652,0.7555999999999999,54.4,23.2,15.8,6.2,0.8,0,-7.0
22300377,2023-12-21,1610612763,MEM,105.0,0.4286,0.3244,0.7804,42.4,22.8,16.8,-8.8,0.2,2023-12-21,1610612754,IND,125.8,0.5056,0.3586,0.8173999999999999,39.6,33.0,14.0,-7.8,0.2,1,13.0
22300449,2023-12-31,1610612763,MEM,113.6,0.4626,0.34500000000000003,0.7434,42.2,26.4,13.8,-5.6,0.6,2023-12-31,1610612758,SAC,113.4,0.4878,0.33019999999999994,0.6798,38.4,28.8,10.4,-6.4,0.4,0,-31.0
22300460,2024-01-02,1610612763,MEM,108.8,0.43339999999999995,0.3136,0.7528,40.8,25.0,11.8,-14.4,0.4,2024-01-02,1610612759,SAS,116.8,0.4633999999999999,0.34740000000000004,0.7548,41.6,32.0,11.2,-12.6,0.2,1,8.0
22300470,2024-01-03,1610612763,MEM,105.0,0.42299999999999993,0.3102,0.7856,39.8,24.0,12.6,-14.0,0.4,2024-01-03,1610612761,TOR,124.0,0.5002,0.41079999999999994,0.7444,42.0,31.6,10.0,4.4,0.4,0,-5.0
22300537,2024-01-12,1610612763,MEM,117.0,0.47059999999999996,0.38180000000000003,0.8098000000000001,48.2,27.6,15.0,8.0,0.8,2024-01-12,1610612746,LAC,121.8,0.5176000000000001,0.45640000000000003,0.868,41.2,28.0,11.8,11.2,0.8,0,-9.0
22300544,2024-01-13,1610612763,MEM,119.6,0.46440000000000003,0.4004,0.7906,48.2,28.8,13.8,4.6,0.6,2024-01-13,1610612752,NYK,120.2,0.4808,0.3862,0.8617999999999999,49.2,27.2,13.6,18.4,0.8,0,-12.0
22300560,2024-01-15,1610612763,MEM,116.2,0.462,0.37639999999999996,0.7956,46.6,29.2,14.2,3.2,0.6,2024-01-15,1610612744,GSW,118.8,0.47040000000000004,0.3752,0.7964,43.2,28.0,10.6,-9.8,0.4,1,9.0
22300638,2024-01-26,1610612763,MEM,105.6,0.43420000000000003,0.3892,0.7396,39.8,26.8,14.6,-3.6,0.6,2024-01-26,1610612753,ORL,103.0,0.4593999999999999,0.33940000000000003,0.7545999999999999,40.0,22.8,13.0,-4.4,0.4,1,1.0
22300663,2024-01-29,1610612763,MEM,105.2,0.454,0.3794,0.7216,42.2,27.6,14.8,-3.4,0.6,2024-01-29,1610612758,SAC,122.8,0.509,0.39919999999999994,0.7288,38.6,28.6,11.2,2.8,0.6,0,-9.0
22300687,2024-02-01,1610612763,MEM,104.8,0.4436,0.3896,0.7064,43.2,26.4,14.6,0.6,0.6,2024-02-01,1610612739,CLE,120.0,0.49939999999999996,0.385,0.787,41.6,25.8,11.2,9.2,0.8,0,-7.0
22300693,2024-02-02,1610612763,MEM,103.4,0.4332,0.3764,0.7661999999999999,42.4,25.4,14.0,-2.4,0.4,2024-02-02,1610612744,GSW,127.4,0.5252000000000001,0.4314,0.7986,43.8,30.6,15.0,4.6,0.4,0,-20.0
22300737,2024-02-08,1610612763,MEM,100.0,0.4162,0.3676,0.7596,39.6,25.8,15.4,-17.2,0.0,2024-02-08,1610612741,CHI,114.4,0.48739999999999994,0.33940000000000003,0.7854,42.4,24.8,12.0,0.4,0.6,0,-8.0
22300766,2024-02-12,1610612763,MEM,104.2,0.44480000000000003,0.3832,0.6561999999999999,36.8,28.2,14.4,-17.4,0.0,2024-02-12,1610612740,NOP,116.8,0.5038,0.363,0.7831999999999999,41.0,30.0,10.6,8.4,0.8,0,-9.0
22300783,2024-02-14,1610612763,MEM,101.4,0.4484,0.377,0.6896,36.6,27.8,15.2,-15.2,0.0,2024-02-14,1610612745,HOU,108.2,0.4408,0.379,0.7096,46.8,22.4,15.0,-6.8,0.2,1,8.0
22300790,2024-02-15,1610612763,MEM,107.4,0.47120000000000006,0.40499999999999997,0.6596,36.6,29.4,13.4,-5.6,0.2,2024-02-15,1610612749,MIL,108.0,0.46180000000000004,0.3798,0.7394000000000001,44.2,27.6,12.0,-1.0,0.4,1,3.0
22300807,2024-02-23,1610612763,MEM,107.4,0.4746,0.3914,0.661,37.6,28.8,13.0,-3.0,0.4,2024-02-23,1610612746,LAC,111.0,0.454,0.34920000000000007,0.8646,39.6,23.6,13.8,-8.6,0.4,0,-6.0
22300830,2024-02-26,1610612763,MEM,104.4,0.46580000000000005,0.35900000000000004,0.6756,39.0,28.8,13.6,-2.6,0.4,2024-02-26,1610612751,BKN,99.6,0.438,0.34920000000000007,0.79,40.8,25.0,12.8,-16.2,0.2,0,-25.0
22300861,2024-03-01,1610612763,MEM,103.2,0.44320000000000004,0.3448,0.7422000000000001,43.4,24.4,13.4,-5.8,0.4,2024-03-01,1610612757,POR,97.6,0.40599999999999997,0.2784,0.7394000000000001,44.0,21.4,14.6,-17.4,0.0,0,-30.0
22300868,2024-03-02,1610612763,MEM,97.4,0.433,0.33399999999999996,0.7238,40.2,22.0,15.4,-13.4,0.2,2024-03-02,1610612757,POR,100.2,0.4208,0.2864,0.742,44.4,22.4,14.2,-9.0,0.2,0,-7.0
22300913,2024-03-08,1610612763,MEM,102.8,0.421,0.3444,0.7874000000000001,45.8,21.2,18.0,-7.2,0.4,2024-03-08,1610612737,ATL,110.2,0.47359999999999997,0.335,0.7712,45.8,24.2,12.4,3.0,0.6,0,-7.0
22300940,2024-03-12,1610612763,MEM,101.2,0.418,0.3536,0.7692,45.2,22.0,16.8,-7.0,0.4,2024-03-12,1610612764,WAS,112.2,0.465,0.3364,0.8011999999999999,42.2,28.2,11.8,-6.6,0.4,1,12.0
22300950,2024-03-13,1610612763,MEM,103.0,0.43520000000000003,0.327,0.7796000000000001,46.8,23.2,15.8,-3.2,0.6,2024-03-13,1610612766,CHA,100.4,0.4508,0.3132,0.7824,41.8,22.8,14.0,-7.0,0.2,0,-12.0
22300972,2024-03-16,1610612763,MEM,101.4,0.4274,0.3422,0.7978,46.0,22.8,16.4,-6.4,0.4,2024-03-16,1610612760,OKC,119.2,0.5074,0.392,0.859,42.8,27.8,12.4,8.6,0.8,0,-6.0
22301055,2024-03-27,1610612763,MEM,108.2,0.4138,0.34419999999999995,0.7382000000000001,44.2,25.6,13.4,-12.0,0.2,2024-03-27,1610612747,LAL,127.2,0.49560000000000015,0.39099999999999996,0.8526,50.2,30.2,13.0,8.0,0.8,0,-12.0
22301121,2024-04-05,1610612763,MEM,107.2,0.4346,0.32300000000000006,0.7624,44.4,26.6,13.4,-11.0,0.4,2024-04-05,1610612765,DET,101.4,0.42960000000000004,0.3102,0.8276,40.6,20.4,12.2,-8.2,0.2,1,18.0
22301129,2024-04-06,1610612763,MEM,108.2,0.4492,0.3376,0.8039999999999999,46.2,26.4,14.6,-2.4,0.6,2024-04-06,1610612755,PHI,114.8,0.48840000000000006,0.4338,0.8433999999999999,43.0,25.6,12.6,3.8,0.6,0,-20.0
22301151,2024-04-09,1610612763,MEM,102.6,0.4372,0.3278,0.7889999999999999,47.2,24.6,15.4,-4.0,0.6,2024-04-09,1610612759,SAS,117.0,0.46819999999999995,0.3648,0.7634000000000001,48.6,32.6,16.4,-2.0,0.4,0,-15.0
22301177,2024-04-12,1610612763,MEM,100.0,0.425,0.3222,0.8119999999999999,48.0,22.4,13.2,-3.8,0.4,2024-04-12,1610612747,LAL,121.2,0.5010000000000001,0.371,0.739,43.4,29.4,13.8,3.4,0.6,0,-3.0
22301193,2024-04-14,1610612763,MEM,101.8,0.41459999999999997,0.34859999999999997,0.8328,45.6,21.2,14.2,-6.4,0.2,2024-04-14,1610612743,DEN,117.8,0.5168,0.41079999999999994,0.6826000000000001,43.6,31.4,11.4,10.8,0.6,0,-15.0
12300025,2023-10-12,1610612764,WAS,145.0,0.586,0.455,0.824,48.0,32.0,15.0,63.0,1.0,2023-10-12,1610612766,CHA,109.0,0.387,0.263,0.818,52.0,19.0,16.0,-4.0,0.0,1,6.0
22300089,2023-10-28,1610612764,WAS,118.4,0.45439999999999997,0.35019999999999996,0.8310000000000001,46.0,26.2,13.4,7.0,0.6,2023-10-28,1610612763,MEM,110.0,0.4404,0.3332,0.7506,43.4,25.2,16.2,-5.6,0.0,1,7.0
22300103,2023-10-30,1610612764,WAS,112.0,0.4232,0.3288,0.8208,45.4,24.6,12.6,-4.2,0.6,2023-10-30,1610612738,BOS,117.8,0.4756,0.367,0.7694000000000001,49.8,24.4,14.6,12.8,1.0,0,-19.0
22300009,2023-11-10,1610612764,WAS,120.4,0.5032,0.3702,0.6928000000000001,36.6,29.6,15.0,-7.4,0.2,2023-11-10,1610612766,CHA,119.8,0.5076,0.3304,0.7968,42.8,24.8,13.2,-8.4,0.2,0,-7.0
22300192,2023-11-15,1610612764,WAS,115.6,0.4742,0.381,0.784,38.8,27.4,15.6,-4.2,0.2,2023-11-15,1610612742,DAL,124.6,0.4816000000000001,0.39039999999999997,0.7485999999999999,39.4,26.0,12.6,2.6,0.6,0,-13.0
22300028,2023-11-17,1610612764,WAS,113.4,0.46880000000000005,0.3652,0.7891999999999999,40.4,25.8,14.2,-3.2,0.2,2023-11-17,1610612752,NYK,116.0,0.4726,0.4312,0.782,42.8,25.4,11.0,8.6,0.8,0,-21.0
22300219,2023-11-20,1610612764,WAS,106.8,0.462,0.344,0.8168,38.8,25.6,15.0,-10.6,0.0,2023-11-20,1610612749,MIL,121.0,0.5112,0.4018,0.751,44.0,26.8,13.2,9.6,0.8,0,-13.0
22300241,2023-11-25,1610612764,WAS,117.4,0.48480000000000006,0.348,0.845,39.4,26.4,9.6,-10.6,0.0,2023-11-25,1610612737,ATL,131.0,0.5105999999999999,0.39319999999999994,0.8488,41.4,26.4,14.2,-1.8,0.4,0,-28.0
22301208,2023-12-06,1610612764,WAS,121.4,0.4904,0.3712,0.844,40.4,28.8,13.4,-7.2,0.2,2023-12-06,1610612755,PHI,119.4,0.466,0.3814,0.8192,43.4,25.6,13.6,3.8,0.4,0,-5.0
22300311,2023-12-13,1610612764,WAS,113.8,0.4768,0.343,0.768,37.2,26.4,14.6,-20.2,0.0,2023-12-13,1610612740,NOP,115.2,0.476,0.3382,0.8064,42.4,24.8,12.0,-2.2,0.6,0,-20.0
22300328,2023-12-15,1610612764,WAS,114.2,0.485,0.3536,0.7722,38.0,26.4,15.6,-20.4,0.0,2023-12-15,1610612754,IND,123.2,0.466,0.3312,0.8093999999999999,42.4,29.6,12.0,-0.2,0.6,1,14.0
22300407,2023-12-26,1610612764,WAS,122.4,0.4896,0.3946,0.7764,41.2,27.4,11.6,-2.4,0.4,2023-12-26,1610612753,ORL,109.0,0.46299999999999997,0.30619999999999997,0.7524,44.2,24.0,12.0,-8.0,0.2,0,-8.0
22300416,2023-12-27,1610612764,WAS,118.8,0.47540000000000004,0.3746,0.7846,41.2,25.6,12.2,-6.8,0.2,2023-12-27,1610612761,TOR,110.4,0.48719999999999997,0.32220000000000004,0.7538,41.8,30.2,13.0,-6.4,0.2,0,-30.0
22300430,2023-12-29,1610612764,WAS,117.6,0.4866,0.36219999999999997,0.7580000000000001,39.2,25.8,13.4,-12.0,0.2,2023-12-29,1610612751,BKN,117.0,0.4636,0.3516,0.752,44.2,28.0,9.8,-5.8,0.4,1,6.0
22300445,2023-12-31,1610612764,WAS,113.4,0.484,0.34640000000000004,0.6772,40.0,26.2,12.4,-8.4,0.4,2023-12-31,1610612737,ATL,117.8,0.4556,0.3434,0.8064,43.8,28.2,12.4,-4.0,0.2,0,-4.0
22300494,2024-01-06,1610612764,WAS,105.8,0.4548,0.3202,0.6188,37.2,25.8,11.0,-18.2,0.2,2024-01-06,1610612752,NYK,118.0,0.4708,0.36920000000000003,0.833,46.4,25.0,13.6,7.0,0.6,0,-16.0
22300508,2024-01-08,1610612764,WAS,106.4,0.4556,0.34199999999999997,0.6054,39.4,27.4,11.8,-15.4,0.2,2024-01-08,1610612760,OKC,124.6,0.5318,0.42560000000000003,0.7878000000000001,41.6,30.6,12.0,6.8,0.6,0,-8.0
22300558,2024-01-15,1610612764,WAS,110.8,0.4598,0.3442,0.7405999999999999,42.8,28.0,15.0,-5.6,0.2,2024-01-15,1610612765,DET,110.2,0.47000000000000003,0.3408,0.7312000000000001,41.2,29.0,13.4,-13.2,0.0,0,-12.0
22300594,2024-01-20,1610612764,WAS,117.0,0.466,0.3712,0.8104000000000001,43.4,29.8,11.8,-0.8,0.2,2024-01-20,1610612759,SAS,113.6,0.4614,0.3604,0.766,42.2,29.2,12.4,-0.6,0.2,0,-4.0
22300602,2024-01-21,1610612764,WAS,116.8,0.46240000000000003,0.33940000000000003,0.812,45.0,29.0,11.2,0.0,0.2,2024-01-21,1610612743,DEN,115.2,0.5372,0.39799999999999996,0.7542,43.0,26.0,14.2,0.8,0.6,0,-9.0
22300620,2024-01-24,1610612764,WAS,116.8,0.46180000000000004,0.3534,0.8356,43.8,30.4,11.2,-0.2,0.2,2024-01-24,1610612750,MIN,114.6,0.5115999999999999,0.4492,0.721,41.6,28.6,14.8,3.6,0.6,0,-11.0
22300628,2024-01-25,1610612764,WAS,112.8,0.461,0.3618,0.8326,42.8,30.2,13.0,-8.0,0.0,2024-01-25,1610612762,UTA,128.6,0.483,0.361,0.8455999999999999,46.6,29.0,12.6,-0.2,0.4,0,-15.0
22300676,2024-01-31,1610612764,WAS,111.0,0.47680000000000006,0.32599999999999996,0.7758,43.8,30.6,14.4,-3.2,0.4,2024-01-31,1610612746,LAC,120.4,0.5035999999999999,0.3748,0.8196,45.2,28.8,10.6,10.2,0.8,0,-16.0
22300689,2024-02-02,1610612764,WAS,112.0,0.4838,0.3288,0.7455999999999999,44.8,28.2,14.4,-4.6,0.4,2024-02-02,1610612748,MIA,107.0,0.44160000000000005,0.38720000000000004,0.825,41.2,26.0,9.6,-12.4,0.2,0,-8.0
22300705,2024-02-04,1610612764,WAS,111.0,0.46980000000000005,0.29779999999999995,0.749,43.6,27.6,11.8,-4.0,0.4,2024-02-04,1610612756,PHX,120.6,0.5556,0.38939999999999997,0.7545999999999999,40.8,27.8,16.0,0.6,0.4,0,-28.0
22300728,2024-02-07,1610612764,WAS,111.8,0.47000000000000003,0.29500000000000004,0.7283999999999999,43.6,27.4,13.2,-6.6,0.4,2024-02-07,1610612739,CLE,121.4,0.5094,0.3848,0.8004000000000001,44.6,29.4,10.6,13.2,1.0,0,-8.0
22300753,2024-02-10,1610612764,WAS,111.6,0.4572,0.3234,0.7392000000000001,41.8,27.6,13.2,-12.8,0.0,2024-02-10,1610612755,PHI,115.0,0.44699999999999995,0.3422,0.8283999999999999,44.8,23.6,8.6,-11.4,0.2,0,-6.0
22300820,2024-02-25,1610612764,WAS,111.8,0.43200000000000005,0.34819999999999995,0.6981999999999999,43.2,28.0,15.4,-16.4,0.0,2024-02-25,1610612739,CLE,110.8,0.4928,0.3534,0.7478,40.4,31.0,11.0,2.2,0.4,0,-9.0
22300834,2024-02-27,1610612764,WAS,110.2,0.4232,0.33399999999999996,0.6901999999999999,43.4,28.2,14.2,-17.0,0.0,2024-02-27,1610612744,GSW,118.6,0.46299999999999997,0.3766,0.7848,46.2,32.6,13.8,2.6,0.6,0,-11.0
22300894,2024-03-06,1610612764,WAS,115.6,0.4688,0.3664,0.7828,41.6,30.6,13.6,-12.0,0.0,2024-03-06,1610612753,ORL,105.8,0.5254,0.3472,0.6588,44.6,23.4,17.4,10.4,0.8,0,-10.0
22300910,2024-03-08,1610612764,WAS,116.4,0.471,0.3696,0.8084,40.6,30.0,13.6,-12.2,0.0,2024-03-08,1610612766,CHA,98.6,0.4492,0.33340000000000003,0.8295999999999999,37.4,23.0,13.2,-14.8,0.0,1,12.0
22300980,2024-03-17,1610612764,WAS,107.2,0.4699999999999999,0.324,0.7454,37.2,28.4,13.4,-8.6,0.4,2024-03-17,1610612738,BOS,119.4,0.485,0.39139999999999997,0.7396,42.8,28.6,8.6,11.4,0.8,0,-26.0
22300992,2024-03-19,1610612764,WAS,105.6,0.46340000000000003,0.3464,0.7428000000000001,34.4,28.2,14.4,-16.2,0.2,2024-03-19,1610612745,HOU,118.0,0.49440000000000006,0.3782,0.7986,44.0,25.8,11.4,11.2,1.0,0,-23.0
22301005,2024-03-21,1610612764,WAS,106.4,0.453,0.34140000000000004,0.7474000000000001,35.2,26.0,13.4,-21.2,0.0,2024-03-21,1610612758,SAC,116.8,0.4744,0.35939999999999994,0.8034000000000001,49.8,29.6,12.8,17.0,0.8,1,7.0
22301022,2024-03-23,1610612764,WAS,108.8,0.46399999999999997,0.36019999999999996,0.7452,38.6,24.8,14.6,-17.4,0.2,2024-03-23,1610612761,TOR,99.0,0.45779999999999993,0.322,0.739,36.2,26.8,18.4,-17.6,0.0,1,3.0
22301050,2024-03-27,1610612764,WAS,109.2,0.45519999999999994,0.3358,0.7726,47.2,25.6,15.0,-7.4,0.6,2024-03-27,1610612751,BKN,100.6,0.43600000000000005,0.2874,0.7718,46.0,24.6,14.4,-6.2,0.2,0,-3.0
22301065,2024-03-29,1610612764,WAS,112.2,0.46399999999999997,0.3594,0.7542000000000001,48.0,26.0,14.4,-2.8,0.6,2024-03-29,1610612765,DET,99.2,0.4182,0.27,0.8119999999999999,42.4,21.0,14.6,-19.8,0.0,0,-9.0
22301081,2024-03-31,1610612764,WAS,106.8,0.4600000000000001,0.337,0.7542,48.6,25.6,16.0,0.0,0.6,2024-03-31,1610612748,MIA,110.0,0.465,0.3626,0.835,39.6,27.0,7.2,11.2,0.6,0,-12.0
22301095,2024-04-02,1610612764,WAS,106.4,0.4497999999999999,0.3148,0.7588,48.0,27.0,15.2,-3.8,0.4,2024-04-02,1610612749,MIL,115.8,0.4864,0.3306,0.6965999999999999,48.8,29.0,12.8,6.0,0.6,1,4.0
22301103,2024-04-03,1610612764,WAS,107.4,0.45520000000000005,0.2994,0.7868,45.8,26.6,13.8,-3.6,0.4,2024-04-03,1610612747,LAL,119.6,0.48240000000000005,0.36880000000000007,0.7687999999999999,51.4,29.4,16.2,5.2,0.8,0,-5.0
22301117,2024-04-05,1610612764,WAS,110.0,0.47379999999999994,0.32799999999999996,0.8048,43.2,25.4,14.8,-5.0,0.2,2024-04-05,1610612757,POR,94.4,0.4328,0.29100000000000004,0.7140000000000001,43.8,23.2,16.2,-18.0,0.2,0,-6.0
22301172,2024-04-12,1610612764,WAS,116.4,0.4796,0.3366,0.7889999999999999,42.4,26.2,13.0,-4.8,0.2,2024-04-12,1610612741,CHI,110.2,0.4878,0.31999999999999995,0.758,45.2,22.4,12.4,-1.6,0.4,0,-2.0
22300088,2023-10-28,1610612765,DET,112.6,0.46099999999999997,0.362,0.7283999999999999,53.0,27.2,18.6,1.2,0.6,2023-10-28,1610612741,CHI,103.4,0.42119999999999996,0.31139999999999995,0.7684,42.8,23.2,14.6,-9.2,0.2,1,16.0
22300115,2023-11-01,1610612765,DET,109.4,0.453,0.3912,0.7190000000000001,52.2,29.0,16.8,1.0,0.4,2023-11-01,1610612757,POR,102.2,0.4324,0.2646,0.7786000000000001,45.0,19.4,17.2,-9.6,0.2,0,-9.0
22300140,2023-11-05,1610612765,DET,111.6,0.4574,0.40380000000000005,0.8298,46.6,28.4,17.6,-0.4,0.4,2023-11-05,1610612756,PHX,111.2,0.47059999999999996,0.3558,0.8122,41.4,24.8,14.8,-1.4,0.2,0,-14.0
22300145,2023-11-06,1610612765,DET,110.6,0.4652,0.40679999999999994,0.8332,42.6,27.8,16.2,-5.6,0.2,2023-11-06,1610612744,GSW,116.6,0.46559999999999996,0.3922,0.76,46.2,29.8,14.6,6.2,0.8,0,-11.0
22300008,2023-11-10,1610612765,DET,110.0,0.4678,0.34859999999999997,0.8928,42.2,26.0,16.2,-9.0,0.0,2023-11-10,1610612755,PHI,120.8,0.48500000000000004,0.35440000000000005,0.8608,49.8,26.0,14.6,15.2,1.0,0,-8.0
22300018,2023-11-14,1610612765,DET,109.4,0.47119999999999995,0.33039999999999997,0.8746,44.4,26.0,15.8,-9.2,0.0,2023-11-14,1610612737,ATL,119.8,0.45520000000000005,0.34619999999999995,0.8283999999999999,50.4,25.2,16.8,2.2,0.6,0,-6.0
22300218,2023-11-20,1610612765,DET,109.4,0.4636,0.3156,0.7864,46.2,27.0,16.6,-12.4,0.0,2023-11-20,1610612743,DEN,108.4,0.4816,0.33520000000000005,0.6976000000000001,42.8,26.8,11.0,-2.8,0.4,0,-4.0
22300253,2023-11-27,1610612765,DET,109.8,0.4686,0.33399999999999996,0.8124,44.0,24.8,16.6,-14.0,0.0,2023-11-27,1610612764,WAS,115.6,0.48600000000000004,0.33399999999999996,0.8798,38.4,28.4,11.2,-13.6,0.0,0,-19.0
22300258,2023-11-29,1610612765,DET,107.2,0.4486,0.30720000000000003,0.8099999999999999,45.4,23.4,16.4,-16.6,0.0,2023-11-29,1610612747,LAL,110.4,0.4992,0.3096,0.744,44.2,28.8,15.2,-1.6,0.6,0,-26.0
22300283,2023-12-02,1610612765,DET,108.4,0.4574,0.3558,0.7888,43.2,24.4,16.4,-15.6,0.0,2023-12-02,1610612739,CLE,107.8,0.47400000000000003,0.3382,0.8597999999999999,42.0,27.2,16.0,-4.2,0.4,0,-9.0
22301206,2023-12-06,1610612765,DET,108.0,0.46259999999999996,0.3426,0.7346,44.4,25.0,16.0,-16.6,0.0,2023-12-06,1610612763,MEM,101.6,0.457,0.298,0.7577999999999999,42.6,22.6,14.0,-4.4,0.4,0,-14.0
22300293,2023-12-11,1610612765,DET,102.6,0.4568,0.3254,0.7727999999999999,42.0,24.2,16.2,-17.4,0.0,2023-12-11,1610612754,IND,127.0,0.4968,0.3374,0.7969999999999999,38.0,30.0,8.4,2.0,0.6,0,-8.0
22300310,2023-12-13,1610612765,DET,105.8,0.4856,0.311,0.7548,40.2,23.8,16.2,-13.8,0.0,2023-12-13,1610612755,PHI,127.0,0.5034000000000001,0.3934,0.8343999999999999,42.0,26.8,14.2,9.0,0.6,0,-18.0
22300374,2023-12-21,1610612765,DET,112.8,0.47800000000000004,0.29219999999999996,0.7734,35.8,23.4,13.0,-19.2,0.0,2023-12-21,1610612762,UTA,116.8,0.48440000000000005,0.3766,0.8202,44.8,28.0,13.6,0.0,0.6,0,-8.0
22300406,2023-12-26,1610612765,DET,111.2,0.477,0.3064,0.7868,38.2,23.4,15.0,-17.8,0.0,2023-12-26,1610612751,BKN,114.6,0.45780000000000004,0.387,0.7674,42.0,29.0,12.0,-6.8,0.2,0,-6.0
22300440,2023-12-30,1610612765,DET,116.8,0.4848,0.3628,0.7312,44.4,24.0,15.4,-7.4,0.0,2023-12-30,1610612761,TOR,116.8,0.4878,0.35860000000000003,0.7449999999999999,43.4,32.6,11.0,0.4,0.2,1,2.0
22300512,2024-01-09,1610612765,DET,122.6,0.48719999999999997,0.40199999999999997,0.7778,40.6,28.4,13.4,-9.6,0.2,2024-01-09,1610612758,SAC,120.0,0.47400000000000003,0.42699999999999994,0.6894,46.4,30.0,14.4,-0.2,0.6,0,-21.0
22300519,2024-01-10,1610612765,DET,118.8,0.4814,0.39180000000000004,0.7552000000000001,40.4,28.0,15.4,-14.2,0.0,2024-01-10,1610612759,SAS,112.6,0.4643999999999999,0.3484,0.7824,40.6,26.6,12.4,-10.6,0.0,0,-22.0
22300534,2024-01-12,1610612765,DET,117.8,0.4766,0.36479999999999996,0.7608,41.6,29.2,14.0,-14.0,0.0,2024-01-12,1610612745,HOU,110.2,0.44320000000000004,0.3658,0.7548,44.8,23.2,13.4,-4.8,0.4,0,-2.0
22300569,2024-01-17,1610612765,DET,114.2,0.49139999999999995,0.3592,0.719,43.6,30.0,14.2,-10.0,0.2,2024-01-17,1610612750,MIN,113.2,0.5108,0.3968,0.7322,46.4,27.6,14.4,6.8,0.6,0,-7.0
22300592,2024-01-20,1610612765,DET,114.8,0.5004000000000001,0.36160000000000003,0.7158,44.2,30.4,14.4,-8.0,0.2,2024-01-20,1610612749,MIL,123.6,0.49540000000000006,0.4142,0.7939999999999999,43.6,29.6,10.6,-2.2,0.6,0,-6.0
22300606,2024-01-22,1610612765,DET,119.8,0.4998,0.3996,0.726,44.2,31.0,11.8,-5.0,0.2,2024-01-22,1610612749,MIL,128.6,0.5166000000000001,0.3948,0.779,45.8,29.4,10.8,2.2,0.8,0,-9.0
22300619,2024-01-24,1610612765,DET,120.8,0.49800000000000005,0.40360000000000007,0.7308,44.0,29.4,11.8,-2.4,0.2,2024-01-24,1610612766,CHA,108.0,0.4640000000000001,0.3678,0.7866000000000001,42.6,24.8,13.8,-7.6,0.4,1,7.0
22300642,2024-01-27,1610612765,DET,121.4,0.49800000000000005,0.414,0.7258,43.6,28.2,11.2,-0.6,0.4,2024-01-27,1610612764,WAS,111.0,0.4662,0.31579999999999997,0.8008000000000001,43.2,30.8,13.6,-8.6,0.0,0,-14.0
22300654,2024-01-28,1610612765,DET,116.4,0.47380000000000005,0.3928,0.7336,42.2,26.6,11.6,-5.8,0.2,2024-01-28,1610612760,OKC,118.8,0.4952,0.36560000000000004,0.8321999999999999,42.0,27.6,12.2,12.4,1.0,1,16.0
22300688,2024-02-02,1610612765,DET,114.2,0.4870000000000001,0.3896,0.7498,43.8,25.4,12.8,-1.4,0.4,2024-02-02,1610612746,LAC,120.4,0.49639999999999995,0.3548,0.8228,46.6,28.6,10.2,11.2,0.8,0,-11.0
22300704,2024-02-04,1610612765,DET,116.6,0.4984,0.40800000000000003,0.7412,43.0,26.0,14.0,-1.8,0.4,2024-02-04,1610612753,ORL,112.8,0.47239999999999993,0.3564,0.7677999999999999,40.4,26.2,11.4,4.8,0.6,0,-12.0
22300814,2024-02-24,1610612765,DET,112.0,0.4508000000000001,0.3698,0.7222000000000001,48.2,27.2,14.8,-8.8,0.2,2024-02-24,1610612753,ORL,117.6,0.5317999999999999,0.4508,0.7958000000000001,40.4,27.4,14.4,6.6,0.8,0,-3.0
22300857,2024-03-01,1610612765,DET,108.0,0.47840000000000005,0.3934,0.675,42.8,25.8,16.2,-5.0,0.2,2024-03-01,1610612739,CLE,112.8,0.4902,0.3942,0.7054,41.8,32.4,13.0,-2.4,0.4,0,-10.0
22300902,2024-03-07,1610612765,DET,103.4,0.43340000000000006,0.32620000000000005,0.8326,40.2,24.4,13.0,-6.4,0.2,2024-03-07,1610612751,BKN,106.6,0.4600000000000001,0.39239999999999997,0.729,40.0,25.6,12.8,2.6,0.6,1,6.0
22300919,2024-03-09,1610612765,DET,104.8,0.44200000000000006,0.3128,0.8614,41.8,24.2,14.0,-4.8,0.4,2024-03-09,1610612742,DAL,119.2,0.4838,0.3454,0.799,44.6,24.4,11.2,-6.4,0.4,0,-18.0
22300933,2024-03-11,1610612765,DET,108.6,0.4344,0.3074,0.8816,43.6,25.2,14.2,-10.4,0.2,2024-03-11,1610612766,CHA,103.8,0.476,0.333,0.808,40.2,22.2,12.6,-5.0,0.2,1,17.0
22300946,2024-03-13,1610612765,DET,111.4,0.4556000000000001,0.2994,0.8936,45.4,25.6,15.0,-5.0,0.4,2024-03-13,1610612761,TOR,111.8,0.4568,0.348,0.7535999999999999,42.2,27.4,13.0,-11.8,0.2,1,9.0
22300962,2024-03-15,1610612765,DET,115.8,0.46740000000000015,0.32839999999999997,0.8784000000000001,51.4,26.0,16.8,1.2,0.6,2024-03-15,1610612748,MIA,104.4,0.46460000000000007,0.3638,0.7478,43.0,23.8,10.0,-3.8,0.2,0,-13.0
22300977,2024-03-17,1610612765,DET,112.8,0.46560000000000007,0.3238,0.8699999999999999,52.6,26.2,18.2,0.2,0.6,2024-03-17,1610612748,MIA,102.4,0.46040000000000003,0.3146,0.7165999999999999,43.4,23.0,9.8,-2.8,0.2,0,-3.0
22300997,2024-03-20,1610612765,DET,103.4,0.44720000000000004,0.3134,0.8422000000000001,48.8,25.0,14.8,-3.0,0.4,2024-03-20,1610612754,IND,117.0,0.48580000000000007,0.2834,0.8088,46.2,26.6,10.0,7.4,0.6,0,-19.0
22301011,2024-03-22,1610612765,DET,101.2,0.43400000000000005,0.30920000000000003,0.8188000000000001,47.8,24.4,15.4,-10.2,0.2,2024-03-22,1610612738,BOS,124.2,0.4826,0.4574,0.8257999999999999,42.4,28.2,9.6,17.0,1.0,0,-27.0
22301027,2024-03-24,1610612765,DET,99.0,0.4466,0.29379999999999995,0.8023999999999999,44.6,24.0,14.8,-17.4,0.0,2024-03-24,1610612740,NOP,111.8,0.515,0.3718,0.7862,43.2,28.4,12.0,9.6,0.8,0,-13.0
22301088,2024-04-01,1610612765,DET,97.8,0.4192,0.2766,0.812,42.6,20.2,14.2,-14.2,0.2,2024-04-01,1610612763,MEM,106.0,0.4136,0.3396,0.7470000000000001,44.0,25.4,14.8,-17.2,0.2,0,-2.0
22301166,2024-04-11,1610612765,DET,103.2,0.44600000000000006,0.3792,0.7332,37.6,22.6,12.8,-11.2,0.0,2024-04-11,1610612741,CHI,106.6,0.4866,0.3594,0.7448,45.4,22.8,14.0,-4.4,0.4,0,-22.0
12300038,2023-10-15,1610612766,CHA,100.5,0.3795,0.2315,0.7424999999999999,59.0,19.0,19.5,-5.0,0.0,2023-10-15,1610612760,OKC,123.5,0.418,0.36850000000000005,0.8075,45.5,25.5,12.0,-1.0,0.5,1,2.0
12300060,2023-10-19,1610612766,CHA,106.0,0.42733333333333334,0.25966666666666666,0.6920000000000001,53.666666666666664,22.0,17.0,-2.6666666666666665,0.3333333333333333,2023-10-19,1610612738,BOS,114.0,0.4495,0.356,0.806,48.0,22.0,15.75,6.25,0.75,0,-28.0
22300063,2023-10-25,1610612766,CHA,104.25,0.4255,0.2305,0.721,52.5,22.5,18.75,-9.0,0.25,2023-10-25,1610612737,ATL,107.8,0.45599999999999996,0.3402,0.7466,45.2,25.8,20.6,-2.2,0.6,1,6.0
22300077,2023-10-27,1610612766,CHA,106.6,0.4404,0.24379999999999996,0.7230000000000001,52.2,24.8,18.8,-6.0,0.4,2023-10-27,1610612765,DET,115.6,0.46900000000000003,0.35819999999999996,0.6839999999999999,52.2,28.2,17.2,-2.0,0.4,0,-12.0
22300101,2023-10-30,1610612766,CHA,104.6,0.438,0.2412,0.7123999999999999,50.0,25.0,19.2,-7.6,0.4,2023-10-30,1610612751,BKN,118.8,0.47539999999999993,0.44160000000000005,0.8108000000000001,48.6,29.2,16.6,4.2,0.4,0,-12.0
22300157,2023-11-08,1610612766,CHA,116.4,0.4788,0.3164,0.8012,41.6,25.4,12.8,-7.6,0.2,2023-11-08,1610612764,WAS,116.6,0.49219999999999997,0.356,0.6874,37.6,29.2,15.2,-9.2,0.2,0,-16.0
22300017,2023-11-14,1610612766,CHA,118.0,0.49420000000000003,0.3088,0.7186,46.8,24.4,12.4,-7.2,0.4,2023-11-14,1610612748,MIA,114.4,0.4894,0.3802,0.8858,41.0,27.2,14.8,5.4,1.0,0,-6.0
22300027,2023-11-17,1610612766,CHA,114.0,0.47620000000000007,0.3226,0.6822,47.6,24.0,13.4,-8.6,0.2,2023-11-17,1610612749,MIL,117.4,0.49380000000000007,0.3544,0.773,41.4,23.0,14.2,2.0,0.6,0,-31.0
22300202,2023-11-18,1610612766,CHA,110.2,0.4586,0.3154,0.7407999999999999,47.6,21.6,14.2,-13.6,0.2,2023-11-18,1610612752,NYK,117.8,0.4784,0.438,0.7332,42.8,25.0,9.2,10.0,0.8,0,-14.0
22300217,2023-11-20,1610612766,CHA,108.6,0.4524,0.3486,0.7614,45.4,24.0,12.8,-13.2,0.2,2023-11-20,1610612738,BOS,111.6,0.48840000000000006,0.37560000000000004,0.8061999999999999,43.4,25.8,11.8,10.8,1.0,1,3.0
22300225,2023-11-22,1610612766,CHA,108.0,0.44980000000000003,0.37239999999999995,0.8210000000000001,43.4,23.6,13.6,-14.0,0.2,2023-11-22,1610612764,WAS,109.2,0.47540000000000004,0.3394,0.8103999999999999,36.8,25.8,12.8,-11.8,0.0,1,3.0
22300281,2023-12-02,1610612766,CHA,115.0,0.4732,0.44000000000000006,0.7731999999999999,44.8,26.8,13.8,-6.0,0.6,2023-12-02,1610612750,MIN,109.8,0.4628,0.397,0.7926,45.4,26.0,14.8,7.2,0.8,0,-6.0
22301216,2023-12-08,1610612766,CHA,110.8,0.47359999999999997,0.437,0.8211999999999999,39.2,26.4,13.6,-10.6,0.2,2023-12-08,1610612761,TOR,105.2,0.42479999999999996,0.3094,0.7534,47.8,26.0,10.8,-6.0,0.2,1,3.0
22300292,2023-12-11,1610612766,CHA,111.2,0.479,0.4544,0.8732,38.2,27.0,13.0,-7.4,0.4,2023-12-11,1610612748,MIA,121.2,0.4998,0.41059999999999997,0.779,38.4,28.0,11.0,-3.0,0.4,0,-2.0
22300326,2023-12-15,1610612766,CHA,110.8,0.49640000000000006,0.4144,0.8954000000000001,34.2,28.4,14.0,-5.4,0.2,2023-12-15,1610612740,NOP,119.4,0.4814,0.3678,0.7936,43.2,25.6,11.6,-1.2,0.6,0,-5.0
22300335,2023-12-16,1610612766,CHA,108.8,0.4888,0.3764,0.8688,34.8,26.2,14.0,-5.2,0.2,2023-12-16,1610612755,PHI,131.0,0.4952,0.3686,0.8542,49.0,28.4,11.0,22.2,1.0,0,-53.0
22300390,2023-12-23,1610612766,CHA,101.0,0.4506,0.277,0.8555999999999999,35.8,20.2,12.4,-23.0,0.0,2023-12-23,1610612743,DEN,121.2,0.5014000000000001,0.40659999999999996,0.7638,45.4,29.6,7.8,12.4,0.8,0,-7.0
22300506,2024-01-08,1610612766,CHA,105.2,0.4568,0.3974,0.7667999999999999,38.2,25.6,12.4,-11.8,0.2,2024-01-08,1610612741,CHI,102.0,0.45200000000000007,0.29819999999999997,0.7412,46.2,22.0,13.2,-3.8,0.4,0,-7.0
22300518,2024-01-10,1610612766,CHA,105.2,0.4478,0.3874,0.8218,38.4,25.0,11.0,-9.0,0.2,2024-01-10,1610612758,SAC,121.6,0.4866,0.4088,0.6792,43.4,32.2,15.4,-2.2,0.6,0,-25.0
22300584,2024-01-19,1610612766,CHA,101.6,0.3936,0.3572,0.8182,43.0,22.2,13.0,-21.0,0.0,2024-01-19,1610612759,SAS,115.6,0.45359999999999995,0.3332,0.807,44.6,29.2,10.8,4.6,0.4,1,4.0
22300593,2024-01-20,1610612766,CHA,104.0,0.42040000000000005,0.3866,0.8168,42.2,22.0,14.0,-18.8,0.2,2024-01-20,1610612755,PHI,123.6,0.4824,0.4366,0.8622,42.4,24.8,9.8,8.2,0.8,0,-8.0
22300635,2024-01-26,1610612766,CHA,111.8,0.48200000000000004,0.398,0.7978,42.2,26.8,13.4,-5.6,0.4,2024-01-26,1610612745,HOU,114.8,0.46240000000000003,0.30300000000000005,0.7236,45.2,25.2,10.6,-7.6,0.2,0,-34.0
22300647,2024-01-27,1610612766,CHA,110.2,0.47780000000000006,0.37560000000000004,0.7874,40.4,25.0,13.4,-8.4,0.4,2024-01-27,1610612762,UTA,126.8,0.49560000000000004,0.38,0.8276,46.6,30.2,13.6,1.4,0.4,0,-12.0
22300657,2024-01-29,1610612766,CHA,109.8,0.46799999999999997,0.3464,0.7552,39.4,27.0,12.0,-11.6,0.2,2024-01-29,1610612752,NYK,118.8,0.5018,0.3912,0.827,48.0,24.2,13.2,17.8,1.0,0,-21.0
22300674,2024-01-31,1610612766,CHA,110.4,0.47700000000000004,0.3666,0.7123999999999999,38.2,27.0,11.4,-14.2,0.2,2024-01-31,1610612741,CHI,116.2,0.5016,0.344,0.7594000000000001,42.2,26.4,11.6,3.0,0.4,0,-7.0
22300707,2024-02-04,1610612766,CHA,106.8,0.454,0.372,0.7066000000000001,36.6,25.0,11.8,-18.8,0.0,2024-02-04,1610612754,IND,120.0,0.49540000000000006,0.3452,0.7572,45.0,28.4,12.8,-2.4,0.4,0,-16.0
22300713,2024-02-05,1610612766,CHA,105.8,0.45120000000000005,0.3652,0.7184,38.8,24.6,11.2,-15.2,0.0,2024-02-05,1610612747,LAL,122.6,0.48100000000000004,0.3966,0.7284,43.4,29.0,11.4,-2.8,0.6,0,-6.0
22300726,2024-02-07,1610612766,CHA,105.0,0.44699999999999995,0.3652,0.7328,38.6,22.8,11.0,-14.0,0.0,2024-02-07,1610612761,TOR,115.2,0.47400000000000003,0.4046,0.8004,41.4,29.0,15.2,-13.0,0.2,0,-6.0
22300751,2024-02-10,1610612766,CHA,104.8,0.433,0.35700000000000004,0.7566,39.6,22.0,11.2,-16.8,0.0,2024-02-10,1610612763,MEM,103.2,0.43360000000000004,0.3736,0.7325999999999999,39.0,26.6,14.4,-17.0,0.0,1,9.0
22300761,2024-02-12,1610612766,CHA,106.6,0.4584,0.3698,0.7565999999999999,41.2,23.6,12.2,-11.0,0.2,2024-02-12,1610612754,IND,120.6,0.5498000000000001,0.4034,0.7074,36.8,30.6,14.8,0.0,0.6,1,9.0
22300777,2024-02-14,1610612766,CHA,109.0,0.4862,0.3734,0.7512,41.8,25.4,13.4,-6.0,0.4,2024-02-14,1610612737,ATL,127.2,0.48019999999999996,0.3882,0.8236000000000001,43.6,29.6,11.0,-1.6,0.4,1,23.0
22300849,2024-02-29,1610612766,CHA,99.8,0.4312,0.346,0.796,41.8,24.8,13.2,-1.4,0.6,2024-02-29,1610612749,MIL,112.2,0.48900000000000005,0.364,0.8009999999999999,45.4,26.6,13.6,7.0,0.6,0,-12.0
22300885,2024-03-05,1610612766,CHA,99.4,0.45620000000000005,0.31899999999999995,0.7707999999999999,39.4,24.0,12.2,-9.8,0.2,2024-03-05,1610612753,ORL,108.0,0.516,0.373,0.6856,45.6,23.8,16.0,8.6,0.8,0,-12.0
22300918,2024-03-09,1610612766,CHA,101.6,0.45520000000000005,0.3212,0.8113999999999999,39.6,21.8,12.0,-9.6,0.0,2024-03-09,1610612751,BKN,112.8,0.47919999999999996,0.42379999999999995,0.7162,38.6,26.8,11.6,6.8,0.6,1,11.0
22300961,2024-03-15,1610612766,CHA,101.2,0.4648,0.3262,0.7708,39.8,23.2,14.8,-3.6,0.4,2024-03-15,1610612756,PHX,114.6,0.4958,0.378,0.7353999999999999,47.0,26.4,12.8,-0.4,0.6,0,-11.0
22301048,2024-03-27,1610612766,CHA,93.8,0.42919999999999997,0.2796,0.7688,38.0,21.4,12.2,-21.2,0.0,2024-03-27,1610612739,CLE,100.4,0.4628,0.3396,0.754,38.8,28.8,13.2,-5.0,0.4,1,7.0
22301062,2024-03-29,1610612766,CHA,98.2,0.47059999999999996,0.32599999999999996,0.7752000000000001,36.0,23.4,14.4,-17.6,0.2,2024-03-29,1610612744,GSW,114.4,0.48600000000000004,0.3608,0.6472,49.6,29.4,10.8,6.8,0.6,0,-18.0
22301079,2024-03-31,1610612766,CHA,98.0,0.4614,0.3136,0.7612,36.2,23.8,13.4,-19.0,0.2,2024-03-31,1610612746,LAC,111.2,0.504,0.36060000000000003,0.8294,39.4,25.2,12.0,-3.8,0.6,0,-12.0
22301087,2024-04-01,1610612766,CHA,103.2,0.46519999999999995,0.33999999999999997,0.7328,36.4,26.4,11.8,-17.4,0.2,2024-04-01,1610612738,BOS,119.4,0.49800000000000005,0.37539999999999996,0.8088,41.6,27.0,10.0,9.4,0.6,0,-14.0
22301102,2024-04-03,1610612766,CHA,105.8,0.472,0.3538,0.7535999999999999,36.6,27.0,10.4,-12.0,0.2,2024-04-03,1610612757,POR,98.8,0.44560000000000005,0.3086,0.757,41.8,24.8,16.2,-19.2,0.0,0,-3.0
22301115,2024-04-05,1610612766,CHA,104.6,0.469,0.3218,0.7415999999999999,37.2,27.0,10.0,-8.0,0.2,2024-04-05,1610612753,ORL,105.8,0.46799999999999997,0.3816,0.7276,40.4,25.2,13.4,5.8,0.6,1,9.0
22301135,2024-04-07,1610612766,CHA,105.8,0.4726,0.343,0.7869999999999999,36.8,26.8,10.6,-7.6,0.2,2024-04-07,1610612760,OKC,111.6,0.489,0.34459999999999996,0.8088,38.8,27.4,12.8,-5.4,0.4,0,-3.0
22301144,2024-04-09,1610612766,CHA,110.0,0.5,0.3758,0.8026,35.8,28.0,12.0,-4.6,0.2,2024-04-09,1610612742,DAL,117.8,0.475,0.3982,0.745,46.0,24.4,15.2,8.2,0.8,0,-26.0
32300006,2024-02-16,1610616849,JAL,40.0,0.63,0.5,0.429,19.0,7.0,9.0,12.0,1.0,2024-02-16,1610616848,DLF,41.0,0.45,0.188,0.4,21.0,10.0,7.0,-2.0,1.0,1,7.0
